country,lat,lon,population
portugal,37.1,-8.9,3447.0
portugal,37.1,-8.8,12868.0
portugal,37.1,-8.1,31415.0
portugal,37.1,-8.0,38830.0
portugal,37.1,-7.9,60677.0
portugal,37.1,-7.8,42731.0
portugal,37.1,-7.7,11067.0
portugal,37.2,-8.8,276.0
portugal,37.2,-8.7,23030.0
portugal,37.2,-8.6,11122.0
portugal,37.2,-8.5,69955.0
portugal,37.2,-8.4,20642.0
portugal,37.2,-8.3,46433.0
portugal,37.2,-8.2,13524.0
portugal,37.2,-8.1,3172.0
portugal,37.2,-8.0,3685.0
portugal,37.2,-7.9,9753.0
portugal,37.2,-7.8,493.0
portugal,37.2,-7.7,1128.0
portugal,37.2,-7.6,15863.0
portugal,37.2,-7.5,10793.0
portugal,37.3,-8.8,4134.0
portugal,37.3,-8.7,571.0
portugal,37.3,-8.6,1142.0
portugal,37.3,-8.5,3557.0
portugal,37.3,-8.4,289.0
portugal,37.3,-8.3,3874.0
portugal,37.3,-8.2,1434.0
portugal,37.3,-8.1,869.0
portugal,37.3,-8.0,279.0
portugal,37.3,-7.9,319.0
portugal,37.3,-7.8,330.0
portugal,37.3,-7.7,352.0
portugal,37.3,-7.6,252.0
portugal,37.3,-7.5,595.0
portugal,37.4,-8.7,2080.0
portugal,37.4,-8.6,338.0
portugal,37.4,-8.5,322.0
portugal,37.4,-8.4,847.0
portugal,37.4,-8.3,355.0
portugal,37.4,-8.2,206.0
portugal,37.4,-8.1,214.0
portugal,37.4,-8.0,513.0
portugal,37.4,-7.9,314.0
portugal,37.4,-7.8,730.0
portugal,37.4,-7.7,220.0
portugal,37.4,-7.6,137.0
portugal,37.4,-7.5,292.0
portugal,37.5,-8.7,5910.0
portugal,37.5,-8.6,393.0
portugal,37.5,-8.5,866.0
portugal,37.5,-8.4,125.0
portugal,37.5,-8.3,533.0
portugal,37.5,-8.2,312.0
portugal,37.5,-8.1,3672.0
portugal,37.5,-8.0,395.0
portugal,37.5,-7.9,262.0
portugal,37.5,-7.8,252.0
portugal,37.5,-7.7,412.0
portugal,37.5,-7.6,176.0
portugal,37.5,-7.5,4.0
portugal,37.6,-8.8,1627.0
portugal,37.6,-8.7,5504.0
portugal,37.6,-8.6,2270.0
portugal,37.6,-8.5,313.0
portugal,37.6,-8.4,392.0
portugal,37.6,-8.3,656.0
portugal,37.6,-8.2,219.0
portugal,37.6,-8.1,1134.0
portugal,37.6,-8.0,662.0
portugal,37.6,-7.9,431.0
portugal,37.6,-7.8,377.0
portugal,37.6,-7.7,218.0
portugal,37.6,-7.6,2169.0
portugal,37.7,-8.7,1882.0
portugal,37.7,-8.6,341.0
portugal,37.7,-8.5,1369.0
portugal,37.7,-8.4,1603.0
portugal,37.7,-8.3,305.0
portugal,37.7,-8.2,2072.0
portugal,37.7,-8.1,4619.0
portugal,37.7,-8.0,429.0
portugal,37.7,-7.9,102.0
portugal,37.7,-7.8,469.0
portugal,37.7,-7.7,197.0
portugal,37.7,-7.6,265.0
portugal,37.7,-7.5,59.0
portugal,37.8,-8.8,6170.0
portugal,37.8,-8.7,2816.0
portugal,37.8,-8.6,608.0
portugal,37.8,-8.5,540.0
portugal,37.8,-8.4,245.0
portugal,37.8,-8.3,368.0
portugal,37.8,-8.2,1108.0
portugal,37.8,-8.1,92.0
portugal,37.8,-8.0,544.0
portugal,37.8,-7.9,303.0
portugal,37.8,-7.8,9.0
portugal,37.8,-7.7,75.0
portugal,37.8,-7.6,102.0
portugal,37.8,-7.5,293.0
portugal,37.9,-8.7,574.0
portugal,37.9,-8.6,487.0
portugal,37.9,-8.5,554.0
portugal,37.9,-8.4,1131.0
portugal,37.9,-8.3,11.0
portugal,37.9,-8.2,6815.0
portugal,37.9,-8.1,325.0
portugal,37.9,-8.0,13.0
portugal,37.9,-7.9,879.0
portugal,37.9,-7.8,2063.0
portugal,37.9,-7.7,203.0
portugal,37.9,-7.6,2644.0
portugal,37.9,-7.5,654.0
portugal,37.9,-7.4,2229.0
portugal,38.0,-8.8,20612.0
portugal,38.0,-8.7,7299.0
portugal,38.0,-8.6,812.0
portugal,38.0,-8.5,303.0
portugal,38.0,-8.4,3205.0
portugal,38.0,-8.3,580.0
portugal,38.0,-8.2,545.0
portugal,38.0,-8.1,1023.0
portugal,38.0,-8.0,770.0
portugal,38.0,-7.9,23819.0
portugal,38.0,-7.8,2267.0
portugal,38.0,-7.7,912.0
portugal,38.0,-7.6,2256.0
portugal,38.0,-7.5,2458.0
portugal,38.0,-7.4,831.0
portugal,38.0,-7.3,882.0
portugal,38.1,-8.7,3298.0
portugal,38.1,-8.6,776.0
portugal,38.1,-8.5,370.0
portugal,38.1,-8.4,197.0
portugal,38.1,-8.3,299.0
portugal,38.1,-8.2,914.0
portugal,38.1,-8.1,4790.0
portugal,38.1,-8.0,1500.0
portugal,38.1,-7.9,1870.0
portugal,38.1,-7.8,133.0
portugal,38.1,-7.7,596.0
portugal,38.1,-7.6,1130.0
portugal,38.1,-7.5,1169.0
portugal,38.1,-7.4,6560.0
portugal,38.1,-7.3,52.0
portugal,38.1,-7.2,1030.0
portugal,38.1,-7.1,0.0
portugal,38.2,-8.7,1225.0
portugal,38.2,-8.6,8217.0
portugal,38.2,-8.5,1161.0
portugal,38.2,-8.4,289.0
portugal,38.2,-8.3,202.0
portugal,38.2,-8.2,18.0
portugal,38.2,-8.1,473.0
portugal,38.2,-8.0,19.0
portugal,38.2,-7.9,3102.0
portugal,38.2,-7.8,4563.0
portugal,38.2,-7.7,703.0
portugal,38.2,-7.6,244.0
portugal,38.2,-7.5,22.0
portugal,38.2,-7.4,19.0
portugal,38.2,-7.3,1004.0
portugal,38.2,-7.2,2001.0
portugal,38.3,-8.7,1701.0
portugal,38.3,-8.6,81.0
portugal,38.3,-8.5,778.0
portugal,38.3,-8.4,76.0
portugal,38.3,-8.3,26.0
portugal,38.3,-8.2,1510.0
portugal,38.3,-8.1,1060.0
portugal,38.3,-8.0,3709.0
portugal,38.3,-7.9,561.0
portugal,38.3,-7.8,25.0
portugal,38.3,-7.7,2402.0
portugal,38.3,-7.6,280.0
portugal,38.3,-7.5,462.0
portugal,38.3,-7.4,348.0
portugal,38.3,-7.3,27.0
portugal,38.4,-8.7,1040.0
portugal,38.4,-8.6,192.0
portugal,38.4,-8.5,5913.0
portugal,38.4,-8.4,252.0
portugal,38.4,-8.3,20.0
portugal,38.4,-8.2,55.0
portugal,38.4,-8.1,1959.0
portugal,38.4,-8.0,871.0
portugal,38.4,-7.9,850.0
portugal,38.4,-7.8,16.0
portugal,38.4,-7.7,1919.0
portugal,38.4,-7.6,5700.0
portugal,38.4,-7.5,2764.0
portugal,38.4,-7.4,552.0
portugal,38.5,-9.1,26925.0
portugal,38.5,-9.0,17226.0
portugal,38.5,-8.7,105.0
portugal,38.5,-8.6,219.0
portugal,38.5,-8.5,380.0
portugal,38.5,-8.4,138.0
portugal,38.5,-8.3,471.0
portugal,38.5,-8.2,954.0
portugal,38.5,-8.1,94.0
portugal,38.5,-8.0,448.0
portugal,38.5,-7.9,9455.0
portugal,38.5,-7.8,118.0
portugal,38.5,-7.7,12.0
portugal,38.5,-7.6,1339.0
portugal,38.5,-7.5,1775.0
portugal,38.5,-7.4,733.0
portugal,38.6,-9.2,47963.0
portugal,38.6,-9.1,237440.0
portugal,38.6,-9.0,38821.0
portugal,38.6,-8.9,129500.0
portugal,38.6,-8.8,19264.0
portugal,38.6,-8.7,3782.0
portugal,38.6,-8.6,524.0
portugal,38.6,-8.5,353.0
portugal,38.6,-8.4,449.0
portugal,38.6,-8.3,290.0
portugal,38.6,-8.2,9249.0
portugal,38.6,-8.1,1050.0
portugal,38.6,-8.0,1995.0
portugal,38.6,-7.9,35857.0
portugal,38.6,-7.8,1116.0
portugal,38.6,-7.7,839.0
portugal,38.6,-7.6,783.0
portugal,38.6,-7.5,166.0
portugal,38.6,-7.4,1138.0
portugal,38.6,-7.3,209.0
portugal,38.7,-9.3,268098.0
portugal,38.7,-9.2,515476.0
portugal,38.7,-9.0,142874.0
portugal,38.7,-8.9,27124.0
portugal,38.7,-8.8,1051.0
portugal,38.7,-8.7,2566.0
portugal,38.7,-8.6,3229.0
portugal,38.7,-8.5,10310.0
portugal,38.7,-8.4,163.0
portugal,38.7,-8.3,1484.0
portugal,38.7,-8.2,422.0
portugal,38.7,-8.1,342.0
portugal,38.7,-8.0,3121.0
portugal,38.7,-7.9,1000.0
portugal,38.7,-7.8,906.0
portugal,38.7,-7.7,281.0
portugal,38.7,-7.6,4136.0
portugal,38.7,-7.5,1539.0
portugal,38.7,-7.4,1913.0
portugal,38.7,-7.3,260.0
portugal,38.8,-9.4,154868.0
portugal,38.8,-9.3,191704.0
portugal,38.8,-9.2,682847.0
portugal,38.8,-8.9,11901.0
portugal,38.8,-8.8,9.0
portugal,38.8,-8.7,555.0
portugal,38.8,-8.6,1330.0
portugal,38.8,-8.5,192.0
portugal,38.8,-8.4,1300.0
portugal,38.8,-8.3,617.0
portugal,38.8,-8.2,157.0
portugal,38.8,-8.1,409.0
portugal,38.8,-8.0,291.0
portugal,38.8,-7.9,288.0
portugal,38.8,-7.8,1408.0
portugal,38.8,-7.7,653.0
portugal,38.8,-7.6,5959.0
portugal,38.8,-7.5,5634.0
portugal,38.8,-7.4,6481.0
portugal,38.8,-7.3,1418.0
portugal,38.9,-9.4,39478.0
portugal,38.9,-9.3,15325.0
portugal,38.9,-9.2,46089.0
portugal,38.9,-9.1,116482.0
portugal,38.9,-9.0,83520.0
portugal,38.9,-8.9,17440.0
portugal,38.9,-8.8,1358.0
portugal,38.9,-8.7,2221.0
portugal,38.9,-8.6,1220.0
portugal,38.9,-8.5,4574.0
portugal,38.9,-8.4,741.0
portugal,38.9,-8.3,35.0
portugal,38.9,-8.2,1421.0
portugal,38.9,-8.1,968.0
portugal,38.9,-8.0,545.0
portugal,38.9,-7.9,174.0
portugal,38.9,-7.8,913.0
portugal,38.9,-7.7,316.0
portugal,38.9,-7.6,3244.0
portugal,38.9,-7.5,1458.0
portugal,38.9,-7.4,941.0
portugal,38.9,-7.3,1905.0
portugal,38.9,-7.2,15822.0
portugal,38.9,-7.1,19.0
portugal,39.0,-9.4,25387.0
portugal,39.0,-9.3,14073.0
portugal,39.0,-9.2,11762.0
portugal,39.0,-9.1,19137.0
portugal,39.0,-9.0,37133.0
portugal,39.0,-8.9,33.0
portugal,39.0,-8.8,14829.0
portugal,39.0,-8.7,7135.0
portugal,39.0,-8.6,1669.0
portugal,39.0,-8.5,3909.0
portugal,39.0,-8.4,724.0
portugal,39.0,-8.3,1940.0
portugal,39.0,-8.2,1057.0
portugal,39.0,-8.1,18.0
portugal,39.0,-8.0,60.0
portugal,39.0,-7.9,446.0
portugal,39.0,-7.8,1751.0
portugal,39.0,-7.7,1249.0
portugal,39.0,-7.6,1029.0
portugal,39.0,-7.5,255.0
portugal,39.0,-7.4,38.0
portugal,39.0,-7.3,6.0
portugal,39.0,-7.2,1715.0
portugal,39.0,-7.1,7226.0
portugal,39.0,-7.0,92.0
portugal,39.1,-9.3,43474.0
portugal,39.1,-9.2,16964.0
portugal,39.1,-9.1,8334.0
portugal,39.1,-9.0,7987.0
portugal,39.1,-8.9,12147.0
portugal,39.1,-8.8,4031.0
portugal,39.1,-8.7,8011.0
portugal,39.1,-8.6,3774.0
portugal,39.1,-8.5,860.0
portugal,39.1,-8.4,744.0
portugal,39.1,-8.3,92.0
portugal,39.1,-8.2,634.0
portugal,39.1,-8.1,1178.0
portugal,39.1,-8.0,821.0
portugal,39.1,-7.9,2287.0
portugal,39.1,-7.8,7.0
portugal,39.1,-7.7,1676.0
portugal,39.1,-7.6,939.0
portugal,39.1,-7.5,589.0
portugal,39.1,-7.4,1260.0
portugal,39.1,-7.3,1804.0
portugal,39.1,-7.2,50.0
portugal,39.2,-9.3,27251.0
portugal,39.2,-9.2,3658.0
portugal,39.2,-9.1,11845.0
portugal,39.2,-9.0,4474.0
portugal,39.2,-8.9,8618.0
portugal,39.2,-8.8,18912.0
portugal,39.2,-8.7,31151.0
portugal,39.2,-8.6,17887.0
portugal,39.2,-8.5,1795.0
portugal,39.2,-8.4,746.0
portugal,39.2,-8.3,33.0
portugal,39.2,-8.2,690.0
portugal,39.2,-8.1,310.0
portugal,39.2,-8.0,5803.0
portugal,39.2,-7.9,792.0
portugal,39.2,-7.8,345.0
portugal,39.2,-7.7,2025.0
portugal,39.2,-7.6,2.0
portugal,39.2,-7.5,26.0
portugal,39.2,-7.4,1273.0
portugal,39.2,-7.3,999.0
portugal,39.3,-9.3,30290.0
portugal,39.3,-9.2,14380.0
portugal,39.3,-9.1,8871.0
portugal,39.3,-9.0,3479.0
portugal,39.3,-8.9,12799.0
portugal,39.3,-8.8,4774.0
portugal,39.3,-8.7,7409.0
portugal,39.3,-8.6,8700.0
portugal,39.3,-8.5,1314.0
portugal,39.3,-8.4,116.0
portugal,39.3,-8.3,732.0
portugal,39.3,-8.2,838.0
portugal,39.3,-8.1,584.0
portugal,39.3,-8.0,4931.0
portugal,39.3,-7.9,215.0
portugal,39.3,-7.8,669.0
portugal,39.3,-7.7,987.0
portugal,39.3,-7.6,1335.0
portugal,39.3,-7.5,1669.0
portugal,39.3,-7.4,17699.0
portugal,39.3,-7.3,550.0
portugal,39.4,-9.2,7628.0
portugal,39.4,-9.1,38264.0
portugal,39.4,-9.0,14617.0
portugal,39.4,-8.9,3949.0
portugal,39.4,-8.8,4921.0
portugal,39.4,-8.7,5820.0
portugal,39.4,-8.6,4285.0
portugal,39.4,-8.5,8608.0
portugal,39.4,-8.4,2371.0
portugal,39.4,-8.3,1589.0
portugal,39.4,-8.2,3862.0
portugal,39.4,-8.1,1788.0
portugal,39.4,-8.0,82.0
portugal,39.4,-7.9,1139.0
portugal,39.4,-7.8,772.0
portugal,39.4,-7.7,1606.0
portugal,39.4,-7.6,888.0
portugal,39.4,-7.5,3300.0
portugal,39.4,-7.4,1033.0
portugal,39.5,-9.1,11611.0
portugal,39.5,-9.0,18685.0
portugal,39.5,-8.9,4701.0
portugal,39.5,-8.8,2378.0
portugal,39.5,-8.7,10782.0
portugal,39.5,-8.6,16546.0
portugal,39.5,-8.5,25211.0
portugal,39.5,-8.4,16481.0
portugal,39.5,-8.3,7966.0
portugal,39.5,-8.2,17948.0
portugal,39.5,-8.1,4569.0
portugal,39.5,-8.0,4001.0
portugal,39.5,-7.9,462.0
portugal,39.5,-7.8,204.0
portugal,39.5,-7.7,1706.0
portugal,39.5,-7.6,1512.0
portugal,39.5,-7.5,563.0
portugal,39.6,-9.0,18067.0
portugal,39.6,-8.9,12732.0
portugal,39.6,-8.8,13728.0
portugal,39.6,-8.7,15085.0
portugal,39.6,-8.6,5167.0
portugal,39.6,-8.5,10405.0
portugal,39.6,-8.4,22538.0
portugal,39.6,-8.3,2490.0
portugal,39.6,-8.2,2158.0
portugal,39.6,-8.1,1706.0
portugal,39.6,-8.0,2136.0
portugal,39.6,-7.9,892.0
portugal,39.6,-7.8,562.0
portugal,39.6,-7.7,370.0
portugal,39.6,-7.6,136.0
portugal,39.7,-9.0,5663.0
portugal,39.7,-8.9,43316.0
portugal,39.7,-8.8,39577.0
portugal,39.7,-8.7,15710.0
portugal,39.7,-8.6,14206.0
portugal,39.7,-8.5,5414.0
portugal,39.7,-8.4,3564.0
portugal,39.7,-8.3,5630.0
portugal,39.7,-8.2,1072.0
portugal,39.7,-8.1,1968.0
portugal,39.7,-8.0,1305.0
portugal,39.7,-7.9,792.0
portugal,39.7,-7.8,575.0
portugal,39.7,-7.7,1919.0
portugal,39.7,-7.6,913.0
portugal,39.7,-7.5,145.0
portugal,39.7,-7.4,19.0
portugal,39.7,-7.3,320.0
portugal,39.7,-7.2,43.0
portugal,39.7,-7.1,353.0
portugal,39.8,-8.9,12567.0
portugal,39.8,-8.8,43466.0
portugal,39.8,-8.7,10272.0
portugal,39.8,-8.6,4162.0
portugal,39.8,-8.5,3686.0
portugal,39.8,-8.4,3080.0
portugal,39.8,-8.3,2355.0
portugal,39.8,-8.2,4094.0
portugal,39.8,-8.1,6316.0
portugal,39.8,-8.0,777.0
portugal,39.8,-7.9,4457.0
portugal,39.8,-7.8,1263.0
portugal,39.8,-7.7,831.0
portugal,39.8,-7.6,2211.0
portugal,39.8,-7.5,34286.0
portugal,39.8,-7.4,16.0
portugal,39.8,-7.3,746.0
portugal,39.8,-7.2,288.0
portugal,39.8,-7.1,1.0
portugal,39.8,-7.0,1.0
portugal,39.9,-8.9,15462.0
portugal,39.9,-8.8,8279.0
portugal,39.9,-8.7,6072.0
portugal,39.9,-8.6,18613.0
portugal,39.9,-8.5,5025.0
portugal,39.9,-8.4,5646.0
portugal,39.9,-8.3,6293.0
portugal,39.9,-8.2,2179.0
portugal,39.9,-8.1,3711.0
portugal,39.9,-8.0,1126.0
portugal,39.9,-7.9,1893.0
portugal,39.9,-7.8,286.0
portugal,39.9,-7.7,507.0
portugal,39.9,-7.6,1499.0
portugal,39.9,-7.5,2784.0
portugal,39.9,-7.4,5185.0
portugal,39.9,-7.3,2222.0
portugal,39.9,-7.2,43.0
portugal,39.9,-7.1,1031.0
portugal,39.9,-7.0,218.0
portugal,40.0,-8.9,956.0
portugal,40.0,-8.8,10932.0
portugal,40.0,-8.7,6863.0
portugal,40.0,-8.6,5336.0
portugal,40.0,-8.5,3473.0
portugal,40.0,-8.4,4390.0
portugal,40.0,-8.3,2740.0
portugal,40.0,-8.2,3035.0
portugal,40.0,-8.1,981.0
portugal,40.0,-8.0,545.0
portugal,40.0,-7.9,822.0
portugal,40.0,-7.8,1528.0
portugal,40.0,-7.7,377.0
portugal,40.0,-7.6,2006.0
portugal,40.0,-7.5,1097.0
portugal,40.0,-7.4,1025.0
portugal,40.0,-7.3,1135.0
portugal,40.0,-7.2,327.0
portugal,40.0,-7.1,672.0
portugal,40.0,-7.0,586.0
portugal,40.1,-8.8,14607.0
portugal,40.1,-8.7,5703.0
portugal,40.1,-8.6,8658.0
portugal,40.1,-8.5,15594.0
portugal,40.1,-8.4,4456.0
portugal,40.1,-8.3,20642.0
portugal,40.1,-8.2,3044.0
portugal,40.1,-8.1,485.0
portugal,40.1,-8.0,951.0
portugal,40.1,-7.9,377.0
portugal,40.1,-7.8,1706.0
portugal,40.1,-7.7,2229.0
portugal,40.1,-7.6,2097.0
portugal,40.1,-7.5,3384.0
portugal,40.1,-7.4,2748.0
portugal,40.1,-7.3,615.0
portugal,40.1,-7.2,1512.0
portugal,40.1,-7.1,798.0
portugal,40.1,-7.0,30.0
portugal,40.2,-8.8,34309.0
portugal,40.2,-8.7,10313.0
portugal,40.2,-8.6,11515.0
portugal,40.2,-8.5,36976.0
portugal,40.2,-8.4,75257.0
portugal,40.2,-8.3,6355.0
portugal,40.2,-8.2,8840.0
portugal,40.2,-8.1,6021.0
portugal,40.2,-8.0,2078.0
portugal,40.2,-7.9,756.0
portugal,40.2,-7.8,569.0
portugal,40.2,-7.7,1165.0
portugal,40.2,-7.6,4102.0
portugal,40.2,-7.5,21958.0
portugal,40.2,-7.4,1741.0
portugal,40.2,-7.3,767.0
portugal,40.2,-7.2,1695.0
portugal,40.2,-7.1,573.0
portugal,40.3,-8.8,3599.0
portugal,40.3,-8.7,8929.0
portugal,40.3,-8.6,9522.0
portugal,40.3,-8.5,10114.0
portugal,40.3,-8.4,24036.0
portugal,40.3,-8.3,7103.0
portugal,40.3,-8.2,2385.0
portugal,40.3,-8.1,3152.0
portugal,40.3,-8.0,4704.0
portugal,40.3,-7.9,3986.0
portugal,40.3,-7.8,3343.0
portugal,40.3,-7.7,1728.0
portugal,40.3,-7.6,1591.0
portugal,40.3,-7.5,25897.0
portugal,40.3,-7.4,3840.0
portugal,40.3,-7.3,1246.0
portugal,40.3,-7.2,1056.0
portugal,40.3,-7.1,726.0
portugal,40.3,-7.0,485.0
portugal,40.3,-6.9,1397.0
portugal,40.4,-8.8,3063.0
portugal,40.4,-8.7,14360.0
portugal,40.4,-8.6,8097.0
portugal,40.4,-8.5,17495.0
portugal,40.4,-8.4,14893.0
portugal,40.4,-8.3,2053.0
portugal,40.4,-8.2,7315.0
portugal,40.4,-8.1,8614.0
portugal,40.4,-8.0,7404.0
portugal,40.4,-7.9,14622.0
portugal,40.4,-7.8,4764.0
portugal,40.4,-7.7,11099.0
portugal,40.4,-7.6,4111.0
portugal,40.4,-7.5,1066.0
portugal,40.4,-7.4,3981.0
portugal,40.4,-7.3,3199.0
portugal,40.4,-7.2,798.0
portugal,40.4,-7.1,3076.0
portugal,40.4,-7.0,1343.0
portugal,40.4,-6.9,1042.0
portugal,40.5,-8.7,12523.0
portugal,40.5,-8.6,18362.0
portugal,40.5,-8.5,16725.0
portugal,40.5,-8.4,8604.0
portugal,40.5,-8.3,585.0
portugal,40.5,-8.2,3473.0
portugal,40.5,-8.1,10613.0
portugal,40.5,-8.0,6236.0
portugal,40.5,-7.9,11494.0
portugal,40.5,-7.8,4566.0
portugal,40.5,-7.7,4881.0
portugal,40.5,-7.6,5463.0
portugal,40.5,-7.5,1725.0
portugal,40.5,-7.4,1406.0
portugal,40.5,-7.3,4366.0
portugal,40.5,-7.2,12555.0
portugal,40.5,-7.1,1012.0
portugal,40.5,-7.0,527.0
portugal,40.5,-6.9,344.0
portugal,40.6,-8.7,74436.0
portugal,40.6,-8.6,39405.0
portugal,40.6,-8.5,36155.0
portugal,40.6,-8.4,9855.0
portugal,40.6,-8.3,1653.0
portugal,40.6,-8.2,3665.0
portugal,40.6,-8.1,6050.0
portugal,40.6,-8.0,7902.0
portugal,40.6,-7.9,32458.0
portugal,40.6,-7.8,6805.0
portugal,40.6,-7.7,11674.0
portugal,40.6,-7.6,4420.0
portugal,40.6,-7.5,1879.0
portugal,40.6,-7.4,3457.0
portugal,40.6,-7.3,17325.0
portugal,40.6,-7.2,1380.0
portugal,40.6,-7.1,1573.0
portugal,40.6,-7.0,554.0
portugal,40.6,-6.9,210.0
portugal,40.7,-8.6,24567.0
portugal,40.7,-8.5,13428.0
portugal,40.7,-8.4,9502.0
portugal,40.7,-8.3,5563.0
portugal,40.7,-8.2,4052.0
portugal,40.7,-8.1,11839.0
portugal,40.7,-8.0,10883.0
portugal,40.7,-7.9,45465.0
portugal,40.7,-7.8,8250.0
portugal,40.7,-7.7,5266.0
portugal,40.7,-7.6,1454.0
portugal,40.7,-7.5,3116.0
portugal,40.7,-7.4,1440.0
portugal,40.7,-7.3,1384.0
portugal,40.7,-7.2,2143.0
portugal,40.7,-7.1,1295.0
portugal,40.7,-7.0,652.0
portugal,40.7,-6.9,1103.0
portugal,40.8,-8.6,24512.0
portugal,40.8,-8.5,44744.0
portugal,40.8,-8.4,9016.0
portugal,40.8,-8.3,3087.0
portugal,40.8,-8.2,3172.0
portugal,40.8,-8.1,2967.0
portugal,40.8,-8.0,4305.0
portugal,40.8,-7.9,2867.0
portugal,40.8,-7.8,2117.0
portugal,40.8,-7.7,7098.0
portugal,40.8,-7.6,2390.0
portugal,40.8,-7.5,1852.0
portugal,40.8,-7.4,3920.0
portugal,40.8,-7.3,1548.0
portugal,40.8,-7.2,1260.0
portugal,40.8,-7.1,3485.0
portugal,40.8,-7.0,590.0
portugal,40.8,-6.9,361.0
portugal,40.9,-8.6,53493.0
portugal,40.9,-8.5,63422.0
portugal,40.9,-8.4,32144.0
portugal,40.9,-8.3,12587.0
portugal,40.9,-8.2,1697.0
portugal,40.9,-8.1,660.0
portugal,40.9,-8.0,5908.0
portugal,40.9,-7.9,3751.0
portugal,40.9,-7.8,2714.0
portugal,40.9,-7.7,1775.0
portugal,40.9,-7.6,1508.0
portugal,40.9,-7.5,3999.0
portugal,40.9,-7.4,331.0
portugal,40.9,-7.3,1010.0
portugal,40.9,-7.2,1047.0
portugal,40.9,-7.1,138.0
portugal,40.9,-7.0,2862.0
portugal,40.9,-6.9,790.0
portugal,41.0,-8.6,97280.0
portugal,41.0,-8.5,67883.0
portugal,41.0,-8.4,8711.0
portugal,41.0,-8.3,4752.0
portugal,41.0,-8.2,9324.0
portugal,41.0,-8.1,460.0
portugal,41.0,-8.0,1570.0
portugal,41.0,-7.9,2158.0
portugal,41.0,-7.8,3603.0
portugal,41.0,-7.7,7107.0
portugal,41.0,-7.6,5147.0
portugal,41.0,-7.5,1637.0
portugal,41.0,-7.4,3236.0
portugal,41.0,-7.3,1115.0
portugal,41.0,-7.2,2518.0
portugal,41.0,-7.1,1026.0
portugal,41.0,-7.0,0.0
portugal,41.1,-8.6,323523.0
portugal,41.1,-8.5,31425.0
portugal,41.1,-8.4,19561.0
portugal,41.1,-8.3,30828.0
portugal,41.1,-8.2,10722.0
portugal,41.1,-8.1,15208.0
portugal,41.1,-8.0,10416.0
portugal,41.1,-7.9,9789.0
portugal,41.1,-7.8,21237.0
portugal,41.1,-7.7,4240.0
portugal,41.1,-7.6,4771.0
portugal,41.1,-7.5,2074.0
portugal,41.1,-7.4,2672.0
portugal,41.1,-7.3,1132.0
portugal,41.1,-7.2,3667.0
portugal,41.1,-7.1,361.0
portugal,41.1,-7.0,647.0
portugal,41.1,-6.9,19.0
portugal,41.2,-8.7,226051.0
portugal,41.2,-8.6,258942.0
portugal,41.2,-8.5,180164.0
portugal,41.2,-8.4,48938.0
portugal,41.2,-8.3,59610.0
portugal,41.2,-8.2,33870.0
portugal,41.2,-8.1,11878.0
portugal,41.2,-8.0,5964.0
portugal,41.2,-7.9,4785.0
portugal,41.2,-7.8,17425.0
portugal,41.2,-7.7,5179.0
portugal,41.2,-7.6,4052.0
portugal,41.2,-7.5,1605.0
portugal,41.2,-7.4,2003.0
portugal,41.2,-7.3,2558.0
portugal,41.2,-7.2,1432.0
portugal,41.2,-7.1,877.0
portugal,41.2,-7.0,3329.0
portugal,41.2,-6.9,1184.0
portugal,41.2,-6.8,675.0
portugal,41.3,-8.7,72069.0
portugal,41.3,-8.6,59614.0
portugal,41.3,-8.5,43621.0
portugal,41.3,-8.4,52190.0
portugal,41.3,-8.3,67840.0
portugal,41.3,-8.2,32001.0
portugal,41.3,-8.1,40187.0
portugal,41.3,-8.0,5908.0
portugal,41.3,-7.9,1802.0
portugal,41.3,-7.8,25014.0
portugal,41.3,-7.7,16297.0
portugal,41.3,-7.6,4744.0
portugal,41.3,-7.5,3520.0
portugal,41.3,-7.4,3215.0
portugal,41.3,-7.3,2069.0
portugal,41.3,-7.2,3596.0
portugal,41.3,-7.1,774.0
portugal,41.3,-7.0,972.0
portugal,41.3,-6.9,573.0
portugal,41.3,-6.8,595.0
portugal,41.3,-6.7,3227.0
portugal,41.3,-6.6,144.0
portugal,41.3,-6.5,455.0
portugal,41.4,-8.7,79380.0
portugal,41.4,-8.6,16844.0
portugal,41.4,-8.5,90181.0
portugal,41.4,-8.4,70832.0
portugal,41.4,-8.3,90776.0
portugal,41.4,-8.2,52371.0
portugal,41.4,-8.1,7262.0
portugal,41.4,-8.0,11160.0
portugal,41.4,-7.9,2518.0
portugal,41.4,-7.8,742.0
portugal,41.4,-7.7,3547.0
portugal,41.4,-7.6,1274.0
portugal,41.4,-7.5,1814.0
portugal,41.4,-7.4,3657.0
portugal,41.4,-7.3,994.0
portugal,41.4,-7.2,1508.0
portugal,41.4,-7.1,1185.0
portugal,41.4,-7.0,2781.0
portugal,41.4,-6.9,943.0
portugal,41.4,-6.8,320.0
portugal,41.4,-6.7,1269.0
portugal,41.4,-6.6,780.0
portugal,41.4,-6.5,845.0
portugal,41.4,-6.4,126.0
portugal,41.5,-8.7,35892.0
portugal,41.5,-8.6,42704.0
portugal,41.5,-8.5,73549.0
portugal,41.5,-8.4,49755.0
portugal,41.5,-8.3,32097.0
portugal,41.5,-8.2,30102.0
portugal,41.5,-8.1,7927.0
portugal,41.5,-8.0,9847.0
portugal,41.5,-7.9,7155.0
portugal,41.5,-7.8,3861.0
portugal,41.5,-7.7,1629.0
portugal,41.5,-7.6,4965.0
portugal,41.5,-7.5,915.0
portugal,41.5,-7.4,616.0
portugal,41.5,-7.3,1370.0
portugal,41.5,-7.2,11584.0
portugal,41.5,-7.1,3041.0
portugal,41.5,-7.0,7556.0
portugal,41.5,-6.9,1097.0
portugal,41.5,-6.8,986.0
portugal,41.5,-6.7,506.0
portugal,41.5,-6.6,394.0
portugal,41.5,-6.5,402.0
portugal,41.5,-6.4,447.0
portugal,41.6,-8.7,29588.0
portugal,41.6,-8.6,33104.0
portugal,41.6,-8.5,34382.0
portugal,41.6,-8.4,117289.0
portugal,41.6,-8.3,16675.0
portugal,41.6,-8.2,8378.0
portugal,41.6,-8.1,4285.0
portugal,41.6,-8.0,1125.0
portugal,41.6,-7.9,1083.0
portugal,41.6,-7.8,431.0
portugal,41.6,-7.7,925.0
portugal,41.6,-7.6,3788.0
portugal,41.6,-7.5,1872.0
portugal,41.6,-7.4,3601.0
portugal,41.6,-7.3,5252.0
portugal,41.6,-7.2,1574.0
portugal,41.6,-7.1,1519.0
portugal,41.6,-7.0,1264.0
portugal,41.6,-6.9,1332.0
portugal,41.6,-6.8,604.0
portugal,41.6,-6.7,1040.0
portugal,41.6,-6.6,1784.0
portugal,41.6,-6.5,415.0
portugal,41.6,-6.4,264.0
portugal,41.6,-6.3,426.0
portugal,41.7,-8.8,60563.0
portugal,41.7,-8.7,13139.0
portugal,41.7,-8.6,16164.0
portugal,41.7,-8.5,6624.0
portugal,41.7,-8.4,13948.0
portugal,41.7,-8.3,5324.0
portugal,41.7,-8.2,2730.0
portugal,41.7,-8.1,3751.0
portugal,41.7,-8.0,1343.0
portugal,41.7,-7.9,1302.0
portugal,41.7,-7.8,1146.0
portugal,41.7,-7.7,1703.0
portugal,41.7,-7.6,3875.0
portugal,41.7,-7.5,15859.0
portugal,41.7,-7.4,3020.0
portugal,41.7,-7.3,2611.0
portugal,41.7,-7.2,1416.0
portugal,41.7,-7.1,1363.0
portugal,41.7,-7.0,698.0
portugal,41.7,-6.9,262.0
portugal,41.7,-6.8,1600.0
portugal,41.7,-6.7,815.0
portugal,41.7,-6.6,0.0
portugal,41.8,-8.8,8585.0
portugal,41.8,-8.7,2752.0
portugal,41.8,-8.6,16576.0
portugal,41.8,-8.5,11178.0
portugal,41.8,-8.4,14209.0
portugal,41.8,-8.3,2299.0
portugal,41.8,-8.2,227.0
portugal,41.8,-8.1,0.0
portugal,41.8,-8.0,215.0
portugal,41.8,-7.9,330.0
portugal,41.8,-7.8,2333.0
portugal,41.8,-7.7,934.0
portugal,41.8,-7.6,289.0
portugal,41.8,-7.5,8735.0
portugal,41.8,-7.4,696.0
portugal,41.8,-7.3,903.0
portugal,41.8,-7.2,1092.0
portugal,41.8,-7.1,814.0
portugal,41.8,-7.0,1247.0
portugal,41.8,-6.9,597.0
portugal,41.8,-6.8,8658.0
portugal,41.8,-6.7,18595.0
portugal,41.8,-6.6,495.0
portugal,41.9,-8.8,1794.0
portugal,41.9,-8.7,1422.0
portugal,41.9,-8.6,7601.0
portugal,41.9,-8.5,2858.0
portugal,41.9,-8.4,6931.0
portugal,41.9,-8.3,759.0
portugal,41.9,-7.1,464.0
portugal,41.9,-7.0,1922.0
portugal,41.9,-6.9,518.0
portugal,41.9,-6.8,393.0
portugal,41.9,-6.7,375.0
portugal,41.9,-6.6,41.0
portugal,42.0,-8.6,849.0
portugal,42.0,-8.5,2707.0
portugal,42.0,-8.4,2631.0
portugal,42.0,-8.3,1014.0
portugal,42.0,-8.2,339.0
spain,36.1,-5.7,2168.0
spain,36.1,-5.6,14715.0
spain,36.1,-5.5,196002.0
spain,36.2,-6.0,25591.0
spain,36.2,-5.8,2231.0
spain,36.2,-5.7,381.0
spain,36.2,-5.6,16.0
spain,36.2,-5.5,33338.0
spain,36.2,-5.4,47973.0
spain,36.3,-6.1,24718.0
spain,36.3,-6.0,6737.0
spain,36.3,-5.9,1389.0
spain,36.3,-5.8,5998.0
spain,36.3,-5.7,55.0
spain,36.3,-5.6,15.0
spain,36.3,-5.5,2.0
spain,36.3,-5.4,3433.0
spain,36.3,-5.3,16324.0
spain,36.4,-6.1,83402.0
spain,36.4,-6.0,301.0
spain,36.4,-5.9,307.0
spain,36.4,-5.8,1906.0
spain,36.4,-5.7,2320.0
spain,36.4,-5.6,0.0
spain,36.4,-5.5,2399.0
spain,36.4,-5.4,317.0
spain,36.4,-5.3,22631.0
spain,36.5,-6.1,122887.0
spain,36.5,-6.0,62.0
spain,36.5,-5.9,16041.0
spain,36.5,-5.8,152.0
spain,36.5,-5.7,2850.0
spain,36.5,-5.6,6.0
spain,36.5,-5.5,2517.0
spain,36.5,-5.4,1580.0
spain,36.5,-5.3,2189.0
spain,36.5,-5.2,22631.0
spain,36.5,-5.1,40201.0
spain,36.5,-5.0,99940.0
spain,36.5,-4.8,54050.0
spain,36.5,-4.7,33144.0
spain,36.6,-6.2,215468.0
spain,36.6,-6.1,830.0
spain,36.6,-6.0,4753.0
spain,36.6,-5.9,24.0
spain,36.6,-5.8,4477.0
spain,36.6,-5.7,1136.0
spain,36.6,-5.6,8.0
spain,36.6,-5.5,2039.0
spain,36.6,-5.4,537.0
spain,36.6,-5.3,4208.0
spain,36.6,-5.2,2036.0
spain,36.6,-5.1,981.0
spain,36.6,-5.0,13.0
spain,36.6,-4.9,11624.0
spain,36.6,-4.8,5359.0
spain,36.6,-4.7,21981.0
spain,36.6,-4.6,256037.0
spain,36.7,-6.4,53831.0
spain,36.7,-6.3,3580.0
spain,36.7,-6.2,272.0
spain,36.7,-6.1,200260.0
spain,36.7,-6.0,1737.0
spain,36.7,-5.9,6479.0
spain,36.7,-5.8,1641.0
spain,36.7,-5.7,566.0
spain,36.7,-5.6,374.0
spain,36.7,-5.5,14565.0
spain,36.7,-5.4,2726.0
spain,36.7,-5.3,378.0
spain,36.7,-5.2,12433.0
spain,36.7,-5.1,20378.0
spain,36.7,-5.0,8.0
spain,36.7,-4.9,5075.0
spain,36.7,-4.8,21152.0
spain,36.7,-4.7,11777.0
spain,36.7,-4.6,48632.0
spain,36.7,-4.5,420938.0
spain,36.8,-6.3,63844.0
spain,36.8,-6.2,347.0
spain,36.8,-6.1,32.0
spain,36.8,-6.0,1593.0
spain,36.8,-5.9,231.0
spain,36.8,-5.8,26230.0
spain,36.8,-5.7,8454.0
spain,36.8,-5.6,3936.0
spain,36.8,-5.5,8264.0
spain,36.8,-5.4,1396.0
spain,36.8,-5.3,2303.0
spain,36.8,-5.2,2417.0
spain,36.8,-5.1,4873.0
spain,36.8,-5.0,1329.0
spain,36.8,-4.9,2820.0
spain,36.8,-4.8,975.0
spain,36.8,-4.7,18243.0
spain,36.8,-4.6,1259.0
spain,36.8,-4.5,53514.0
spain,36.8,-4.4,118797.0
spain,36.8,-4.3,68302.0
spain,36.8,-4.2,31145.0
spain,36.8,-4.1,80101.0
spain,36.8,-4.0,14939.0
spain,36.8,-3.9,34282.0
spain,36.8,-3.8,1439.0
spain,36.8,-3.7,28197.0
spain,36.8,-3.6,29003.0
spain,36.8,-3.5,47982.0
spain,36.8,-3.4,10203.0
spain,36.8,-3.3,2504.0
spain,36.8,-3.2,8307.0
spain,36.8,-3.1,170.0
spain,36.8,-3.0,25383.0
spain,36.8,-2.9,26894.0
spain,36.8,-2.8,72234.0
spain,36.8,-2.7,25567.0
spain,36.8,-2.6,112774.0
spain,36.8,-2.2,3334.0
spain,36.8,-2.1,2517.0
spain,36.9,-6.4,20.0
spain,36.9,-6.3,701.0
spain,36.9,-6.2,7026.0
spain,36.9,-6.1,29597.0
spain,36.9,-6.0,6847.0
spain,36.9,-5.9,12.0
spain,36.9,-5.8,3720.0
spain,36.9,-5.7,4243.0
spain,36.9,-5.6,4448.0
spain,36.9,-5.5,5265.0
spain,36.9,-5.4,5478.0
spain,36.9,-5.3,3274.0
spain,36.9,-5.2,15522.0
spain,36.9,-5.1,1760.0
spain,36.9,-5.0,1957.0
spain,36.9,-4.9,42.0
spain,36.9,-4.8,2656.0
spain,36.9,-4.7,6960.0
spain,36.9,-4.6,1011.0
spain,36.9,-4.5,3962.0
spain,36.9,-4.4,3738.0
spain,36.9,-4.3,6701.0
spain,36.9,-4.2,4027.0
spain,36.9,-4.1,5391.0
spain,36.9,-4.0,1061.0
spain,36.9,-3.9,1107.0
spain,36.9,-3.8,1052.0
spain,36.9,-3.7,0.0
spain,36.9,-3.6,2222.0
spain,36.9,-3.5,6289.0
spain,36.9,-3.4,6491.0
spain,36.9,-3.3,2282.0
spain,36.9,-3.2,1980.0
spain,36.9,-3.1,870.0
spain,36.9,-3.0,302.0
spain,36.9,-2.9,12.0
spain,36.9,-2.8,3.0
spain,36.9,-2.7,664.0
spain,36.9,-2.6,1420.0
spain,36.9,-2.5,47947.0
spain,36.9,-2.4,175034.0
spain,36.9,-2.3,12724.0
spain,36.9,-2.2,11532.0
spain,36.9,-2.1,11190.0
spain,36.9,-2.0,2174.0
spain,37.0,-6.5,3204.0
spain,37.0,-6.4,0.0
spain,37.0,-6.3,0.0
spain,37.0,-6.2,5.0
spain,37.0,-6.1,0.0
spain,37.0,-6.0,1513.0
spain,37.0,-5.9,14602.0
spain,37.0,-5.8,1625.0
spain,37.0,-5.7,10.0
spain,37.0,-5.6,7023.0
spain,37.0,-5.5,308.0
spain,37.0,-5.4,970.0
spain,37.0,-5.3,27.0
spain,37.0,-5.2,1276.0
spain,37.0,-5.1,1263.0
spain,37.0,-5.0,1970.0
spain,37.0,-4.9,3713.0
spain,37.0,-4.8,4.0
spain,37.0,-4.7,1384.0
spain,37.0,-4.6,36841.0
spain,37.0,-4.5,429.0
spain,37.0,-4.4,1860.0
spain,37.0,-4.3,8065.0
spain,37.0,-4.2,1914.0
spain,37.0,-4.1,385.0
spain,37.0,-4.0,4244.0
spain,37.0,-3.9,701.0
spain,37.0,-3.8,929.0
spain,37.0,-3.7,1378.0
spain,37.0,-3.6,8728.0
spain,37.0,-3.5,7428.0
spain,37.0,-3.4,1240.0
spain,37.0,-3.3,757.0
spain,37.0,-3.2,712.0
spain,37.0,-3.1,2134.0
spain,37.0,-3.0,4414.0
spain,37.0,-2.9,2774.0
spain,37.0,-2.8,2497.0
spain,37.0,-2.7,308.0
spain,37.0,-2.6,6527.0
spain,37.0,-2.5,491.0
spain,37.0,-2.4,1130.0
spain,37.0,-2.3,21.0
spain,37.0,-2.2,2897.0
spain,37.0,-2.1,430.0
spain,37.0,-2.0,1048.0
spain,37.0,-1.9,7260.0
spain,37.1,-6.7,8.0
spain,37.1,-6.6,2.0
spain,37.1,-6.5,116.0
spain,37.1,-6.4,0.0
spain,37.1,-6.3,0.0
spain,37.1,-6.2,4610.0
spain,37.1,-6.1,872.0
spain,37.1,-6.0,1937.0
spain,37.1,-5.9,1920.0
spain,37.1,-5.8,1325.0
spain,37.1,-5.7,4804.0
spain,37.1,-5.6,3771.0
spain,37.1,-5.5,19138.0
spain,37.1,-5.4,7739.0
spain,37.1,-5.3,70.0
spain,37.1,-5.2,169.0
spain,37.1,-5.1,4457.0
spain,37.1,-5.0,6438.0
spain,37.1,-4.9,11669.0
spain,37.1,-4.8,158.0
spain,37.1,-4.7,10794.0
spain,37.1,-4.6,713.0
spain,37.1,-4.5,1248.0
spain,37.1,-4.4,7357.0
spain,37.1,-4.3,988.0
spain,37.1,-4.2,563.0
spain,37.1,-4.1,2604.0
spain,37.1,-4.0,2266.0
spain,37.1,-3.9,655.0
spain,37.1,-3.8,1692.0
spain,37.1,-3.7,36337.0
spain,37.1,-3.6,68540.0
spain,37.1,-3.5,1217.0
spain,37.1,-3.4,415.0
spain,37.1,-3.3,0.0
spain,37.1,-3.2,0.0
spain,37.1,-3.1,528.0
spain,37.1,-3.0,0.0
spain,37.1,-2.9,3.0
spain,37.1,-2.8,2358.0
spain,37.1,-2.7,788.0
spain,37.1,-2.6,129.0
spain,37.1,-2.5,907.0
spain,37.1,-2.4,2646.0
spain,37.1,-2.3,248.0
spain,37.1,-2.2,101.0
spain,37.1,-2.1,1858.0
spain,37.1,-2.0,1164.0
spain,37.1,-1.9,4918.0
spain,37.2,-7.4,19565.0
spain,37.2,-7.0,13010.0
spain,37.2,-6.9,13107.0
spain,37.2,-6.8,6008.0
spain,37.2,-6.7,80.0
spain,37.2,-6.6,184.0
spain,37.2,-6.5,12502.0
spain,37.2,-6.4,8.0
spain,37.2,-6.3,4437.0
spain,37.2,-6.2,85.0
spain,37.2,-6.1,372.0
spain,37.2,-6.0,552.0
spain,37.2,-5.9,44662.0
spain,37.2,-5.8,37248.0
spain,37.2,-5.7,12067.0
spain,37.2,-5.6,168.0
spain,37.2,-5.5,591.0
spain,37.2,-5.4,170.0
spain,37.2,-5.3,10871.0
spain,37.2,-5.2,11.0
spain,37.2,-5.1,13957.0
spain,37.2,-5.0,11.0
spain,37.2,-4.9,8532.0
spain,37.2,-4.8,4821.0
spain,37.2,-4.7,5814.0
spain,37.2,-4.6,2289.0
spain,37.2,-4.5,3248.0
spain,37.2,-4.4,4198.0
spain,37.2,-4.3,4193.0
spain,37.2,-4.2,1238.0
spain,37.2,-4.1,17213.0
spain,37.2,-4.0,15268.0
spain,37.2,-3.9,3884.0
spain,37.2,-3.8,16217.0
spain,37.2,-3.7,44718.0
spain,37.2,-3.6,359059.0
spain,37.2,-3.5,16177.0
spain,37.2,-3.4,127.0
spain,37.2,-3.3,0.0
spain,37.2,-3.2,1469.0
spain,37.2,-3.1,2599.0
spain,37.2,-3.0,938.0
spain,37.2,-2.9,1198.0
spain,37.2,-2.8,2087.0
spain,37.2,-2.7,231.0
spain,37.2,-2.6,138.0
spain,37.2,-2.5,192.0
spain,37.2,-2.4,342.0
spain,37.2,-2.3,825.0
spain,37.2,-2.2,1120.0
spain,37.2,-2.1,1138.0
spain,37.2,-2.0,926.0
spain,37.2,-1.9,25795.0
spain,37.3,-7.4,255.0
spain,37.3,-7.3,7238.0
spain,37.3,-7.2,35524.0
spain,37.3,-7.1,14869.0
spain,37.3,-7.0,84244.0
spain,37.3,-6.9,103843.0
spain,37.3,-6.8,3179.0
spain,37.3,-6.7,12676.0
spain,37.3,-6.6,7980.0
spain,37.3,-6.5,22731.0
spain,37.3,-6.4,5895.0
spain,37.3,-6.3,13978.0
spain,37.3,-6.2,14481.0
spain,37.3,-6.1,63545.0
spain,37.3,-6.0,82872.0
spain,37.3,-5.9,95499.0
spain,37.3,-5.8,13977.0
spain,37.3,-5.7,17.0
spain,37.3,-5.6,5.0
spain,37.3,-5.5,25682.0
spain,37.3,-5.4,19241.0
spain,37.3,-5.3,30.0
spain,37.3,-5.2,11.0
spain,37.3,-5.1,3391.0
spain,37.3,-5.0,2098.0
spain,37.3,-4.9,13510.0
spain,37.3,-4.8,843.0
spain,37.3,-4.7,8651.0
spain,37.3,-4.6,4631.0
spain,37.3,-4.5,944.0
spain,37.3,-4.4,3753.0
spain,37.3,-4.3,9977.0
spain,37.3,-4.2,4864.0
spain,37.3,-4.1,342.0
spain,37.3,-4.0,4558.0
spain,37.3,-3.9,6209.0
spain,37.3,-3.8,11163.0
spain,37.3,-3.7,1430.0
spain,37.3,-3.6,4655.0
spain,37.3,-3.5,2247.0
spain,37.3,-3.4,115.0
spain,37.3,-3.3,4140.0
spain,37.3,-3.2,3796.0
spain,37.3,-3.1,19330.0
spain,37.3,-3.0,403.0
spain,37.3,-2.9,105.0
spain,37.3,-2.8,3.0
spain,37.3,-2.7,61.0
spain,37.3,-2.6,336.0
spain,37.3,-2.5,259.0
spain,37.3,-2.4,2181.0
spain,37.3,-2.3,9983.0
spain,37.3,-2.2,5935.0
spain,37.3,-2.1,1879.0
spain,37.3,-2.0,1386.0
spain,37.3,-1.9,21229.0
spain,37.3,-1.8,5936.0
spain,37.4,-7.4,389.0
spain,37.4,-7.3,275.0
spain,37.4,-7.2,167.0
spain,37.4,-7.1,115.0
spain,37.4,-7.0,5778.0
spain,37.4,-6.9,6360.0
spain,37.4,-6.8,11863.0
spain,37.4,-6.7,298.0
spain,37.4,-6.6,3043.0
spain,37.4,-6.5,14331.0
spain,37.4,-6.4,8299.0
spain,37.4,-6.3,6322.0
spain,37.4,-6.2,24698.0
spain,37.4,-6.1,144221.0
spain,37.4,-6.0,634055.0
spain,37.4,-5.9,105750.0
spain,37.4,-5.8,60775.0
spain,37.4,-5.7,41028.0
spain,37.4,-5.6,36.0
spain,37.4,-5.5,120.0
spain,37.4,-5.4,0.0
spain,37.4,-5.3,579.0
spain,37.4,-5.2,3891.0
spain,37.4,-5.1,2.0
spain,37.4,-5.0,4035.0
spain,37.4,-4.9,7487.0
spain,37.4,-4.8,29369.0
spain,37.4,-4.7,562.0
spain,37.4,-4.6,4281.0
spain,37.4,-4.5,40519.0
spain,37.4,-4.4,2468.0
spain,37.4,-4.3,2359.0
spain,37.4,-4.2,19043.0
spain,37.4,-4.1,1046.0
spain,37.4,-4.0,875.0
spain,37.4,-3.9,673.0
spain,37.4,-3.8,2964.0
spain,37.4,-3.7,2380.0
spain,37.4,-3.6,35.0
spain,37.4,-3.5,5076.0
spain,37.4,-3.4,244.0
spain,37.4,-3.3,910.0
spain,37.4,-3.2,4554.0
spain,37.4,-3.1,9.0
spain,37.4,-3.0,832.0
spain,37.4,-2.9,291.0
spain,37.4,-2.8,0.0
spain,37.4,-2.7,3019.0
spain,37.4,-2.6,392.0
spain,37.4,-2.5,2239.0
spain,37.4,-2.4,5271.0
spain,37.4,-2.3,2148.0
spain,37.4,-2.2,1874.0
spain,37.4,-2.1,15098.0
spain,37.4,-2.0,12496.0
spain,37.4,-1.9,6791.0
spain,37.4,-1.8,920.0
spain,37.4,-1.7,10295.0
spain,37.4,-1.6,33699.0
spain,37.5,-7.4,9.0
spain,37.5,-7.3,3637.0
spain,37.5,-7.2,6.0
spain,37.5,-7.1,5966.0
spain,37.5,-7.0,10.0
spain,37.5,-6.9,69.0
spain,37.5,-6.8,572.0
spain,37.5,-6.7,54.0
spain,37.5,-6.6,3.0
spain,37.5,-6.5,0.0
spain,37.5,-6.4,99.0
spain,37.5,-6.3,6096.0
spain,37.5,-6.2,7838.0
spain,37.5,-6.1,10876.0
spain,37.5,-6.0,40393.0
spain,37.5,-5.9,40382.0
spain,37.5,-5.8,2667.0
spain,37.5,-5.7,568.0
spain,37.5,-5.6,22859.0
spain,37.5,-5.5,15.0
spain,37.5,-5.4,6601.0
spain,37.5,-5.3,3385.0
spain,37.5,-5.2,58.0
spain,37.5,-5.1,35761.0
spain,37.5,-5.0,437.0
spain,37.5,-4.9,1205.0
spain,37.5,-4.8,12.0
spain,37.5,-4.7,13329.0
spain,37.5,-4.6,2672.0
spain,37.5,-4.5,125.0
spain,37.5,-4.4,18752.0
spain,37.5,-4.3,542.0
spain,37.5,-4.2,2403.0
spain,37.5,-4.1,2083.0
spain,37.5,-4.0,1184.0
spain,37.5,-3.9,22404.0
spain,37.5,-3.8,1198.0
spain,37.5,-3.7,976.0
spain,37.5,-3.6,3503.0
spain,37.5,-3.5,1988.0
spain,37.5,-3.4,2522.0
spain,37.5,-3.3,269.0
spain,37.5,-3.2,1176.0
spain,37.5,-3.1,377.0
spain,37.5,-3.0,365.0
spain,37.5,-2.9,3395.0
spain,37.5,-2.8,19552.0
spain,37.5,-2.7,1450.0
spain,37.5,-2.6,51.0
spain,37.5,-2.5,2.0
spain,37.5,-2.4,83.0
spain,37.5,-2.3,1423.0
spain,37.5,-2.2,1030.0
spain,37.5,-2.1,927.0
spain,37.5,-2.0,1268.0
spain,37.5,-1.9,1000.0
spain,37.5,-1.8,6589.0
spain,37.5,-1.7,1518.0
spain,37.5,-1.6,275.0
spain,37.5,-1.5,2568.0
spain,37.6,-7.4,20.0
spain,37.6,-7.3,299.0
spain,37.6,-7.2,2858.0
spain,37.6,-7.1,1751.0
spain,37.6,-7.0,395.0
spain,37.6,-6.9,2588.0
spain,37.6,-6.8,12621.0
spain,37.6,-6.7,65.0
spain,37.6,-6.6,14.0
spain,37.6,-6.5,330.0
spain,37.6,-6.4,38.0
spain,37.6,-6.3,2.0
spain,37.6,-6.2,779.0
spain,37.6,-6.1,2240.0
spain,37.6,-6.0,8254.0
spain,37.6,-5.9,7662.0
spain,37.6,-5.8,11643.0
spain,37.6,-5.7,17760.0
spain,37.6,-5.6,76.0
spain,37.6,-5.5,14626.0
spain,37.6,-5.4,5217.0
spain,37.6,-5.3,0.0
spain,37.6,-5.2,4573.0
spain,37.6,-5.1,2814.0
spain,37.6,-5.0,1023.0
spain,37.6,-4.9,5166.0
spain,37.6,-4.8,7046.0
spain,37.6,-4.7,9197.0
spain,37.6,-4.6,22253.0
spain,37.6,-4.5,5783.0
spain,37.6,-4.4,802.0
spain,37.6,-4.3,24956.0
spain,37.6,-4.2,53.0
spain,37.6,-4.1,8483.0
spain,37.6,-4.0,765.0
spain,37.6,-3.9,101.0
spain,37.6,-3.8,3681.0
spain,37.6,-3.7,1746.0
spain,37.6,-3.6,617.0
spain,37.6,-3.5,2082.0
spain,37.6,-3.4,5495.0
spain,37.6,-3.3,575.0
spain,37.6,-3.2,15.0
spain,37.6,-3.1,1434.0
spain,37.6,-3.0,3.0
spain,37.6,-2.9,1740.0
spain,37.6,-2.8,1113.0
spain,37.6,-2.7,2363.0
spain,37.6,-2.6,3581.0
spain,37.6,-2.5,208.0
spain,37.6,-2.4,164.0
spain,37.6,-2.3,1311.0
spain,37.6,-2.2,285.0
spain,37.6,-2.1,6205.0
spain,37.6,-2.0,278.0
spain,37.6,-1.9,118.0
spain,37.6,-1.8,10501.0
spain,37.6,-1.7,18747.0
spain,37.6,-1.6,609.0
spain,37.6,-1.5,585.0
spain,37.6,-1.4,2774.0
spain,37.6,-1.3,27349.0
spain,37.6,-1.2,1960.0
spain,37.6,-1.0,193647.0
spain,37.7,-7.4,0.0
spain,37.7,-7.3,1178.0
spain,37.7,-7.2,2.0
spain,37.7,-7.1,956.0
spain,37.7,-7.0,6.0
spain,37.7,-6.9,3322.0
spain,37.7,-6.8,1.0
spain,37.7,-6.7,3023.0
spain,37.7,-6.6,10882.0
spain,37.7,-6.5,412.0
spain,37.7,-6.4,293.0
spain,37.7,-6.3,1273.0
spain,37.7,-6.2,1486.0
spain,37.7,-6.1,69.0
spain,37.7,-6.0,5015.0
spain,37.7,-5.9,12.0
spain,37.7,-5.8,5.0
spain,37.7,-5.7,1112.0
spain,37.7,-5.6,247.0
spain,37.7,-5.5,3703.0
spain,37.7,-5.4,3759.0
spain,37.7,-5.3,20762.0
spain,37.7,-5.2,1418.0
spain,37.7,-5.1,9431.0
spain,37.7,-5.0,858.0
spain,37.7,-4.9,13575.0
spain,37.7,-4.8,2761.0
spain,37.7,-4.7,9756.0
spain,37.7,-4.6,525.0
spain,37.7,-4.5,10587.0
spain,37.7,-4.4,28.0
spain,37.7,-4.3,6.0
spain,37.7,-4.2,1951.0
spain,37.7,-4.1,1669.0
spain,37.7,-4.0,29001.0
spain,37.7,-3.9,2867.0
spain,37.7,-3.8,6604.0
spain,37.7,-3.7,3134.0
spain,37.7,-3.6,5808.0
spain,37.7,-3.5,2.0
spain,37.7,-3.4,1771.0
spain,37.7,-3.3,1785.0
spain,37.7,-3.2,9.0
spain,37.7,-3.1,16.0
spain,37.7,-3.0,885.0
spain,37.7,-2.9,4458.0
spain,37.7,-2.8,725.0
spain,37.7,-2.7,1309.0
spain,37.7,-2.6,107.0
spain,37.7,-2.5,1228.0
spain,37.7,-2.4,90.0
spain,37.7,-2.3,3.0
spain,37.7,-2.2,70.0
spain,37.7,-2.1,2606.0
spain,37.7,-2.0,207.0
spain,37.7,-1.9,654.0
spain,37.7,-1.8,205.0
spain,37.7,-1.7,61403.0
spain,37.7,-1.6,6600.0
spain,37.7,-1.5,415.0
spain,37.7,-1.4,2819.0
spain,37.7,-1.3,4480.0
spain,37.7,-1.2,14335.0
spain,37.7,-1.1,13465.0
spain,37.7,-1.0,35451.0
spain,37.8,-7.2,1084.0
spain,37.8,-7.1,0.0
spain,37.8,-7.0,220.0
spain,37.8,-6.9,387.0
spain,37.8,-6.8,344.0
spain,37.8,-6.7,756.0
spain,37.8,-6.6,765.0
spain,37.8,-6.5,1050.0
spain,37.8,-6.4,784.0
spain,37.8,-6.3,5.0
spain,37.8,-6.2,22.0
spain,37.8,-6.1,3.0
spain,37.8,-6.0,0.0
spain,37.8,-5.9,22.0
spain,37.8,-5.8,2012.0
spain,37.8,-5.7,45.0
spain,37.8,-5.6,0.0
spain,37.8,-5.5,7.0
spain,37.8,-5.4,2976.0
spain,37.8,-5.3,3360.0
spain,37.8,-5.2,972.0
spain,37.8,-5.1,7301.0
spain,37.8,-5.0,8527.0
spain,37.8,-4.9,11056.0
spain,37.8,-4.8,14331.0
spain,37.8,-4.7,47.0
spain,37.8,-4.6,16.0
spain,37.8,-4.5,20.0
spain,37.8,-4.4,3.0
spain,37.8,-4.3,3.0
spain,37.8,-4.2,2392.0
spain,37.8,-4.1,0.0
spain,37.8,-4.0,2738.0
spain,37.8,-3.9,23647.0
spain,37.8,-3.8,111476.0
spain,37.8,-3.7,1833.0
spain,37.8,-3.6,11211.0
spain,37.8,-3.5,2367.0
spain,37.8,-3.4,13818.0
spain,37.8,-3.3,17.0
spain,37.8,-3.2,473.0
spain,37.8,-3.1,7368.0
spain,37.8,-3.0,37.0
spain,37.8,-2.9,100.0
spain,37.8,-2.8,1272.0
spain,37.8,-2.7,652.0
spain,37.8,-2.6,6529.0
spain,37.8,-2.5,1642.0
spain,37.8,-2.4,0.0
spain,37.8,-2.3,103.0
spain,37.8,-2.2,258.0
spain,37.8,-2.1,10.0
spain,37.8,-2.0,16.0
spain,37.8,-1.9,1047.0
spain,37.8,-1.8,15.0
spain,37.8,-1.7,147.0
spain,37.8,-1.6,1172.0
spain,37.8,-1.5,30679.0
spain,37.8,-1.4,569.0
spain,37.8,-1.3,34.0
spain,37.8,-1.2,840.0
spain,37.8,-1.1,6321.0
spain,37.8,-1.0,11983.0
spain,37.8,-0.9,5589.0
spain,37.8,-0.8,97507.0
spain,37.9,-7.2,2.0
spain,37.9,-7.1,6.0
spain,37.9,-7.0,2839.0
spain,37.9,-6.9,3.0
spain,37.9,-6.8,5689.0
spain,37.9,-6.7,4998.0
spain,37.9,-6.6,1245.0
spain,37.9,-6.5,8117.0
spain,37.9,-6.4,737.0
spain,37.9,-6.3,346.0
spain,37.9,-6.2,3203.0
spain,37.9,-6.1,1324.0
spain,37.9,-6.0,7.0
spain,37.9,-5.9,3.0
spain,37.9,-5.8,33.0
spain,37.9,-5.7,4692.0
spain,37.9,-5.6,5889.0
spain,37.9,-5.5,1546.0
spain,37.9,-5.4,3.0
spain,37.9,-5.3,9.0
spain,37.9,-5.2,14.0
spain,37.9,-5.1,10.0
spain,37.9,-5.0,502.0
spain,37.9,-4.9,5716.0
spain,37.9,-4.8,257737.0
spain,37.9,-4.7,25761.0
spain,37.9,-4.6,4394.0
spain,37.9,-4.5,5911.0
spain,37.9,-4.4,7071.0
spain,37.9,-4.3,3018.0
spain,37.9,-4.2,9725.0
spain,37.9,-4.1,4885.0
spain,37.9,-4.0,660.0
spain,37.9,-3.9,1194.0
spain,37.9,-3.8,465.0
spain,37.9,-3.7,2147.0
spain,37.9,-3.6,551.0
spain,37.9,-3.5,1449.0
spain,37.9,-3.4,510.0
spain,37.9,-3.3,4.0
spain,37.9,-3.2,2563.0
spain,37.9,-3.1,2809.0
spain,37.9,-3.0,7929.0
spain,37.9,-2.9,807.0
spain,37.9,-2.8,0.0
spain,37.9,-2.7,12.0
spain,37.9,-2.6,16.0
spain,37.9,-2.5,2.0
spain,37.9,-2.4,1.0
spain,37.9,-2.3,3.0
spain,37.9,-2.2,19.0
spain,37.9,-2.1,49.0
spain,37.9,-2.0,1.0
spain,37.9,-1.9,13.0
spain,37.9,-1.8,1910.0
spain,37.9,-1.7,415.0
spain,37.9,-1.6,150.0
spain,37.9,-1.5,338.0
spain,37.9,-1.4,26009.0
spain,37.9,-1.3,1602.0
spain,37.9,-1.2,62487.0
spain,37.9,-1.1,17263.0
spain,37.9,-1.0,4374.0
spain,37.9,-0.9,5201.0
spain,37.9,-0.8,34578.0
spain,38.0,-7.1,7.0
spain,38.0,-7.0,6.0
spain,38.0,-6.9,345.0
spain,38.0,-6.8,36.0
spain,38.0,-6.7,231.0
spain,38.0,-6.6,2330.0
spain,38.0,-6.5,401.0
spain,38.0,-6.4,962.0
spain,38.0,-6.3,1159.0
spain,38.0,-6.2,0.0
spain,38.0,-6.1,157.0
spain,38.0,-6.0,0.0
spain,38.0,-5.9,13.0
spain,38.0,-5.8,33.0
spain,38.0,-5.7,1705.0
spain,38.0,-5.6,525.0
spain,38.0,-5.5,0.0
spain,38.0,-5.4,0.0
spain,38.0,-5.3,0.0
spain,38.0,-5.2,2.0
spain,38.0,-5.1,12.0
spain,38.0,-5.0,50.0
spain,38.0,-4.9,63.0
spain,38.0,-4.8,2952.0
spain,38.0,-4.7,1618.0
spain,38.0,-4.6,265.0
spain,38.0,-4.5,8106.0
spain,38.0,-4.4,10751.0
spain,38.0,-4.3,7185.0
spain,38.0,-4.2,6727.0
spain,38.0,-4.1,4949.0
spain,38.0,-4.0,2512.0
spain,38.0,-3.9,3940.0
spain,38.0,-3.8,10239.0
spain,38.0,-3.7,4644.0
spain,38.0,-3.6,2669.0
spain,38.0,-3.5,26237.0
spain,38.0,-3.4,16221.0
spain,38.0,-3.3,24221.0
spain,38.0,-3.2,582.0
spain,38.0,-3.1,3649.0
spain,38.0,-3.0,143.0
spain,38.0,-2.9,108.0
spain,38.0,-2.8,192.0
spain,38.0,-2.7,56.0
spain,38.0,-2.6,0.0
spain,38.0,-2.5,6.0
spain,38.0,-2.4,2216.0
spain,38.0,-2.3,197.0
spain,38.0,-2.2,52.0
spain,38.0,-2.1,82.0
spain,38.0,-2.0,493.0
spain,38.0,-1.9,1031.0
spain,38.0,-1.8,28.0
spain,38.0,-1.7,121.0
spain,38.0,-1.6,64.0
spain,38.0,-1.5,19716.0
spain,38.0,-1.4,2370.0
spain,38.0,-1.3,3815.0
spain,38.0,-1.2,224769.0
spain,38.0,-1.1,181472.0
spain,38.0,-1.0,46417.0
spain,38.0,-0.9,799.0
spain,38.0,-0.8,12339.0
spain,38.0,-0.7,86284.0
spain,38.1,-6.9,637.0
spain,38.1,-6.8,1031.0
spain,38.1,-6.7,2288.0
spain,38.1,-6.6,6.0
spain,38.1,-6.5,4077.0
spain,38.1,-6.4,1306.0
spain,38.1,-6.3,3303.0
spain,38.1,-6.2,1938.0
spain,38.1,-6.1,1033.0
spain,38.1,-6.0,5.0
spain,38.1,-5.9,328.0
spain,38.1,-5.8,2587.0
spain,38.1,-5.7,347.0
spain,38.1,-5.6,0.0
spain,38.1,-5.5,0.0
spain,38.1,-5.4,6.0
spain,38.1,-5.3,264.0
spain,38.1,-5.2,2.0
spain,38.1,-5.1,13.0
spain,38.1,-5.0,3026.0
spain,38.1,-4.9,829.0
spain,38.1,-4.8,481.0
spain,38.1,-4.7,11.0
spain,38.1,-4.6,66.0
spain,38.1,-4.5,57.0
spain,38.1,-4.4,73.0
spain,38.1,-4.3,175.0
spain,38.1,-4.2,8.0
spain,38.1,-4.1,46.0
spain,38.1,-4.0,34902.0
spain,38.1,-3.9,127.0
spain,38.1,-3.8,17528.0
spain,38.1,-3.7,41044.0
spain,38.1,-3.6,15112.0
spain,38.1,-3.5,429.0
spain,38.1,-3.4,643.0
spain,38.1,-3.3,3888.0
spain,38.1,-3.2,0.0
spain,38.1,-3.1,9532.0
spain,38.1,-3.0,867.0
spain,38.1,-2.9,1.0
spain,38.1,-2.8,0.0
spain,38.1,-2.7,330.0
spain,38.1,-2.6,1766.0
spain,38.1,-2.5,44.0
spain,38.1,-2.4,257.0
spain,38.1,-2.3,2.0
spain,38.1,-2.2,33.0
spain,38.1,-2.1,0.0
spain,38.1,-2.0,1725.0
spain,38.1,-1.9,22145.0
spain,38.1,-1.8,14183.0
spain,38.1,-1.7,11704.0
spain,38.1,-1.6,285.0
spain,38.1,-1.5,444.0
spain,38.1,-1.4,2440.0
spain,38.1,-1.3,35404.0
spain,38.1,-1.2,85528.0
spain,38.1,-1.1,9852.0
spain,38.1,-1.0,7627.0
spain,38.1,-0.9,86879.0
spain,38.1,-0.8,43600.0
spain,38.1,-0.7,47169.0
spain,38.2,-6.9,2.0
spain,38.2,-6.8,5.0
spain,38.2,-6.7,4793.0
spain,38.2,-6.6,1033.0
spain,38.2,-6.5,4.0
spain,38.2,-6.4,0.0
spain,38.2,-6.3,4692.0
spain,38.2,-6.2,841.0
spain,38.2,-6.1,212.0
spain,38.2,-6.0,813.0
spain,38.2,-5.9,507.0
spain,38.2,-5.8,565.0
spain,38.2,-5.7,2.0
spain,38.2,-5.6,0.0
spain,38.2,-5.5,828.0
spain,38.2,-5.4,85.0
spain,38.2,-5.3,684.0
spain,38.2,-5.2,999.0
spain,38.2,-5.1,214.0
spain,38.2,-5.0,2095.0
spain,38.2,-4.9,16.0
spain,38.2,-4.8,16.0
spain,38.2,-4.7,6.0
spain,38.2,-4.6,12.0
spain,38.2,-4.5,8.0
spain,38.2,-4.4,5.0
spain,38.2,-4.3,162.0
spain,38.2,-4.2,10.0
spain,38.2,-4.1,35.0
spain,38.2,-4.0,45.0
spain,38.2,-3.9,24.0
spain,38.2,-3.8,2491.0
spain,38.2,-3.7,3055.0
spain,38.2,-3.6,449.0
spain,38.2,-3.5,3964.0
spain,38.2,-3.4,1711.0
spain,38.2,-3.3,4491.0
spain,38.2,-3.2,1240.0
spain,38.2,-3.1,832.0
spain,38.2,-3.0,9854.0
spain,38.2,-2.9,30.0
spain,38.2,-2.8,421.0
spain,38.2,-2.7,1492.0
spain,38.2,-2.6,92.0
spain,38.2,-2.5,297.0
spain,38.2,-2.4,109.0
spain,38.2,-2.3,801.0
spain,38.2,-2.2,559.0
spain,38.2,-2.1,195.0
spain,38.2,-2.0,19.0
spain,38.2,-1.9,5922.0
spain,38.2,-1.8,33.0
spain,38.2,-1.7,10458.0
spain,38.2,-1.6,23.0
spain,38.2,-1.5,222.0
spain,38.2,-1.4,50207.0
spain,38.2,-1.3,2572.0
spain,38.2,-1.2,1262.0
spain,38.2,-1.1,9951.0
spain,38.2,-1.0,6228.0
spain,38.2,-0.9,13831.0
spain,38.2,-0.8,43939.0
spain,38.2,-0.7,7690.0
spain,38.2,-0.6,42352.0
spain,38.3,-7.1,4.0
spain,38.3,-7.0,6.0
spain,38.3,-6.9,7839.0
spain,38.3,-6.8,9330.0
spain,38.3,-6.7,368.0
spain,38.3,-6.6,7.0
spain,38.3,-6.5,2215.0
spain,38.3,-6.4,168.0
spain,38.3,-6.3,722.0
spain,38.3,-6.2,2090.0
spain,38.3,-6.1,908.0
spain,38.3,-6.0,5507.0
spain,38.3,-5.9,851.0
spain,38.3,-5.8,2305.0
spain,38.3,-5.7,7632.0
spain,38.3,-5.6,1961.0
spain,38.3,-5.5,221.0
spain,38.3,-5.4,2456.0
spain,38.3,-5.3,6335.0
spain,38.3,-5.2,7186.0
spain,38.3,-5.1,16.0
spain,38.3,-5.0,3.0
spain,38.3,-4.9,7.0
spain,38.3,-4.8,9.0
spain,38.3,-4.7,6.0
spain,38.3,-4.6,8653.0
spain,38.3,-4.5,5.0
spain,38.3,-4.4,4.0
spain,38.3,-4.3,1306.0
spain,38.3,-4.2,0.0
spain,38.3,-4.1,8.0
spain,38.3,-4.0,3.0
spain,38.3,-3.9,10.0
spain,38.3,-3.8,114.0
spain,38.3,-3.7,35.0
spain,38.3,-3.6,15169.0
spain,38.3,-3.5,7.0
spain,38.3,-3.4,2.0
spain,38.3,-3.3,0.0
spain,38.3,-3.2,4789.0
spain,38.3,-3.1,2645.0
spain,38.3,-3.0,129.0
spain,38.3,-2.9,7080.0
spain,38.3,-2.8,522.0
spain,38.3,-2.7,3514.0
spain,38.3,-2.6,629.0
spain,38.3,-2.5,8.0
spain,38.3,-2.4,271.0
spain,38.3,-2.3,167.0
spain,38.3,-2.2,75.0
spain,38.3,-2.1,103.0
spain,38.3,-2.0,2483.0
spain,38.3,-1.9,585.0
spain,38.3,-1.8,23.0
spain,38.3,-1.7,106.0
spain,38.3,-1.6,5.0
spain,38.3,-1.5,374.0
spain,38.3,-1.4,1535.0
spain,38.3,-1.3,59.0
spain,38.3,-1.2,260.0
spain,38.3,-1.1,192.0
spain,38.3,-1.0,3002.0
spain,38.3,-0.9,4201.0
spain,38.3,-0.8,22138.0
spain,38.3,-0.7,200372.0
spain,38.3,-0.6,78126.0
spain,38.4,-7.2,6.0
spain,38.4,-7.1,1489.0
spain,38.4,-7.0,1949.0
spain,38.4,-6.9,1.0
spain,38.4,-6.8,740.0
spain,38.4,-6.7,233.0
spain,38.4,-6.6,3062.0
spain,38.4,-6.5,1531.0
spain,38.4,-6.4,19933.0
spain,38.4,-6.3,62.0
spain,38.4,-6.2,346.0
spain,38.4,-6.1,1389.0
spain,38.4,-6.0,1372.0
spain,38.4,-5.9,967.0
spain,38.4,-5.8,2.0
spain,38.4,-5.7,4.0
spain,38.4,-5.6,3.0
spain,38.4,-5.5,2.0
spain,38.4,-5.4,668.0
spain,38.4,-5.3,772.0
spain,38.4,-5.2,20.0
spain,38.4,-5.1,11.0
spain,38.4,-5.0,3212.0
spain,38.4,-4.9,21044.0
spain,38.4,-4.8,1526.0
spain,38.4,-4.7,0.0
spain,38.4,-4.6,4.0
spain,38.4,-4.5,378.0
spain,38.4,-4.4,10.0
spain,38.4,-4.3,1007.0
spain,38.4,-4.2,0.0
spain,38.4,-4.1,1.0
spain,38.4,-4.0,0.0
spain,38.4,-3.9,234.0
spain,38.4,-3.8,0.0
spain,38.4,-3.7,0.0
spain,38.4,-3.6,11.0
spain,38.4,-3.5,880.0
spain,38.4,-3.4,491.0
spain,38.4,-3.3,0.0
spain,38.4,-3.2,0.0
spain,38.4,-3.1,651.0
spain,38.4,-3.0,0.0
spain,38.4,-2.9,6.0
spain,38.4,-2.8,2103.0
spain,38.4,-2.7,1992.0
spain,38.4,-2.6,2283.0
spain,38.4,-2.5,7.0
spain,38.4,-2.4,331.0
spain,38.4,-2.3,1752.0
spain,38.4,-2.2,224.0
spain,38.4,-2.1,727.0
spain,38.4,-2.0,340.0
spain,38.4,-1.9,5.0
spain,38.4,-1.8,6.0
spain,38.4,-1.7,5.0
spain,38.4,-1.6,832.0
spain,38.4,-1.5,5.0
spain,38.4,-1.4,8.0
spain,38.4,-1.3,42.0
spain,38.4,-1.2,73.0
spain,38.4,-1.1,7774.0
spain,38.4,-1.0,741.0
spain,38.4,-0.9,2866.0
spain,38.4,-0.8,37839.0
spain,38.4,-0.7,12190.0
spain,38.4,-0.6,4862.0
spain,38.4,-0.5,363938.0
spain,38.5,-7.2,8.0
spain,38.5,-7.1,1645.0
spain,38.5,-7.0,677.0
spain,38.5,-6.9,995.0
spain,38.5,-6.8,4203.0
spain,38.5,-6.7,1608.0
spain,38.5,-6.6,2411.0
spain,38.5,-6.5,5601.0
spain,38.5,-6.4,9511.0
spain,38.5,-6.3,27.0
spain,38.5,-6.2,3135.0
spain,38.5,-6.1,306.0
spain,38.5,-6.0,2.0
spain,38.5,-5.9,0.0
spain,38.5,-5.8,1331.0
spain,38.5,-5.7,0.0
spain,38.5,-5.6,490.0
spain,38.5,-5.5,9.0
spain,38.5,-5.4,0.0
spain,38.5,-5.3,2.0
spain,38.5,-5.2,169.0
spain,38.5,-5.1,6488.0
spain,38.5,-5.0,1129.0
spain,38.5,-4.9,2518.0
spain,38.5,-4.8,352.0
spain,38.5,-4.7,1019.0
spain,38.5,-4.6,1.0
spain,38.5,-4.5,0.0
spain,38.5,-4.4,5.0
spain,38.5,-4.3,3.0
spain,38.5,-4.2,4.0
spain,38.5,-4.1,318.0
spain,38.5,-4.0,0.0
spain,38.5,-3.9,0.0
spain,38.5,-3.8,288.0
spain,38.5,-3.7,0.0
spain,38.5,-3.6,2092.0
spain,38.5,-3.5,751.0
spain,38.5,-3.4,2.0
spain,38.5,-3.3,1827.0
spain,38.5,-3.2,1.0
spain,38.5,-3.1,0.0
spain,38.5,-3.0,904.0
spain,38.5,-2.9,2.0
spain,38.5,-2.8,2.0
spain,38.5,-2.7,15.0
spain,38.5,-2.6,997.0
spain,38.5,-2.5,477.0
spain,38.5,-2.4,1223.0
spain,38.5,-2.3,276.0
spain,38.5,-2.2,490.0
spain,38.5,-2.1,88.0
spain,38.5,-2.0,3213.0
spain,38.5,-1.9,1063.0
spain,38.5,-1.8,2383.0
spain,38.5,-1.7,26370.0
spain,38.5,-1.6,628.0
spain,38.5,-1.5,12.0
spain,38.5,-1.4,8858.0
spain,38.5,-1.3,16637.0
spain,38.5,-1.2,41.0
spain,38.5,-1.1,62.0
spain,38.5,-1.0,388.0
spain,38.5,-0.9,1589.0
spain,38.5,-0.8,94787.0
spain,38.5,-0.7,278.0
spain,38.5,-0.6,1492.0
spain,38.5,-0.5,4016.0
spain,38.5,-0.4,48711.0
spain,38.5,-0.3,28088.0
spain,38.6,-7.2,0.0
spain,38.6,-7.1,601.0
spain,38.6,-7.0,28.0
spain,38.6,-6.9,13.0
spain,38.6,-6.8,2517.0
spain,38.6,-6.7,1300.0
spain,38.6,-6.6,4072.0
spain,38.6,-6.5,6234.0
spain,38.6,-6.4,7203.0
spain,38.6,-6.3,5917.0
spain,38.6,-6.2,477.0
spain,38.6,-6.1,4218.0
spain,38.6,-6.0,0.0
spain,38.6,-5.9,2.0
spain,38.6,-5.8,432.0
spain,38.6,-5.7,1792.0
spain,38.6,-5.6,1338.0
spain,38.6,-5.5,7.0
spain,38.6,-5.4,2293.0
spain,38.6,-5.3,11.0
spain,38.6,-5.2,152.0
spain,38.6,-5.1,3041.0
spain,38.6,-5.0,2.0
spain,38.6,-4.9,744.0
spain,38.6,-4.8,0.0
spain,38.6,-4.7,204.0
spain,38.6,-4.6,5.0
spain,38.6,-4.5,6.0
spain,38.6,-4.4,0.0
spain,38.6,-4.3,5.0
spain,38.6,-4.2,964.0
spain,38.6,-4.1,455.0
spain,38.6,-4.0,9.0
spain,38.6,-3.9,276.0
spain,38.6,-3.8,1.0
spain,38.6,-3.7,11.0
spain,38.6,-3.6,43.0
spain,38.6,-3.5,4094.0
spain,38.6,-3.4,0.0
spain,38.6,-3.3,0.0
spain,38.6,-3.2,3.0
spain,38.6,-3.1,499.0
spain,38.6,-3.0,700.0
spain,38.6,-2.9,1697.0
spain,38.6,-2.8,1747.0
spain,38.6,-2.7,0.0
spain,38.6,-2.6,694.0
spain,38.6,-2.5,653.0
spain,38.6,-2.4,410.0
spain,38.6,-2.3,15.0
spain,38.6,-2.2,739.0
spain,38.6,-2.1,501.0
spain,38.6,-2.0,86.0
spain,38.6,-1.9,16.0
spain,38.6,-1.8,8.0
spain,38.6,-1.7,7376.0
spain,38.6,-1.6,340.0
spain,38.6,-1.5,2643.0
spain,38.6,-1.4,9.0
spain,38.6,-1.3,129.0
spain,38.6,-1.2,29.0
spain,38.6,-1.1,34307.0
spain,38.6,-1.0,131.0
spain,38.6,-0.9,8904.0
spain,38.6,-0.8,489.0
spain,38.6,-0.7,20640.0
spain,38.6,-0.6,25246.0
spain,38.6,-0.5,5728.0
spain,38.6,-0.4,680.0
spain,38.6,-0.3,2362.0
spain,38.6,-0.2,58284.0
spain,38.6,-0.1,95628.0
spain,38.7,-7.2,13.0
spain,38.7,-7.1,10372.0
spain,38.7,-7.0,4774.0
spain,38.7,-6.9,30.0
spain,38.7,-6.8,2045.0
spain,38.7,-6.7,1247.0
spain,38.7,-6.6,1205.0
spain,38.7,-6.5,3332.0
spain,38.7,-6.4,33068.0
spain,38.7,-6.3,6.0
spain,38.7,-6.2,405.0
spain,38.7,-6.1,272.0
spain,38.7,-6.0,1.0
spain,38.7,-5.9,3.0
spain,38.7,-5.8,1160.0
spain,38.7,-5.7,2333.0
spain,38.7,-5.6,3242.0
spain,38.7,-5.5,5975.0
spain,38.7,-5.4,286.0
spain,38.7,-5.3,203.0
spain,38.7,-5.2,4674.0
spain,38.7,-5.1,0.0
spain,38.7,-5.0,96.0
spain,38.7,-4.9,628.0
spain,38.7,-4.8,473.0
spain,38.7,-4.7,383.0
spain,38.7,-4.6,0.0
spain,38.7,-4.5,6.0
spain,38.7,-4.4,117.0
spain,38.7,-4.3,995.0
spain,38.7,-4.2,5300.0
spain,38.7,-4.1,51832.0
spain,38.7,-4.0,152.0
spain,38.7,-3.9,0.0
spain,38.7,-3.8,5204.0
spain,38.7,-3.7,3.0
spain,38.7,-3.6,0.0
spain,38.7,-3.5,1.0
spain,38.7,-3.4,27639.0
spain,38.7,-3.3,7.0
spain,38.7,-3.2,1.0
spain,38.7,-3.1,1403.0
spain,38.7,-3.0,4848.0
spain,38.7,-2.9,31.0
spain,38.7,-2.8,1551.0
spain,38.7,-2.7,2003.0
spain,38.7,-2.6,408.0
spain,38.7,-2.5,1165.0
spain,38.7,-2.4,357.0
spain,38.7,-2.3,100.0
spain,38.7,-2.2,38.0
spain,38.7,-2.1,56.0
spain,38.7,-2.0,2000.0
spain,38.7,-1.9,1513.0
spain,38.7,-1.8,54.0
spain,38.7,-1.7,0.0
spain,38.7,-1.6,27.0
spain,38.7,-1.5,8.0
spain,38.7,-1.4,2436.0
spain,38.7,-1.3,29.0
spain,38.7,-1.2,261.0
spain,38.7,-1.1,97.0
spain,38.7,-1.0,9976.0
spain,38.7,-0.9,24947.0
spain,38.7,-0.8,3432.0
spain,38.7,-0.7,131.0
spain,38.7,-0.6,7183.0
spain,38.7,-0.5,59932.0
spain,38.7,-0.4,12094.0
spain,38.7,-0.3,739.0
spain,38.7,-0.2,1680.0
spain,38.7,-0.1,4849.0
spain,38.7,-0.0,16516.0
spain,38.7,0.1,42750.0
spain,38.8,-7.1,15.0
spain,38.8,-7.0,1736.0
spain,38.8,-6.9,1123.0
spain,38.8,-6.8,353.0
spain,38.8,-6.7,3.0
spain,38.8,-6.6,2230.0
spain,38.8,-6.5,0.0
spain,38.8,-6.4,2259.0
spain,38.8,-6.3,2666.0
spain,38.8,-6.2,3442.0
spain,38.8,-6.1,2267.0
spain,38.8,-6.0,773.0
spain,38.8,-5.9,0.0
spain,38.8,-5.8,25.0
spain,38.8,-5.7,1953.0
spain,38.8,-5.6,25.0
spain,38.8,-5.5,0.0
spain,38.8,-5.4,0.0
spain,38.8,-5.3,0.0
spain,38.8,-5.2,104.0
spain,38.8,-5.1,1224.0
spain,38.8,-5.0,4.0
spain,38.8,-4.9,74.0
spain,38.8,-4.8,6803.0
spain,38.8,-4.7,20.0
spain,38.8,-4.6,0.0
spain,38.8,-4.5,159.0
spain,38.8,-4.4,60.0
spain,38.8,-4.3,414.0
spain,38.8,-4.2,0.0
spain,38.8,-4.1,626.0
spain,38.8,-4.0,375.0
spain,38.8,-3.9,3.0
spain,38.8,-3.8,29.0
spain,38.8,-3.7,730.0
spain,38.8,-3.6,5027.0
spain,38.8,-3.5,5.0
spain,38.8,-3.4,4907.0
spain,38.8,-3.3,86.0
spain,38.8,-3.2,329.0
spain,38.8,-3.1,0.0
spain,38.8,-3.0,1393.0
spain,38.8,-2.9,1418.0
spain,38.8,-2.8,0.0
spain,38.8,-2.7,0.0
spain,38.8,-2.6,336.0
spain,38.8,-2.5,565.0
spain,38.8,-2.4,137.0
spain,38.8,-2.3,136.0
spain,38.8,-2.2,1456.0
spain,38.8,-2.1,457.0
spain,38.8,-2.0,232.0
spain,38.8,-1.9,1088.0
spain,38.8,-1.8,2554.0
spain,38.8,-1.7,360.0
spain,38.8,-1.6,17.0
spain,38.8,-1.5,886.0
spain,38.8,-1.4,2029.0
spain,38.8,-1.3,35.0
spain,38.8,-1.2,9.0
spain,38.8,-1.1,38.0
spain,38.8,-1.0,4.0
spain,38.8,-0.9,2152.0
spain,38.8,-0.8,986.0
spain,38.8,-0.7,1109.0
spain,38.8,-0.6,38090.0
spain,38.8,-0.5,11407.0
spain,38.8,-0.4,14001.0
spain,38.8,-0.3,564.0
spain,38.8,-0.2,384.0
spain,38.8,-0.1,14016.0
spain,38.8,-0.0,30116.0
spain,38.8,0.1,75133.0
spain,38.9,-7.0,107662.0
spain,38.9,-6.9,11976.0
spain,38.9,-6.8,5950.0
spain,38.9,-6.7,8713.0
spain,38.9,-6.6,21752.0
spain,38.9,-6.5,2969.0
spain,38.9,-6.4,12361.0
spain,38.9,-6.3,57586.0
spain,38.9,-6.2,3144.0
spain,38.9,-6.1,6495.0
spain,38.9,-6.0,1144.0
spain,38.9,-5.9,34.0
spain,38.9,-5.8,1203.0
spain,38.9,-5.7,2660.0
spain,38.9,-5.6,4763.0
spain,38.9,-5.5,10.0
spain,38.9,-5.4,0.0
spain,38.9,-5.3,0.0
spain,38.9,-5.2,163.0
spain,38.9,-5.1,129.0
spain,38.9,-5.0,560.0
spain,38.9,-4.9,27.0
spain,38.9,-4.8,166.0
spain,38.9,-4.7,0.0
spain,38.9,-4.6,536.0
spain,38.9,-4.5,8.0
spain,38.9,-4.4,2.0
spain,38.9,-4.3,1257.0
spain,38.9,-4.2,352.0
spain,38.9,-4.1,1102.0
spain,38.9,-4.0,2739.0
spain,38.9,-3.9,15299.0
spain,38.9,-3.8,4281.0
spain,38.9,-3.7,10883.0
spain,38.9,-3.6,10129.0
spain,38.9,-3.5,0.0
spain,38.9,-3.4,178.0
spain,38.9,-3.3,8.0
spain,38.9,-3.2,16427.0
spain,38.9,-3.1,648.0
spain,38.9,-3.0,0.0
spain,38.9,-2.9,2.0
spain,38.9,-2.8,20.0
spain,38.9,-2.7,0.0
spain,38.9,-2.6,0.0
spain,38.9,-2.5,4.0
spain,38.9,-2.4,843.0
spain,38.9,-2.3,13.0
spain,38.9,-2.2,1864.0
spain,38.9,-2.1,962.0
spain,38.9,-2.0,1029.0
spain,38.9,-1.9,2189.0
spain,38.9,-1.8,73.0
spain,38.9,-1.7,3404.0
spain,38.9,-1.6,604.0
spain,38.9,-1.5,334.0
spain,38.9,-1.4,1033.0
spain,38.9,-1.3,9.0
spain,38.9,-1.2,79.0
spain,38.9,-1.1,24313.0
spain,38.9,-1.0,7.0
spain,38.9,-0.9,62.0
spain,38.9,-0.8,374.0
spain,38.9,-0.7,7065.0
spain,38.9,-0.6,13680.0
spain,38.9,-0.5,5135.0
spain,38.9,-0.4,13069.0
spain,38.9,-0.3,7258.0
spain,38.9,-0.2,16897.0
spain,38.9,-0.1,28921.0
spain,38.9,1.4,86396.0
spain,39.0,-6.9,238.0
spain,39.0,-6.8,22.0
spain,39.0,-6.7,16.0
spain,39.0,-6.6,5.0
spain,39.0,-6.5,1391.0
spain,39.0,-6.4,583.0
spain,39.0,-6.3,1400.0
spain,39.0,-6.2,856.0
spain,39.0,-6.1,524.0
spain,39.0,-6.0,5368.0
spain,39.0,-5.9,35727.0
spain,39.0,-5.8,23032.0
spain,39.0,-5.7,3000.0
spain,39.0,-5.6,10.0
spain,39.0,-5.5,2885.0
spain,39.0,-5.4,0.0
spain,39.0,-5.3,897.0
spain,39.0,-5.2,4385.0
spain,39.0,-5.1,1842.0
spain,39.0,-5.0,12.0
spain,39.0,-4.9,2080.0
spain,39.0,-4.8,4.0
spain,39.0,-4.7,0.0
spain,39.0,-4.6,2.0
spain,39.0,-4.5,0.0
spain,39.0,-4.4,4.0
spain,39.0,-4.3,417.0
spain,39.0,-4.2,4283.0
spain,39.0,-4.1,1749.0
spain,39.0,-4.0,684.0
spain,39.0,-3.9,74626.0
spain,39.0,-3.8,4096.0
spain,39.0,-3.7,1968.0
spain,39.0,-3.6,22.0
spain,39.0,-3.5,4.0
spain,39.0,-3.4,23695.0
spain,39.0,-3.3,7.0
spain,39.0,-3.2,7.0
spain,39.0,-3.1,0.0
spain,39.0,-3.0,3.0
spain,39.0,-2.9,562.0
spain,39.0,-2.8,572.0
spain,39.0,-2.7,1663.0
spain,39.0,-2.6,0.0
spain,39.0,-2.5,5994.0
spain,39.0,-2.4,9.0
spain,39.0,-2.3,0.0
spain,39.0,-2.2,1841.0
spain,39.0,-2.1,308.0
spain,39.0,-2.0,135.0
spain,39.0,-1.9,167574.0
spain,39.0,-1.8,29.0
spain,39.0,-1.7,1.0
spain,39.0,-1.6,0.0
spain,39.0,-1.5,0.0
spain,39.0,-1.4,1137.0
spain,39.0,-1.3,36.0
spain,39.0,-1.2,2170.0
spain,39.0,-1.1,60.0
spain,39.0,-1.0,5116.0
spain,39.0,-0.9,3.0
spain,39.0,-0.8,31.0
spain,39.0,-0.7,6023.0
spain,39.0,-0.6,28979.0
spain,39.0,-0.5,36913.0
spain,39.0,-0.4,1599.0
spain,39.0,-0.3,6597.0
spain,39.0,-0.2,104050.0
spain,39.0,1.3,40204.0
spain,39.0,1.4,6396.0
spain,39.0,1.5,33076.0
spain,39.1,-6.9,2110.0
spain,39.1,-6.8,10.0
spain,39.1,-6.7,1453.0
spain,39.1,-6.6,0.0
spain,39.1,-6.5,1745.0
spain,39.1,-6.4,6.0
spain,39.1,-6.3,98.0
spain,39.1,-6.2,10.0
spain,39.1,-6.1,14.0
spain,39.1,-6.0,706.0
spain,39.1,-5.9,9950.0
spain,39.1,-5.8,1660.0
spain,39.1,-5.7,1671.0
spain,39.1,-5.6,2665.0
spain,39.1,-5.5,2744.0
spain,39.1,-5.4,1456.0
spain,39.1,-5.3,1542.0
spain,39.1,-5.2,19.0
spain,39.1,-5.1,9.0
spain,39.1,-5.0,531.0
spain,39.1,-4.9,1708.0
spain,39.1,-4.8,1.0
spain,39.1,-4.7,0.0
spain,39.1,-4.6,1147.0
spain,39.1,-4.5,0.0
spain,39.1,-4.4,0.0
spain,39.1,-4.3,3.0
spain,39.1,-4.2,2740.0
spain,39.1,-4.1,671.0
spain,39.1,-4.0,1.0
spain,39.1,-3.9,1203.0
spain,39.1,-3.8,10.0
spain,39.1,-3.7,37.0
spain,39.1,-3.6,17764.0
spain,39.1,-3.5,2.0
spain,39.1,-3.4,0.0
spain,39.1,-3.3,698.0
spain,39.1,-3.2,0.0
spain,39.1,-3.1,4601.0
spain,39.1,-3.0,17.0
spain,39.1,-2.9,7.0
spain,39.1,-2.8,6.0
spain,39.1,-2.7,0.0
spain,39.1,-2.6,9.0
spain,39.1,-2.5,0.0
spain,39.1,-2.4,145.0
spain,39.1,-2.3,6.0
spain,39.1,-2.2,5.0
spain,39.1,-2.1,0.0
spain,39.1,-2.0,2538.0
spain,39.1,-1.9,113.0
spain,39.1,-1.8,50.0
spain,39.1,-1.7,2495.0
spain,39.1,-1.6,1356.0
spain,39.1,-1.5,613.0
spain,39.1,-1.4,4.0
spain,39.1,-1.3,988.0
spain,39.1,-1.2,20.0
spain,39.1,-1.1,1787.0
spain,39.1,-1.0,20.0
spain,39.1,-0.9,2.0
spain,39.1,-0.8,740.0
spain,39.1,-0.7,3551.0
spain,39.1,-0.6,7916.0
spain,39.1,-0.5,37896.0
spain,39.1,-0.4,15870.0
spain,39.1,-0.3,20916.0
spain,39.2,-7.2,54.0
spain,39.2,-7.1,40.0
spain,39.2,-7.0,5122.0
spain,39.2,-6.9,16.0
spain,39.2,-6.8,2.0
spain,39.2,-6.7,0.0
spain,39.2,-6.6,1850.0
spain,39.2,-6.5,9.0
spain,39.2,-6.4,114.0
spain,39.2,-6.3,674.0
spain,39.2,-6.2,4817.0
spain,39.2,-6.1,983.0
spain,39.2,-6.0,1791.0
spain,39.2,-5.9,1068.0
spain,39.2,-5.8,1225.0
spain,39.2,-5.7,4.0
spain,39.2,-5.6,0.0
spain,39.2,-5.5,6.0
spain,39.2,-5.4,3.0
spain,39.2,-5.3,13.0
spain,39.2,-5.2,16.0
spain,39.2,-5.1,225.0
spain,39.2,-5.0,3238.0
spain,39.2,-4.9,79.0
spain,39.2,-4.8,423.0
spain,39.2,-4.7,0.0
spain,39.2,-4.6,462.0
spain,39.2,-4.5,405.0
spain,39.2,-4.4,155.0
spain,39.2,-4.3,1055.0
spain,39.2,-4.2,224.0
spain,39.2,-4.1,191.0
spain,39.2,-4.0,80.0
spain,39.2,-3.9,7127.0
spain,39.2,-3.8,3133.0
spain,39.2,-3.7,1.0
spain,39.2,-3.6,9778.0
spain,39.2,-3.5,1026.0
spain,39.2,-3.4,2717.0
spain,39.2,-3.3,0.0
spain,39.2,-3.2,489.0
spain,39.2,-3.1,2169.0
spain,39.2,-3.0,36033.0
spain,39.2,-2.9,0.0
spain,39.2,-2.8,11.0
spain,39.2,-2.7,5.0
spain,39.2,-2.6,14.0
spain,39.2,-2.5,19.0
spain,39.2,-2.4,5.0
spain,39.2,-2.3,0.0
spain,39.2,-2.2,13445.0
spain,39.2,-2.1,2340.0
spain,39.2,-2.0,88.0
spain,39.2,-1.9,22.0
spain,39.2,-1.8,5269.0
spain,39.2,-1.7,1478.0
spain,39.2,-1.6,432.0
spain,39.2,-1.5,1284.0
spain,39.2,-1.4,1153.0
spain,39.2,-1.3,588.0
spain,39.2,-1.2,74.0
spain,39.2,-1.1,1900.0
spain,39.2,-1.0,428.0
spain,39.2,-0.9,16.0
spain,39.2,-0.8,20.0
spain,39.2,-0.7,0.0
spain,39.2,-0.6,2759.0
spain,39.2,-0.5,37570.0
spain,39.2,-0.4,89778.0
spain,39.2,-0.3,54738.0
spain,39.3,-7.2,5296.0
spain,39.3,-7.1,143.0
spain,39.3,-7.0,5.0
spain,39.3,-6.9,8.0
spain,39.3,-6.8,8.0
spain,39.3,-6.7,0.0
spain,39.3,-6.6,0.0
spain,39.3,-6.5,1.0
spain,39.3,-6.4,2.0
spain,39.3,-6.3,665.0
spain,39.3,-6.2,628.0
spain,39.3,-6.1,2101.0
spain,39.3,-6.0,1527.0
spain,39.3,-5.9,1157.0
spain,39.3,-5.8,19.0
spain,39.3,-5.7,1584.0
spain,39.3,-5.6,0.0
spain,39.3,-5.5,1950.0
spain,39.3,-5.4,1.0
spain,39.3,-5.3,0.0
spain,39.3,-5.2,1077.0
spain,39.3,-5.1,904.0
spain,39.3,-5.0,0.0
spain,39.3,-4.9,535.0
spain,39.3,-4.8,72.0
spain,39.3,-4.7,833.0
spain,39.3,-4.6,0.0
spain,39.3,-4.5,474.0
spain,39.3,-4.4,0.0
spain,39.3,-4.3,205.0
spain,39.3,-4.2,532.0
spain,39.3,-4.1,577.0
spain,39.3,-4.0,402.0
spain,39.3,-3.9,226.0
spain,39.3,-3.8,9.0
spain,39.3,-3.7,2.0
spain,39.3,-3.6,1.0
spain,39.3,-3.5,1456.0
spain,39.3,-3.4,1943.0
spain,39.3,-3.3,2812.0
spain,39.3,-3.2,10.0
spain,39.3,-3.1,213.0
spain,39.3,-3.0,584.0
spain,39.3,-2.9,0.0
spain,39.3,-2.8,12073.0
spain,39.3,-2.7,50.0
spain,39.3,-2.6,24880.0
spain,39.3,-2.5,32.0
spain,39.3,-2.4,441.0
spain,39.3,-2.3,3234.0
spain,39.3,-2.2,0.0
spain,39.3,-2.1,1098.0
spain,39.3,-2.0,7.0
spain,39.3,-1.9,6926.0
spain,39.3,-1.8,16.0
spain,39.3,-1.7,1895.0
spain,39.3,-1.6,4035.0
spain,39.3,-1.5,5719.0
spain,39.3,-1.4,1166.0
spain,39.3,-1.3,114.0
spain,39.3,-1.2,88.0
spain,39.3,-1.1,140.0
spain,39.3,-1.0,248.0
spain,39.3,-0.9,140.0
spain,39.3,-0.8,741.0
spain,39.3,-0.7,778.0
spain,39.3,-0.6,11442.0
spain,39.3,-0.5,5889.0
spain,39.3,-0.4,39419.0
spain,39.3,3.1,5743.0
spain,39.4,-7.2,4567.0
spain,39.4,-7.1,10.0
spain,39.4,-7.0,2.0
spain,39.4,-6.9,10.0
spain,39.4,-6.8,1.0
spain,39.4,-6.7,1751.0
spain,39.4,-6.6,10.0
spain,39.4,-6.5,3771.0
spain,39.4,-6.4,2944.0
spain,39.4,-6.3,5444.0
spain,39.4,-6.2,804.0
spain,39.4,-6.1,11.0
spain,39.4,-6.0,1318.0
spain,39.4,-5.9,20.0
spain,39.4,-5.8,2510.0
spain,39.4,-5.7,474.0
spain,39.4,-5.6,691.0
spain,39.4,-5.5,408.0
spain,39.4,-5.4,1623.0
spain,39.4,-5.3,10.0
spain,39.4,-5.2,655.0
spain,39.4,-5.1,0.0
spain,39.4,-5.0,75.0
spain,39.4,-4.9,14.0
spain,39.4,-4.8,0.0
spain,39.4,-4.7,47.0
spain,39.4,-4.6,0.0
spain,39.4,-4.5,1.0
spain,39.4,-4.4,2.0
spain,39.4,-4.3,4.0
spain,39.4,-4.2,12.0
spain,39.4,-4.1,1.0
spain,39.4,-4.0,0.0
spain,39.4,-3.9,26.0
spain,39.4,-3.8,6.0
spain,39.4,-3.7,2419.0
spain,39.4,-3.6,3342.0
spain,39.4,-3.5,1725.0
spain,39.4,-3.4,1742.0
spain,39.4,-3.3,6844.0
spain,39.4,-3.2,33742.0
spain,39.4,-3.1,9271.0
spain,39.4,-3.0,1574.0
spain,39.4,-2.9,5914.0
spain,39.4,-2.8,5.0
spain,39.4,-2.7,8449.0
spain,39.4,-2.6,2963.0
spain,39.4,-2.5,3990.0
spain,39.4,-2.4,2975.0
spain,39.4,-2.3,741.0
spain,39.4,-2.2,2835.0
spain,39.4,-2.1,36.0
spain,39.4,-2.0,3223.0
spain,39.4,-1.9,9985.0
spain,39.4,-1.8,423.0
spain,39.4,-1.7,1422.0
spain,39.4,-1.6,1537.0
spain,39.4,-1.5,5.0
spain,39.4,-1.4,0.0
spain,39.4,-1.3,408.0
spain,39.4,-1.2,630.0
spain,39.4,-1.1,244.0
spain,39.4,-1.0,1.0
spain,39.4,-0.9,32.0
spain,39.4,-0.8,13990.0
spain,39.4,-0.7,9138.0
spain,39.4,-0.6,14034.0
spain,39.4,-0.5,112136.0
spain,39.4,-0.4,364268.0
spain,39.4,2.8,10305.0
spain,39.4,2.9,1665.0
spain,39.4,3.0,15374.0
spain,39.4,3.1,2117.0
spain,39.4,3.2,12885.0
spain,39.5,-7.3,4.0
spain,39.5,-7.2,6.0
spain,39.5,-7.1,24.0
spain,39.5,-7.0,1130.0
spain,39.5,-6.9,326.0
spain,39.5,-6.8,0.0
spain,39.5,-6.7,0.0
spain,39.5,-6.6,5660.0
spain,39.5,-6.5,392.0
spain,39.5,-6.4,90484.0
spain,39.5,-6.3,0.0
spain,39.5,-6.2,1.0
spain,39.5,-6.1,306.0
spain,39.5,-6.0,5.0
spain,39.5,-5.9,8529.0
spain,39.5,-5.8,234.0
spain,39.5,-5.7,175.0
spain,39.5,-5.6,411.0
spain,39.5,-5.5,101.0
spain,39.5,-5.4,624.0
spain,39.5,-5.3,1812.0
spain,39.5,-5.2,55.0
spain,39.5,-5.1,149.0
spain,39.5,-5.0,104.0
spain,39.5,-4.9,0.0
spain,39.5,-4.8,283.0
spain,39.5,-4.7,63.0
spain,39.5,-4.6,1.0
spain,39.5,-4.5,289.0
spain,39.5,-4.4,1226.0
spain,39.5,-4.3,1217.0
spain,39.5,-4.2,0.0
spain,39.5,-4.1,2.0
spain,39.5,-4.0,7.0
spain,39.5,-3.9,33.0
spain,39.5,-3.8,4.0
spain,39.5,-3.7,16.0
spain,39.5,-3.6,6611.0
spain,39.5,-3.5,10194.0
spain,39.5,-3.4,0.0
spain,39.5,-3.3,3.0
spain,39.5,-3.2,1014.0
spain,39.5,-3.1,4795.0
spain,39.5,-3.0,1715.0
spain,39.5,-2.9,6025.0
spain,39.5,-2.8,1812.0
spain,39.5,-2.7,3.0
spain,39.5,-2.6,5.0
spain,39.5,-2.5,1588.0
spain,39.5,-2.4,7.0
spain,39.5,-2.3,142.0
spain,39.5,-2.2,647.0
spain,39.5,-2.1,688.0
spain,39.5,-2.0,2.0
spain,39.5,-1.9,880.0
spain,39.5,-1.8,4043.0
spain,39.5,-1.7,354.0
spain,39.5,-1.6,3250.0
spain,39.5,-1.5,27.0
spain,39.5,-1.4,1628.0
spain,39.5,-1.3,124.0
spain,39.5,-1.2,473.0
spain,39.5,-1.1,18384.0
spain,39.5,-1.0,148.0
spain,39.5,-0.9,1214.0
spain,39.5,-0.8,131.0
spain,39.5,-0.7,18854.0
spain,39.5,-0.6,15964.0
spain,39.5,-0.5,109455.0
spain,39.5,-0.4,884803.0
spain,39.5,2.8,28599.0
spain,39.5,2.9,13216.0
spain,39.5,3.0,5943.0
spain,39.5,3.1,10949.0
spain,39.5,3.2,2143.0
spain,39.6,-7.3,1.0
spain,39.6,-7.2,546.0
spain,39.6,-7.1,0.0
spain,39.6,-7.0,0.0
spain,39.6,-6.9,0.0
spain,39.6,-6.8,614.0
spain,39.6,-6.7,1171.0
spain,39.6,-6.6,1265.0
spain,39.6,-6.5,22.0
spain,39.6,-6.4,4499.0
spain,39.6,-6.3,233.0
spain,39.6,-6.2,920.0
spain,39.6,-6.1,1.0
spain,39.6,-6.0,0.0
spain,39.6,-5.9,297.0
spain,39.6,-5.8,0.0
spain,39.6,-5.7,1061.0
spain,39.6,-5.6,768.0
spain,39.6,-5.5,538.0
spain,39.6,-5.4,1421.0
spain,39.6,-5.3,165.0
spain,39.6,-5.2,4.0
spain,39.6,-5.1,987.0
spain,39.6,-5.0,455.0
spain,39.6,-4.9,178.0
spain,39.6,-4.8,495.0
spain,39.6,-4.7,82.0
spain,39.6,-4.6,4.0
spain,39.6,-4.5,1192.0
spain,39.6,-4.4,2543.0
spain,39.6,-4.3,2691.0
spain,39.6,-4.2,859.0
spain,39.6,-4.1,7.0
spain,39.6,-4.0,334.0
spain,39.6,-3.9,4365.0
spain,39.6,-3.8,4364.0
spain,39.6,-3.7,0.0
spain,39.6,-3.6,742.0
spain,39.6,-3.5,0.0
spain,39.6,-3.4,267.0
spain,39.6,-3.3,9228.0
spain,39.6,-3.2,3562.0
spain,39.6,-3.1,5128.0
spain,39.6,-3.0,11073.0
spain,39.6,-2.9,0.0
spain,39.6,-2.8,818.0
spain,39.6,-2.7,2299.0
spain,39.6,-2.6,51.0
spain,39.6,-2.5,248.0
spain,39.6,-2.4,729.0
spain,39.6,-2.3,1519.0
spain,39.6,-2.2,0.0
spain,39.6,-2.1,859.0
spain,39.6,-2.0,323.0
spain,39.6,-1.9,5781.0
spain,39.6,-1.8,1243.0
spain,39.6,-1.7,181.0
spain,39.6,-1.6,209.0
spain,39.6,-1.5,0.0
spain,39.6,-1.4,1892.0
spain,39.6,-1.3,1752.0
spain,39.6,-1.2,10110.0
spain,39.6,-1.1,263.0
spain,39.6,-1.0,491.0
spain,39.6,-0.9,924.0
spain,39.6,-0.8,715.0
spain,39.6,-0.7,3506.0
spain,39.6,-0.6,54774.0
spain,39.6,-0.5,62629.0
spain,39.6,-0.4,91388.0
spain,39.6,2.5,59807.0
spain,39.6,2.6,61566.0
spain,39.6,2.7,384246.0
spain,39.6,2.8,17648.0
spain,39.6,2.9,10725.0
spain,39.6,3.0,8057.0
spain,39.6,3.1,8721.0
spain,39.6,3.2,30522.0
spain,39.6,3.3,10923.0
spain,39.6,3.4,21953.0
spain,39.7,-6.9,1349.0
spain,39.7,-6.8,411.0
spain,39.7,-6.7,0.0
spain,39.7,-6.6,2.0
spain,39.7,-6.5,1968.0
spain,39.7,-6.4,390.0
spain,39.7,-6.3,795.0
spain,39.7,-6.2,4.0
spain,39.7,-6.1,7.0
spain,39.7,-6.0,5.0
spain,39.7,-5.9,1.0
spain,39.7,-5.8,582.0
spain,39.7,-5.7,358.0
spain,39.7,-5.6,188.0
spain,39.7,-5.5,264.0
spain,39.7,-5.4,403.0
spain,39.7,-5.3,343.0
spain,39.7,-5.2,616.0
spain,39.7,-5.1,253.0
spain,39.7,-5.0,1155.0
spain,39.7,-4.9,125.0
spain,39.7,-4.8,305.0
spain,39.7,-4.7,352.0
spain,39.7,-4.6,4112.0
spain,39.7,-4.5,4.0
spain,39.7,-4.4,724.0
spain,39.7,-4.3,3022.0
spain,39.7,-4.2,4038.0
spain,39.7,-4.1,226.0
spain,39.7,-4.0,14562.0
spain,39.7,-3.9,1498.0
spain,39.7,-3.8,3964.0
spain,39.7,-3.7,6276.0
spain,39.7,-3.6,700.0
spain,39.7,-3.5,2547.0
spain,39.7,-3.4,0.0
spain,39.7,-3.3,2528.0
spain,39.7,-3.2,2582.0
spain,39.7,-3.1,0.0
spain,39.7,-3.0,3112.0
spain,39.7,-2.9,2475.0
spain,39.7,-2.8,254.0
spain,39.7,-2.7,978.0
spain,39.7,-2.6,87.0
spain,39.7,-2.5,170.0
spain,39.7,-2.4,722.0
spain,39.7,-2.3,36.0
spain,39.7,-2.2,1176.0
spain,39.7,-2.1,48.0
spain,39.7,-2.0,15.0
spain,39.7,-1.9,384.0
spain,39.7,-1.8,90.0
spain,39.7,-1.7,193.0
spain,39.7,-1.6,305.0
spain,39.7,-1.5,918.0
spain,39.7,-1.4,7.0
spain,39.7,-1.3,757.0
spain,39.7,-1.2,76.0
spain,39.7,-1.1,180.0
spain,39.7,-1.0,1949.0
spain,39.7,-0.9,1221.0
spain,39.7,-0.8,814.0
spain,39.7,-0.7,3803.0
spain,39.7,-0.6,2861.0
spain,39.7,-0.5,5549.0
spain,39.7,-0.4,6265.0
spain,39.7,-0.3,93460.0
spain,39.7,2.6,10796.0
spain,39.7,2.7,17352.0
spain,39.7,2.8,16788.0
spain,39.7,2.9,46574.0
spain,39.7,3.0,11241.0
spain,39.7,3.1,8480.0
spain,39.7,3.2,21151.0
spain,39.7,3.3,8081.0
spain,39.7,3.4,12140.0
spain,39.8,-6.9,24.0
spain,39.8,-6.8,38.0
spain,39.8,-6.7,1769.0
spain,39.8,-6.6,809.0
spain,39.8,-6.5,225.0
spain,39.8,-6.4,1029.0
spain,39.8,-6.3,640.0
spain,39.8,-6.2,1463.0
spain,39.8,-6.1,16.0
spain,39.8,-6.0,555.0
spain,39.8,-5.9,1.0
spain,39.8,-5.8,399.0
spain,39.8,-5.7,1707.0
spain,39.8,-5.6,1018.0
spain,39.8,-5.5,826.0
spain,39.8,-5.4,120.0
spain,39.8,-5.3,549.0
spain,39.8,-5.2,1218.0
spain,39.8,-5.1,1112.0
spain,39.8,-5.0,1.0
spain,39.8,-4.9,3175.0
spain,39.8,-4.8,187.0
spain,39.8,-4.7,1031.0
spain,39.8,-4.6,95.0
spain,39.8,-4.5,6.0
spain,39.8,-4.4,4092.0
spain,39.8,-4.3,1.0
spain,39.8,-4.2,3896.0
spain,39.8,-4.1,10152.0
spain,39.8,-4.0,39383.0
spain,39.8,-3.9,85.0
spain,39.8,-3.8,0.0
spain,39.8,-3.7,643.0
spain,39.8,-3.6,0.0
spain,39.8,-3.5,2233.0
spain,39.8,-3.4,0.0
spain,39.8,-3.3,68.0
spain,39.8,-3.2,2635.0
spain,39.8,-3.1,349.0
spain,39.8,-3.0,3597.0
spain,39.8,-2.9,320.0
spain,39.8,-2.8,773.0
spain,39.8,-2.7,568.0
spain,39.8,-2.6,295.0
spain,39.8,-2.5,449.0
spain,39.8,-2.4,1411.0
spain,39.8,-2.3,631.0
spain,39.8,-2.2,1649.0
spain,39.8,-2.1,234.0
spain,39.8,-2.0,29.0
spain,39.8,-1.9,121.0
spain,39.8,-1.8,135.0
spain,39.8,-1.7,318.0
spain,39.8,-1.6,120.0
spain,39.8,-1.5,42.0
spain,39.8,-1.4,66.0
spain,39.8,-1.3,844.0
spain,39.8,-1.2,1035.0
spain,39.8,-1.1,1172.0
spain,39.8,-1.0,6.0
spain,39.8,-0.9,510.0
spain,39.8,-0.8,3248.0
spain,39.8,-0.7,617.0
spain,39.8,-0.6,3.0
spain,39.8,-0.5,13868.0
spain,39.8,-0.4,2701.0
spain,39.8,-0.3,2328.0
spain,39.8,-0.2,45985.0
spain,39.8,2.8,1780.0
spain,39.8,2.9,2203.0
spain,39.8,3.0,23827.0
spain,39.9,-6.8,2.0
spain,39.9,-6.7,233.0
spain,39.9,-6.6,36.0
spain,39.9,-6.5,2934.0
spain,39.9,-6.4,330.0
spain,39.9,-6.3,1894.0
spain,39.9,-6.2,674.0
spain,39.9,-6.1,25.0
spain,39.9,-6.0,23.0
spain,39.9,-5.9,73.0
spain,39.9,-5.8,1402.0
spain,39.9,-5.7,2109.0
spain,39.9,-5.6,5430.0
spain,39.9,-5.5,11685.0
spain,39.9,-5.4,1402.0
spain,39.9,-5.3,1122.0
spain,39.9,-5.2,5095.0
spain,39.9,-5.1,283.0
spain,39.9,-5.0,2926.0
spain,39.9,-4.9,7877.0
spain,39.9,-4.8,7.0
spain,39.9,-4.7,1970.0
spain,39.9,-4.6,4949.0
spain,39.9,-4.5,200.0
spain,39.9,-4.4,6340.0
spain,39.9,-4.3,3728.0
spain,39.9,-4.2,644.0
spain,39.9,-4.1,3150.0
spain,39.9,-4.0,72645.0
spain,39.9,-3.9,731.0
spain,39.9,-3.8,2.0
spain,39.9,-3.7,2589.0
spain,39.9,-3.6,7682.0
spain,39.9,-3.5,2556.0
spain,39.9,-3.4,0.0
spain,39.9,-3.3,2562.0
spain,39.9,-3.2,0.0
spain,39.9,-3.1,0.0
spain,39.9,-3.0,1730.0
spain,39.9,-2.9,232.0
spain,39.9,-2.8,467.0
spain,39.9,-2.7,675.0
spain,39.9,-2.6,769.0
spain,39.9,-2.5,0.0
spain,39.9,-2.4,546.0
spain,39.9,-2.3,75.0
spain,39.9,-2.2,123.0
spain,39.9,-2.1,86.0
spain,39.9,-2.0,453.0
spain,39.9,-1.9,158.0
spain,39.9,-1.8,844.0
spain,39.9,-1.7,3.0
spain,39.9,-1.6,187.0
spain,39.9,-1.5,272.0
spain,39.9,-1.4,1202.0
spain,39.9,-1.3,199.0
spain,39.9,-1.2,25.0
spain,39.9,-1.1,909.0
spain,39.9,-1.0,742.0
spain,39.9,-0.9,54.0
spain,39.9,-0.8,18.0
spain,39.9,-0.7,927.0
spain,39.9,-0.6,3423.0
spain,39.9,-0.5,1963.0
spain,39.9,-0.4,940.0
spain,39.9,-0.3,4546.0
spain,39.9,-0.2,15560.0
spain,39.9,-0.1,107050.0
spain,39.9,3.0,17088.0
spain,39.9,4.1,3758.0
spain,39.9,4.2,2458.0
spain,39.9,4.3,41856.0
spain,40.0,-6.8,0.0
spain,40.0,-6.7,228.0
spain,40.0,-6.6,11684.0
spain,40.0,-6.5,448.0
spain,40.0,-6.4,2153.0
spain,40.0,-6.3,1554.0
spain,40.0,-6.2,942.0
spain,40.0,-6.1,43375.0
spain,40.0,-6.0,690.0
spain,40.0,-5.9,37.0
spain,40.0,-5.8,1496.0
spain,40.0,-5.7,5603.0
spain,40.0,-5.6,6380.0
spain,40.0,-5.5,2597.0
spain,40.0,-5.4,561.0
spain,40.0,-5.3,234.0
spain,40.0,-5.2,22.0
spain,40.0,-5.1,29.0
spain,40.0,-5.0,2812.0
spain,40.0,-4.9,3627.0
spain,40.0,-4.8,79993.0
spain,40.0,-4.7,3023.0
spain,40.0,-4.6,1522.0
spain,40.0,-4.5,2714.0
spain,40.0,-4.4,5781.0
spain,40.0,-4.3,17990.0
spain,40.0,-4.2,7709.0
spain,40.0,-4.1,1322.0
spain,40.0,-4.0,5013.0
spain,40.0,-3.9,23751.0
spain,40.0,-3.8,3826.0
spain,40.0,-3.7,5387.0
spain,40.0,-3.6,64237.0
spain,40.0,-3.5,16765.0
spain,40.0,-3.4,2027.0
spain,40.0,-3.3,486.0
spain,40.0,-3.2,4831.0
spain,40.0,-3.1,269.0
spain,40.0,-3.0,16037.0
spain,40.0,-2.9,522.0
spain,40.0,-2.8,528.0
spain,40.0,-2.7,3.0
spain,40.0,-2.6,404.0
spain,40.0,-2.5,144.0
spain,40.0,-2.4,126.0
spain,40.0,-2.3,91.0
spain,40.0,-2.2,1307.0
spain,40.0,-2.1,2039.0
spain,40.0,-2.0,77.0
spain,40.0,-1.9,135.0
spain,40.0,-1.8,134.0
spain,40.0,-1.7,63.0
spain,40.0,-1.6,1045.0
spain,40.0,-1.5,85.0
spain,40.0,-1.4,124.0
spain,40.0,-1.3,478.0
spain,40.0,-1.2,69.0
spain,40.0,-1.1,25.0
spain,40.0,-1.0,208.0
spain,40.0,-0.9,80.0
spain,40.0,-0.8,16.0
spain,40.0,-0.7,595.0
spain,40.0,-0.6,941.0
spain,40.0,-0.5,118.0
spain,40.0,-0.4,608.0
spain,40.0,-0.3,26255.0
spain,40.0,-0.2,2015.0
spain,40.0,-0.1,30626.0
spain,40.0,-0.0,169315.0
spain,40.0,3.9,30646.0
spain,40.0,4.0,5029.0
spain,40.0,4.1,11312.0
spain,40.0,4.2,1696.0
spain,40.1,-6.8,1617.0
spain,40.1,-6.7,2155.0
spain,40.1,-6.6,6101.0
spain,40.1,-6.5,654.0
spain,40.1,-6.4,375.0
spain,40.1,-6.3,6467.0
spain,40.1,-6.2,1341.0
spain,40.1,-6.1,275.0
spain,40.1,-6.0,625.0
spain,40.1,-5.9,4532.0
spain,40.1,-5.8,1250.0
spain,40.1,-5.7,4943.0
spain,40.1,-5.6,5233.0
spain,40.1,-5.5,2845.0
spain,40.1,-5.4,1990.0
spain,40.1,-5.3,33.0
spain,40.1,-5.2,38.0
spain,40.1,-5.1,2262.0
spain,40.1,-5.0,82.0
spain,40.1,-4.9,314.0
spain,40.1,-4.8,1247.0
spain,40.1,-4.7,3441.0
spain,40.1,-4.6,134.0
spain,40.1,-4.5,1473.0
spain,40.1,-4.4,1006.0
spain,40.1,-4.3,3914.0
spain,40.1,-4.2,9492.0
spain,40.1,-4.1,10044.0
spain,40.1,-4.0,7373.0
spain,40.1,-3.9,19083.0
spain,40.1,-3.8,56792.0
spain,40.1,-3.7,29032.0
spain,40.1,-3.6,6376.0
spain,40.1,-3.5,7871.0
spain,40.1,-3.4,6924.0
spain,40.1,-3.3,996.0
spain,40.1,-3.2,1880.0
spain,40.1,-3.1,737.0
spain,40.1,-3.0,79.0
spain,40.1,-2.9,692.0
spain,40.1,-2.8,296.0
spain,40.1,-2.7,952.0
spain,40.1,-2.6,107.0
spain,40.1,-2.5,212.0
spain,40.1,-2.4,50.0
spain,40.1,-2.3,231.0
spain,40.1,-2.2,15185.0
spain,40.1,-2.1,39897.0
spain,40.1,-2.0,108.0
spain,40.1,-1.9,0.0
spain,40.1,-1.8,116.0
spain,40.1,-1.7,30.0
spain,40.1,-1.6,93.0
spain,40.1,-1.5,292.0
spain,40.1,-1.4,48.0
spain,40.1,-1.3,1521.0
spain,40.1,-1.2,419.0
spain,40.1,-1.1,120.0
spain,40.1,-1.0,0.0
spain,40.1,-0.9,107.0
spain,40.1,-0.8,1507.0
spain,40.1,-0.7,21.0
spain,40.1,-0.6,796.0
spain,40.1,-0.5,909.0
spain,40.1,-0.4,350.0
spain,40.1,-0.3,1341.0
spain,40.1,-0.2,14845.0
spain,40.1,-0.1,4495.0
spain,40.1,-0.0,3832.0
spain,40.1,0.1,21965.0
spain,40.2,-6.9,3105.0
spain,40.2,-6.8,1214.0
spain,40.2,-6.7,2399.0
spain,40.2,-6.6,2174.0
spain,40.2,-6.5,724.0
spain,40.2,-6.4,2459.0
spain,40.2,-6.3,543.0
spain,40.2,-6.2,2663.0
spain,40.2,-6.1,1129.0
spain,40.2,-6.0,1488.0
spain,40.2,-5.9,2132.0
spain,40.2,-5.8,5410.0
spain,40.2,-5.7,954.0
spain,40.2,-5.6,1.0
spain,40.2,-5.5,3.0
spain,40.2,-5.4,3.0
spain,40.2,-5.3,1261.0
spain,40.2,-5.2,4709.0
spain,40.2,-5.1,5516.0
spain,40.2,-5.0,3490.0
spain,40.2,-4.9,1396.0
spain,40.2,-4.8,868.0
spain,40.2,-4.7,393.0
spain,40.2,-4.6,717.0
spain,40.2,-4.5,760.0
spain,40.2,-4.4,5465.0
spain,40.2,-4.3,86.0
spain,40.2,-4.2,7077.0
spain,40.2,-4.1,7109.0
spain,40.2,-4.0,14461.0
spain,40.2,-3.9,30343.0
spain,40.2,-3.8,47120.0
spain,40.2,-3.7,95975.0
spain,40.2,-3.6,38643.0
spain,40.2,-3.5,8108.0
spain,40.2,-3.4,5953.0
spain,40.2,-3.3,10115.0
spain,40.2,-3.2,865.0
spain,40.2,-3.1,1731.0
spain,40.2,-3.0,433.0
spain,40.2,-2.9,416.0
spain,40.2,-2.8,86.0
spain,40.2,-2.7,805.0
spain,40.2,-2.6,109.0
spain,40.2,-2.5,86.0
spain,40.2,-2.4,208.0
spain,40.2,-2.3,251.0
spain,40.2,-2.2,143.0
spain,40.2,-2.1,1015.0
spain,40.2,-2.0,151.0
spain,40.2,-1.9,0.0
spain,40.2,-1.8,39.0
spain,40.2,-1.7,421.0
spain,40.2,-1.6,56.0
spain,40.2,-1.5,54.0
spain,40.2,-1.4,146.0
spain,40.2,-1.3,80.0
spain,40.2,-1.2,465.0
spain,40.2,-1.1,147.0
spain,40.2,-1.0,428.0
spain,40.2,-0.9,10.0
spain,40.2,-0.8,442.0
spain,40.2,-0.7,912.0
spain,40.2,-0.6,72.0
spain,40.2,-0.5,356.0
spain,40.2,-0.4,501.0
spain,40.2,-0.3,56.0
spain,40.2,-0.2,1215.0
spain,40.2,-0.1,3306.0
spain,40.2,-0.0,658.0
spain,40.2,0.1,7329.0
spain,40.3,-6.8,517.0
spain,40.3,-6.7,106.0
spain,40.3,-6.6,487.0
spain,40.3,-6.5,282.0
spain,40.3,-6.4,82.0
spain,40.3,-6.3,3378.0
spain,40.3,-6.2,2130.0
spain,40.3,-6.1,7.0
spain,40.3,-6.0,809.0
spain,40.3,-5.9,2910.0
spain,40.3,-5.8,2873.0
spain,40.3,-5.7,140.0
spain,40.3,-5.6,806.0
spain,40.3,-5.5,314.0
spain,40.3,-5.4,285.0
spain,40.3,-5.3,343.0
spain,40.3,-5.2,0.0
spain,40.3,-5.1,937.0
spain,40.3,-5.0,1013.0
spain,40.3,-4.9,728.0
spain,40.3,-4.8,2744.0
spain,40.3,-4.7,4839.0
spain,40.3,-4.6,5064.0
spain,40.3,-4.5,3797.0
spain,40.3,-4.4,9239.0
spain,40.3,-4.3,6650.0
spain,40.3,-4.2,4595.0
spain,40.3,-4.1,6493.0
spain,40.3,-4.0,32260.0
spain,40.3,-3.9,221099.0
spain,40.3,-3.8,663952.0
spain,40.3,-3.7,441532.0
spain,40.3,-3.6,11665.0
spain,40.3,-3.5,84338.0
spain,40.3,-3.4,6204.0
spain,40.3,-3.3,6134.0
spain,40.3,-3.2,4631.0
spain,40.3,-3.1,3553.0
spain,40.3,-3.0,2379.0
spain,40.3,-2.9,1369.0
spain,40.3,-2.8,475.0
spain,40.3,-2.7,57.0
spain,40.3,-2.6,258.0
spain,40.3,-2.5,201.0
spain,40.3,-2.4,333.0
spain,40.3,-2.3,135.0
spain,40.3,-2.2,263.0
spain,40.3,-2.1,131.0
spain,40.3,-2.0,236.0
spain,40.3,-1.9,0.0
spain,40.3,-1.8,79.0
spain,40.3,-1.7,0.0
spain,40.3,-1.6,171.0
spain,40.3,-1.5,169.0
spain,40.3,-1.4,60.0
spain,40.3,-1.3,105.0
spain,40.3,-1.2,78.0
spain,40.3,-1.1,18773.0
spain,40.3,-1.0,176.0
spain,40.3,-0.9,120.0
spain,40.3,-0.8,957.0
spain,40.3,-0.7,744.0
spain,40.3,-0.6,214.0
spain,40.3,-0.5,6.0
spain,40.3,-0.4,589.0
spain,40.3,-0.3,413.0
spain,40.3,-0.2,142.0
spain,40.3,-0.1,886.0
spain,40.3,-0.0,1980.0
spain,40.3,0.1,1632.0
spain,40.3,0.2,5993.0
spain,40.3,0.3,3254.0
spain,40.4,-6.7,752.0
spain,40.4,-6.6,469.0
spain,40.4,-6.5,221.0
spain,40.4,-6.4,200.0
spain,40.4,-6.3,399.0
spain,40.4,-6.2,1086.0
spain,40.4,-6.1,475.0
spain,40.4,-6.0,66.0
spain,40.4,-5.9,408.0
spain,40.4,-5.8,13450.0
spain,40.4,-5.7,1247.0
spain,40.4,-5.6,490.0
spain,40.4,-5.5,2491.0
spain,40.4,-5.4,385.0
spain,40.4,-5.3,314.0
spain,40.4,-5.2,999.0
spain,40.4,-5.1,46.0
spain,40.4,-5.0,478.0
spain,40.4,-4.9,1358.0
spain,40.4,-4.8,1402.0
spain,40.4,-4.7,2128.0
spain,40.4,-4.6,75.0
spain,40.4,-4.5,4108.0
spain,40.4,-4.4,3157.0
spain,40.4,-4.3,5608.0
spain,40.4,-4.2,4049.0
spain,40.4,-4.1,1601.0
spain,40.4,-4.0,46212.0
spain,40.4,-3.9,77866.0
spain,40.4,-3.8,264773.0
spain,40.4,-3.7,1891783.0
spain,40.4,-3.6,276403.0
spain,40.4,-3.5,234969.0
spain,40.4,-3.4,45054.0
spain,40.4,-3.3,8979.0
spain,40.4,-3.2,7913.0
spain,40.4,-3.1,1844.0
spain,40.4,-3.0,504.0
spain,40.4,-2.9,1245.0
spain,40.4,-2.8,470.0
spain,40.4,-2.7,6.0
spain,40.4,-2.6,649.0
spain,40.4,-2.5,313.0
spain,40.4,-2.4,70.0
spain,40.4,-2.3,1472.0
spain,40.4,-2.2,193.0
spain,40.4,-2.1,84.0
spain,40.4,-2.0,11.0
spain,40.4,-1.9,392.0
spain,40.4,-1.8,0.0
spain,40.4,-1.7,555.0
spain,40.4,-1.6,324.0
spain,40.4,-1.5,1196.0
spain,40.4,-1.4,191.0
spain,40.4,-1.3,1675.0
spain,40.4,-1.2,1240.0
spain,40.4,-1.1,15948.0
spain,40.4,-1.0,378.0
spain,40.4,-0.9,608.0
spain,40.4,-0.8,52.0
spain,40.4,-0.7,351.0
spain,40.4,-0.6,84.0
spain,40.4,-0.5,0.0
spain,40.4,-0.4,0.0
spain,40.4,-0.3,2207.0
spain,40.4,-0.2,1077.0
spain,40.4,-0.1,23.0
spain,40.4,-0.0,33.0
spain,40.4,0.1,575.0
spain,40.4,0.2,683.0
spain,40.4,0.3,773.0
spain,40.4,0.4,35744.0
spain,40.5,-6.7,430.0
spain,40.5,-6.6,263.0
spain,40.5,-6.5,513.0
spain,40.5,-6.4,249.0
spain,40.5,-6.3,725.0
spain,40.5,-6.2,113.0
spain,40.5,-6.1,1556.0
spain,40.5,-6.0,2268.0
spain,40.5,-5.9,1095.0
spain,40.5,-5.8,1075.0
spain,40.5,-5.7,1419.0
spain,40.5,-5.6,1044.0
spain,40.5,-5.5,719.0
spain,40.5,-5.4,1980.0
spain,40.5,-5.3,893.0
spain,40.5,-5.2,336.0
spain,40.5,-5.1,120.0
spain,40.5,-5.0,466.0
spain,40.5,-4.9,638.0
spain,40.5,-4.8,630.0
spain,40.5,-4.7,458.0
spain,40.5,-4.6,2057.0
spain,40.5,-4.5,3842.0
spain,40.5,-4.4,2127.0
spain,40.5,-4.3,1381.0
spain,40.5,-4.2,6271.0
spain,40.5,-4.1,7964.0
spain,40.5,-4.0,27082.0
spain,40.5,-3.9,163639.0
spain,40.5,-3.8,39713.0
spain,40.5,-3.7,405247.0
spain,40.5,-3.6,480133.0
spain,40.5,-3.5,90295.0
spain,40.5,-3.4,226750.0
spain,40.5,-3.3,71933.0
spain,40.5,-3.2,3394.0
spain,40.5,-3.1,4724.0
spain,40.5,-3.0,962.0
spain,40.5,-2.9,422.0
spain,40.5,-2.8,238.0
spain,40.5,-2.7,1685.0
spain,40.5,-2.6,804.0
spain,40.5,-2.5,91.0
spain,40.5,-2.4,347.0
spain,40.5,-2.3,53.0
spain,40.5,-2.2,810.0
spain,40.5,-2.1,129.0
spain,40.5,-2.0,179.0
spain,40.5,-1.9,0.0
spain,40.5,-1.8,0.0
spain,40.5,-1.7,29.0
spain,40.5,-1.6,430.0
spain,40.5,-1.5,105.0
spain,40.5,-1.4,2.0
spain,40.5,-1.3,1277.0
spain,40.5,-1.2,1218.0
spain,40.5,-1.1,223.0
spain,40.5,-1.0,0.0
spain,40.5,-0.9,112.0
spain,40.5,-0.8,114.0
spain,40.5,-0.7,368.0
spain,40.5,-0.6,4.0
spain,40.5,-0.5,196.0
spain,40.5,-0.4,734.0
spain,40.5,-0.3,409.0
spain,40.5,-0.2,368.0
spain,40.5,-0.1,140.0
spain,40.5,-0.0,704.0
spain,40.5,0.1,23.0
spain,40.5,0.2,4472.0
spain,40.5,0.3,1715.0
spain,40.5,0.4,2997.0
spain,40.5,0.5,36051.0
spain,40.6,-6.7,487.0
spain,40.6,-6.6,156.0
spain,40.6,-6.5,11862.0
spain,40.6,-6.4,135.0
spain,40.6,-6.3,448.0
spain,40.6,-6.2,604.0
spain,40.6,-6.1,432.0
spain,40.6,-6.0,371.0
spain,40.6,-5.9,1688.0
spain,40.6,-5.8,214.0
spain,40.6,-5.7,5725.0
spain,40.6,-5.6,465.0
spain,40.6,-5.5,60.0
spain,40.6,-5.4,554.0
spain,40.6,-5.3,280.0
spain,40.6,-5.2,111.0
spain,40.6,-5.1,533.0
spain,40.6,-5.0,664.0
spain,40.6,-4.9,641.0
spain,40.6,-4.8,1460.0
spain,40.6,-4.7,2540.0
spain,40.6,-4.6,428.0
spain,40.6,-4.5,359.0
spain,40.6,-4.4,2216.0
spain,40.6,-4.3,4384.0
spain,40.6,-4.2,2996.0
spain,40.6,-4.1,34096.0
spain,40.6,-4.0,103402.0
spain,40.6,-3.9,49659.0
spain,40.6,-3.8,18.0
spain,40.6,-3.7,48898.0
spain,40.6,-3.6,13999.0
spain,40.6,-3.5,42279.0
spain,40.6,-3.4,7406.0
spain,40.6,-3.3,19305.0
spain,40.6,-3.2,47961.0
spain,40.6,-3.1,4479.0
spain,40.6,-3.0,2550.0
spain,40.6,-2.9,452.0
spain,40.6,-2.8,398.0
spain,40.6,-2.7,301.0
spain,40.6,-2.6,218.0
spain,40.6,-2.5,251.0
spain,40.6,-2.4,70.0
spain,40.6,-2.3,101.0
spain,40.6,-2.2,67.0
spain,40.6,-2.1,247.0
spain,40.6,-2.0,39.0
spain,40.6,-1.9,203.0
spain,40.6,-1.8,291.0
spain,40.6,-1.7,878.0
spain,40.6,-1.6,9.0
spain,40.6,-1.5,61.0
spain,40.6,-1.4,96.0
spain,40.6,-1.3,1501.0
spain,40.6,-1.2,0.0
spain,40.6,-1.1,138.0
spain,40.6,-1.0,1010.0
spain,40.6,-0.9,0.0
spain,40.6,-0.8,87.0
spain,40.6,-0.7,105.0
spain,40.6,-0.6,208.0
spain,40.6,-0.5,40.0
spain,40.6,-0.4,173.0
spain,40.6,-0.3,477.0
spain,40.6,-0.2,858.0
spain,40.6,-0.1,2385.0
spain,40.6,-0.0,69.0
spain,40.6,0.1,8.0
spain,40.6,0.2,862.0
spain,40.6,0.3,6576.0
spain,40.6,0.4,591.0
spain,40.6,0.5,7242.0
spain,40.7,-6.8,261.0
spain,40.7,-6.7,344.0
spain,40.7,-6.6,339.0
spain,40.7,-6.5,32.0
spain,40.7,-6.4,931.0
spain,40.7,-6.3,254.0
spain,40.7,-6.2,394.0
spain,40.7,-6.1,1018.0
spain,40.7,-6.0,309.0
spain,40.7,-5.9,146.0
spain,40.7,-5.8,547.0
spain,40.7,-5.7,472.0
spain,40.7,-5.6,638.0
spain,40.7,-5.5,703.0
spain,40.7,-5.4,406.0
spain,40.7,-5.3,267.0
spain,40.7,-5.2,272.0
spain,40.7,-5.1,250.0
spain,40.7,-5.0,272.0
spain,40.7,-4.9,269.0
spain,40.7,-4.8,1007.0
spain,40.7,-4.7,56083.0
spain,40.7,-4.6,315.0
spain,40.7,-4.5,443.0
spain,40.7,-4.4,5.0
spain,40.7,-4.3,3783.0
spain,40.7,-4.2,4179.0
spain,40.7,-4.1,21313.0
spain,40.7,-4.0,47585.0
spain,40.7,-3.9,15313.0
spain,40.7,-3.8,59221.0
spain,40.7,-3.7,368.0
spain,40.7,-3.6,28023.0
spain,40.7,-3.5,10966.0
spain,40.7,-3.4,18413.0
spain,40.7,-3.3,254.0
spain,40.7,-3.2,71586.0
spain,40.7,-3.1,9045.0
spain,40.7,-3.0,343.0
spain,40.7,-2.9,383.0
spain,40.7,-2.8,753.0
spain,40.7,-2.7,123.0
spain,40.7,-2.6,1154.0
spain,40.7,-2.5,183.0
spain,40.7,-2.4,52.0
spain,40.7,-2.3,55.0
spain,40.7,-2.2,142.0
spain,40.7,-2.1,0.0
spain,40.7,-2.0,239.0
spain,40.7,-1.9,32.0
spain,40.7,-1.8,70.0
spain,40.7,-1.7,162.0
spain,40.7,-1.6,139.0
spain,40.7,-1.5,395.0
spain,40.7,-1.4,0.0
spain,40.7,-1.3,432.0
spain,40.7,-1.2,213.0
spain,40.7,-1.1,178.0
spain,40.7,-1.0,172.0
spain,40.7,-0.9,305.0
spain,40.7,-0.8,265.0
spain,40.7,-0.7,356.0
spain,40.7,-0.6,21.0
spain,40.7,-0.5,10.0
spain,40.7,-0.4,3.0
spain,40.7,-0.3,164.0
spain,40.7,-0.2,233.0
spain,40.7,-0.1,105.0
spain,40.7,-0.0,83.0
spain,40.7,0.1,58.0
spain,40.7,0.2,144.0
spain,40.7,0.3,14.0
spain,40.7,0.4,608.0
spain,40.7,0.5,6591.0
spain,40.7,0.6,37879.0
spain,40.7,0.7,14934.0
spain,40.7,0.8,531.0
spain,40.8,-6.7,366.0
spain,40.8,-6.6,1.0
spain,40.8,-6.5,2.0
spain,40.8,-6.4,105.0
spain,40.8,-6.3,1798.0
spain,40.8,-6.2,524.0
spain,40.8,-6.1,192.0
spain,40.8,-6.0,313.0
spain,40.8,-5.9,860.0
spain,40.8,-5.8,34.0
spain,40.8,-5.7,510.0
spain,40.8,-5.6,1680.0
spain,40.8,-5.5,5647.0
spain,40.8,-5.4,717.0
spain,40.8,-5.3,1049.0
spain,40.8,-5.2,224.0
spain,40.8,-5.1,431.0
spain,40.8,-5.0,557.0
spain,40.8,-4.9,892.0
spain,40.8,-4.8,907.0
spain,40.8,-4.7,491.0
spain,40.8,-4.6,487.0
spain,40.8,-4.5,444.0
spain,40.8,-4.4,2145.0
spain,40.8,-4.3,898.0
spain,40.8,-4.2,3616.0
spain,40.8,-4.1,506.0
spain,40.8,-4.0,5563.0
spain,40.8,-3.9,0.0
spain,40.8,-3.8,6373.0
spain,40.8,-3.7,8971.0
spain,40.8,-3.6,6076.0
spain,40.8,-3.5,8426.0
spain,40.8,-3.4,2887.0
spain,40.8,-3.3,703.0
spain,40.8,-3.2,1453.0
spain,40.8,-3.1,1232.0
spain,40.8,-3.0,3323.0
spain,40.8,-2.9,60.0
spain,40.8,-2.8,1434.0
spain,40.8,-2.7,449.0
spain,40.8,-2.6,1254.0
spain,40.8,-2.5,74.0
spain,40.8,-2.4,135.0
spain,40.8,-2.3,64.0
spain,40.8,-2.2,108.0
spain,40.8,-2.1,34.0
spain,40.8,-2.0,86.0
spain,40.8,-1.9,124.0
spain,40.8,-1.8,117.0
spain,40.8,-1.7,185.0
spain,40.8,-1.6,117.0
spain,40.8,-1.5,182.0
spain,40.8,-1.4,2989.0
spain,40.8,-1.3,602.0
spain,40.8,-1.2,33.0
spain,40.8,-1.1,150.0
spain,40.8,-1.0,43.0
spain,40.8,-0.9,1715.0
spain,40.8,-0.8,3831.0
spain,40.8,-0.7,96.0
spain,40.8,-0.6,411.0
spain,40.8,-0.5,316.0
spain,40.8,-0.4,304.0
spain,40.8,-0.3,550.0
spain,40.8,-0.2,1865.0
spain,40.8,-0.1,0.0
spain,40.8,-0.0,991.0
spain,40.8,0.1,303.0
spain,40.8,0.2,537.0
spain,40.8,0.3,35.0
spain,40.8,0.4,1295.0
spain,40.8,0.5,27705.0
spain,40.8,0.6,14308.0
spain,40.8,0.7,6542.0
spain,40.9,-6.7,1732.0
spain,40.9,-6.6,512.0
spain,40.9,-6.5,838.0
spain,40.9,-6.4,120.0
spain,40.9,-6.3,445.0
spain,40.9,-6.2,298.0
spain,40.9,-6.1,326.0
spain,40.9,-6.0,349.0
spain,40.9,-5.9,646.0
spain,40.9,-5.8,695.0
spain,40.9,-5.7,22664.0
spain,40.9,-5.6,10929.0
spain,40.9,-5.5,2428.0
spain,40.9,-5.4,222.0
spain,40.9,-5.3,1679.0
spain,40.9,-5.2,7034.0
spain,40.9,-5.1,328.0
spain,40.9,-5.0,1459.0
spain,40.9,-4.9,776.0
spain,40.9,-4.8,220.0
spain,40.9,-4.7,1120.0
spain,40.9,-4.6,1377.0
spain,40.9,-4.5,571.0
spain,40.9,-4.4,1190.0
spain,40.9,-4.3,984.0
spain,40.9,-4.2,749.0
spain,40.9,-4.1,57890.0
spain,40.9,-4.0,6312.0
spain,40.9,-3.9,1576.0
spain,40.9,-3.8,1205.0
spain,40.9,-3.7,3793.0
spain,40.9,-3.6,5613.0
spain,40.9,-3.5,644.0
spain,40.9,-3.4,152.0
spain,40.9,-3.3,142.0
spain,40.9,-3.2,281.0
spain,40.9,-3.1,1194.0
spain,40.9,-3.0,342.0
spain,40.9,-2.9,1673.0
spain,40.9,-2.8,399.0
spain,40.9,-2.7,197.0
spain,40.9,-2.6,190.0
spain,40.9,-2.5,113.0
spain,40.9,-2.4,67.0
spain,40.9,-2.3,161.0
spain,40.9,-2.2,110.0
spain,40.9,-2.1,109.0
spain,40.9,-2.0,350.0
spain,40.9,-1.9,3230.0
spain,40.9,-1.8,53.0
spain,40.9,-1.7,174.0
spain,40.9,-1.6,258.0
spain,40.9,-1.5,223.0
spain,40.9,-1.4,191.0
spain,40.9,-1.3,4624.0
spain,40.9,-1.2,209.0
spain,40.9,-1.1,361.0
spain,40.9,-1.0,182.0
spain,40.9,-0.9,8.0
spain,40.9,-0.8,136.0
spain,40.9,-0.7,103.0
spain,40.9,-0.6,291.0
spain,40.9,-0.5,372.0
spain,40.9,-0.4,3291.0
spain,40.9,-0.3,10.0
spain,40.9,-0.2,295.0
spain,40.9,-0.1,894.0
spain,40.9,-0.0,92.0
spain,40.9,0.1,2824.0
spain,40.9,0.2,1745.0
spain,40.9,0.3,11.0
spain,40.9,0.4,899.0
spain,40.9,0.5,4032.0
spain,40.9,0.6,34.0
spain,40.9,0.7,2799.0
spain,40.9,0.8,7136.0
spain,41.0,-6.8,7.0
spain,41.0,-6.7,123.0
spain,41.0,-6.6,424.0
spain,41.0,-6.5,2413.0
spain,41.0,-6.4,549.0
spain,41.0,-6.3,452.0
spain,41.0,-6.2,340.0
spain,41.0,-6.1,351.0
spain,41.0,-6.0,325.0
spain,41.0,-5.9,871.0
spain,41.0,-5.8,617.0
spain,41.0,-5.7,156908.0
spain,41.0,-5.6,11111.0
spain,41.0,-5.5,2368.0
spain,41.0,-5.4,3241.0
spain,41.0,-5.3,209.0
spain,41.0,-5.2,1122.0
spain,41.0,-5.1,428.0
spain,41.0,-5.0,503.0
spain,41.0,-4.9,1243.0
spain,41.0,-4.8,885.0
spain,41.0,-4.7,674.0
spain,41.0,-4.6,783.0
spain,41.0,-4.5,348.0
spain,41.0,-4.4,223.0
spain,41.0,-4.3,1019.0
spain,41.0,-4.2,4220.0
spain,41.0,-4.1,7011.0
spain,41.0,-4.0,2155.0
spain,41.0,-3.9,0.0
spain,41.0,-3.8,34.0
spain,41.0,-3.7,644.0
spain,41.0,-3.6,3394.0
spain,41.0,-3.5,360.0
spain,41.0,-3.4,76.0
spain,41.0,-3.3,144.0
spain,41.0,-3.2,56.0
spain,41.0,-3.1,158.0
spain,41.0,-3.0,280.0
spain,41.0,-2.9,150.0
spain,41.0,-2.8,287.0
spain,41.0,-2.7,208.0
spain,41.0,-2.6,41.0
spain,41.0,-2.5,405.0
spain,41.0,-2.4,102.0
spain,41.0,-2.3,115.0
spain,41.0,-2.2,70.0
spain,41.0,-2.1,123.0
spain,41.0,-2.0,22.0
spain,41.0,-1.9,123.0
spain,41.0,-1.8,186.0
spain,41.0,-1.7,33.0
spain,41.0,-1.6,349.0
spain,41.0,-1.5,340.0
spain,41.0,-1.4,199.0
spain,41.0,-1.3,373.0
spain,41.0,-1.2,106.0
spain,41.0,-1.1,45.0
spain,41.0,-1.0,77.0
spain,41.0,-0.9,92.0
spain,41.0,-0.8,684.0
spain,41.0,-0.7,576.0
spain,41.0,-0.6,422.0
spain,41.0,-0.5,688.0
spain,41.0,-0.4,7220.0
spain,41.0,-0.3,7.0
spain,41.0,-0.2,3717.0
spain,41.0,-0.1,1294.0
spain,41.0,-0.0,587.0
spain,41.0,0.1,792.0
spain,41.0,0.2,989.0
spain,41.0,0.3,1498.0
spain,41.0,0.4,753.0
spain,41.0,0.5,1740.0
spain,41.0,0.6,3454.0
spain,41.0,0.7,15.0
spain,41.0,0.8,769.0
spain,41.0,0.9,14585.0
spain,41.1,-6.7,503.0
spain,41.1,-6.6,363.0
spain,41.1,-6.5,313.0
spain,41.1,-6.4,222.0
spain,41.1,-6.3,101.0
spain,41.1,-6.2,88.0
spain,41.1,-6.1,75.0
spain,41.1,-6.0,1639.0
spain,41.1,-5.9,388.0
spain,41.1,-5.8,1097.0
spain,41.1,-5.7,1558.0
spain,41.1,-5.6,1293.0
spain,41.1,-5.5,1051.0
spain,41.1,-5.4,843.0
spain,41.1,-5.3,890.0
spain,41.1,-5.2,1173.0
spain,41.1,-5.1,485.0
spain,41.1,-5.0,1615.0
spain,41.1,-4.9,413.0
spain,41.1,-4.8,1022.0
spain,41.1,-4.7,8052.0
spain,41.1,-4.6,585.0
spain,41.1,-4.5,317.0
spain,41.1,-4.4,1442.0
spain,41.1,-4.3,2593.0
spain,41.1,-4.2,2829.0
spain,41.1,-4.1,510.0
spain,41.1,-4.0,165.0
spain,41.1,-3.9,911.0
spain,41.1,-3.8,943.0
spain,41.1,-3.7,668.0
spain,41.1,-3.6,637.0
spain,41.1,-3.5,391.0
spain,41.1,-3.4,94.0
spain,41.1,-3.3,206.0
spain,41.1,-3.2,137.0
spain,41.1,-3.1,175.0
spain,41.1,-3.0,304.0
spain,41.1,-2.9,82.0
spain,41.1,-2.8,86.0
spain,41.1,-2.7,3400.0
spain,41.1,-2.6,692.0
spain,41.1,-2.5,53.0
spain,41.1,-2.4,76.0
spain,41.1,-2.3,62.0
spain,41.1,-2.2,209.0
spain,41.1,-2.1,19.0
spain,41.1,-2.0,297.0
spain,41.1,-1.9,72.0
spain,41.1,-1.8,373.0
spain,41.1,-1.7,112.0
spain,41.1,-1.6,91.0
spain,41.1,-1.5,274.0
spain,41.1,-1.4,2157.0
spain,41.1,-1.3,528.0
spain,41.1,-1.2,401.0
spain,41.1,-1.1,199.0
spain,41.1,-1.0,282.0
spain,41.1,-0.9,357.0
spain,41.1,-0.8,124.0
spain,41.1,-0.7,0.0
spain,41.1,-0.6,266.0
spain,41.1,-0.5,1979.0
spain,41.1,-0.4,0.0
spain,41.1,-0.3,332.0
spain,41.1,-0.2,161.0
spain,41.1,-0.1,15443.0
spain,41.1,-0.0,7.0
spain,41.1,0.1,2002.0
spain,41.1,0.2,21.0
spain,41.1,0.3,2107.0
spain,41.1,0.4,655.0
spain,41.1,0.5,4051.0
spain,41.1,0.6,9101.0
spain,41.1,0.7,1703.0
spain,41.1,0.8,4957.0
spain,41.1,0.9,2240.0
spain,41.1,1.0,42929.0
spain,41.1,1.1,85866.0
spain,41.1,1.2,159515.0
spain,41.2,-6.6,413.0
spain,41.2,-6.5,261.0
spain,41.2,-6.4,198.0
spain,41.2,-6.3,334.0
spain,41.2,-6.2,752.0
spain,41.2,-6.1,1.0
spain,41.2,-6.0,344.0
spain,41.2,-5.9,442.0
spain,41.2,-5.8,411.0
spain,41.2,-5.7,319.0
spain,41.2,-5.6,533.0
spain,41.2,-5.5,1858.0
spain,41.2,-5.4,702.0
spain,41.2,-5.3,563.0
spain,41.2,-5.2,1428.0
spain,41.2,-5.1,1647.0
spain,41.2,-5.0,296.0
spain,41.2,-4.9,611.0
spain,41.2,-4.8,916.0
spain,41.2,-4.7,104.0
spain,41.2,-4.6,385.0
spain,41.2,-4.5,4241.0
spain,41.2,-4.4,1305.0
spain,41.2,-4.3,1295.0
spain,41.2,-4.2,1179.0
spain,41.2,-4.1,1617.0
spain,41.2,-4.0,1131.0
spain,41.2,-3.9,2011.0
spain,41.2,-3.8,653.0
spain,41.2,-3.7,473.0
spain,41.2,-3.6,353.0
spain,41.2,-3.5,240.0
spain,41.2,-3.4,0.0
spain,41.2,-3.3,0.0
spain,41.2,-3.2,289.0
spain,41.2,-3.1,164.0
spain,41.2,-3.0,69.0
spain,41.2,-2.9,421.0
spain,41.2,-2.8,125.0
spain,41.2,-2.7,94.0
spain,41.2,-2.6,74.0
spain,41.2,-2.5,194.0
spain,41.2,-2.4,569.0
spain,41.2,-2.3,1247.0
spain,41.2,-2.2,184.0
spain,41.2,-2.1,95.0
spain,41.2,-2.0,81.0
spain,41.2,-1.9,723.0
spain,41.2,-1.8,313.0
spain,41.2,-1.7,239.0
spain,41.2,-1.6,467.0
spain,41.2,-1.5,386.0
spain,41.2,-1.4,195.0
spain,41.2,-1.3,648.0
spain,41.2,-1.2,36.0
spain,41.2,-1.1,588.0
spain,41.2,-1.0,0.0
spain,41.2,-0.9,535.0
spain,41.2,-0.8,83.0
spain,41.2,-0.7,642.0
spain,41.2,-0.6,0.0
spain,41.2,-0.5,2997.0
spain,41.2,-0.4,882.0
spain,41.2,-0.3,121.0
spain,41.2,-0.2,4.0
spain,41.2,-0.1,10140.0
spain,41.2,-0.0,207.0
spain,41.2,0.1,18.0
spain,41.2,0.2,1313.0
spain,41.2,0.3,1142.0
spain,41.2,0.4,346.0
spain,41.2,0.5,4295.0
spain,41.2,0.6,2643.0
spain,41.2,0.7,763.0
spain,41.2,0.8,1222.0
spain,41.2,0.9,1942.0
spain,41.2,1.0,7776.0
spain,41.2,1.1,57561.0
spain,41.2,1.2,11947.0
spain,41.2,1.3,39937.0
spain,41.2,1.4,37413.0
spain,41.2,1.6,66699.0
spain,41.3,-6.4,161.0
spain,41.3,-6.3,166.0
spain,41.3,-6.2,374.0
spain,41.3,-6.1,249.0
spain,41.3,-6.0,379.0
spain,41.3,-5.9,445.0
spain,41.3,-5.8,456.0
spain,41.3,-5.7,257.0
spain,41.3,-5.6,1116.0
spain,41.3,-5.5,0.0
spain,41.3,-5.4,1539.0
spain,41.3,-5.3,0.0
spain,41.3,-5.2,1381.0
spain,41.3,-5.1,1973.0
spain,41.3,-5.0,679.0
spain,41.3,-4.9,20180.0
spain,41.3,-4.8,604.0
spain,41.3,-4.7,3670.0
spain,41.3,-4.6,3358.0
spain,41.3,-4.5,1091.0
spain,41.3,-4.4,1737.0
spain,41.3,-4.3,1713.0
spain,41.3,-4.2,0.0
spain,41.3,-4.1,628.0
spain,41.3,-4.0,0.0
spain,41.3,-3.9,2926.0
spain,41.3,-3.8,268.0
spain,41.3,-3.7,1134.0
spain,41.3,-3.6,880.0
spain,41.3,-3.5,2047.0
spain,41.3,-3.4,164.0
spain,41.3,-3.3,76.0
spain,41.3,-3.2,15.0
spain,41.3,-3.1,178.0
spain,41.3,-3.0,114.0
spain,41.3,-2.9,106.0
spain,41.3,-2.8,92.0
spain,41.3,-2.7,88.0
spain,41.3,-2.6,79.0
spain,41.3,-2.5,81.0
spain,41.3,-2.4,132.0
spain,41.3,-2.3,70.0
spain,41.3,-2.2,240.0
spain,41.3,-2.1,188.0
spain,41.3,-2.0,1644.0
spain,41.3,-1.9,1144.0
spain,41.3,-1.8,1981.0
spain,41.3,-1.7,1363.0
spain,41.3,-1.6,21064.0
spain,41.3,-1.5,968.0
spain,41.3,-1.4,461.0
spain,41.3,-1.3,839.0
spain,41.3,-1.2,606.0
spain,41.3,-1.1,236.0
spain,41.3,-1.0,375.0
spain,41.3,-0.9,0.0
spain,41.3,-0.8,1273.0
spain,41.3,-0.7,1191.0
spain,41.3,-0.6,216.0
spain,41.3,-0.5,122.0
spain,41.3,-0.4,1554.0
spain,41.3,-0.3,1110.0
spain,41.3,-0.2,0.0
spain,41.3,-0.1,297.0
spain,41.3,-0.0,37.0
spain,41.3,0.1,0.0
spain,41.3,0.2,0.0
spain,41.3,0.3,9.0
spain,41.3,0.4,318.0
spain,41.3,0.5,1146.0
spain,41.3,0.6,20.0
spain,41.3,0.7,1109.0
spain,41.3,0.8,115.0
spain,41.3,0.9,412.0
spain,41.3,1.0,993.0
spain,41.3,1.1,3512.0
spain,41.3,1.2,3415.0
spain,41.3,1.3,26852.0
spain,41.3,1.4,5180.0
spain,41.3,1.5,31379.0
spain,41.3,1.6,18199.0
spain,41.3,1.7,126020.0
spain,41.3,1.8,43029.0
spain,41.3,1.9,15091.0
spain,41.3,2.0,280458.0
spain,41.3,2.1,57823.0
spain,41.4,-6.3,136.0
spain,41.4,-6.2,603.0
spain,41.4,-6.1,799.0
spain,41.4,-6.0,230.0
spain,41.4,-5.9,342.0
spain,41.4,-5.8,1005.0
spain,41.4,-5.7,2826.0
spain,41.4,-5.6,851.0
spain,41.4,-5.5,413.0
spain,41.4,-5.4,624.0
spain,41.4,-5.3,1099.0
spain,41.4,-5.2,427.0
spain,41.4,-5.1,609.0
spain,41.4,-5.0,1203.0
spain,41.4,-4.9,1695.0
spain,41.4,-4.8,1122.0
spain,41.4,-4.7,4009.0
spain,41.4,-4.6,659.0
spain,41.4,-4.5,6559.0
spain,41.4,-4.4,2203.0
spain,41.4,-4.3,8509.0
spain,41.4,-4.2,406.0
spain,41.4,-4.1,1120.0
spain,41.4,-4.0,179.0
spain,41.4,-3.9,317.0
spain,41.4,-3.8,290.0
spain,41.4,-3.7,209.0
spain,41.4,-3.6,542.0
spain,41.4,-3.5,485.0
spain,41.4,-3.4,990.0
spain,41.4,-3.3,277.0
spain,41.4,-3.2,111.0
spain,41.4,-3.1,50.0
spain,41.4,-3.0,63.0
spain,41.4,-2.9,15.0
spain,41.4,-2.8,36.0
spain,41.4,-2.7,98.0
spain,41.4,-2.6,89.0
spain,41.4,-2.5,75.0
spain,41.4,-2.4,216.0
spain,41.4,-2.3,90.0
spain,41.4,-2.2,226.0
spain,41.4,-2.1,51.0
spain,41.4,-2.0,50.0
spain,41.4,-1.9,32.0
spain,41.4,-1.8,585.0
spain,41.4,-1.7,1092.0
spain,41.4,-1.6,1292.0
spain,41.4,-1.5,583.0
spain,41.4,-1.4,598.0
spain,41.4,-1.3,1092.0
spain,41.4,-1.2,5691.0
spain,41.4,-1.1,228.0
spain,41.4,-1.0,415.0
spain,41.4,-0.9,231.0
spain,41.4,-0.8,0.0
spain,41.4,-0.7,3.0
spain,41.4,-0.6,0.0
spain,41.4,-0.5,1935.0
spain,41.4,-0.4,1479.0
spain,41.4,-0.3,0.0
spain,41.4,-0.2,0.0
spain,41.4,-0.1,0.0
spain,41.4,-0.0,3.0
spain,41.4,0.1,1.0
spain,41.4,0.2,0.0
spain,41.4,0.3,3210.0
spain,41.4,0.4,15.0
spain,41.4,0.5,1349.0
spain,41.4,0.6,1363.0
spain,41.4,0.7,477.0
spain,41.4,0.8,397.0
spain,41.4,0.9,1815.0
spain,41.4,1.0,657.0
spain,41.4,1.1,5092.0
spain,41.4,1.2,8387.0
spain,41.4,1.3,3128.0
spain,41.4,1.4,1162.0
spain,41.4,1.5,2863.0
spain,41.4,1.6,4313.0
spain,41.4,1.7,39512.0
spain,41.4,1.8,22388.0
spain,41.4,1.9,20428.0
spain,41.4,2.0,165305.0
spain,41.4,2.1,1383464.0
spain,41.5,-6.2,561.0
spain,41.5,-6.1,536.0
spain,41.5,-6.0,1052.0
spain,41.5,-5.9,407.0
spain,41.5,-5.8,616.0
spain,41.5,-5.7,66023.0
spain,41.5,-5.6,2113.0
spain,41.5,-5.5,639.0
spain,41.5,-5.4,8509.0
spain,41.5,-5.3,1280.0
spain,41.5,-5.2,164.0
spain,41.5,-5.1,268.0
spain,41.5,-5.0,8241.0
spain,41.5,-4.9,2826.0
spain,41.5,-4.8,4074.0
spain,41.5,-4.7,5781.0
spain,41.5,-4.6,8482.0
spain,41.5,-4.5,1232.0
spain,41.5,-4.4,0.0
spain,41.5,-4.3,910.0
spain,41.5,-4.2,1166.0
spain,41.5,-4.1,343.0
spain,41.5,-4.0,931.0
spain,41.5,-3.9,167.0
spain,41.5,-3.8,85.0
spain,41.5,-3.7,517.0
spain,41.5,-3.6,73.0
spain,41.5,-3.5,215.0
spain,41.5,-3.4,103.0
spain,41.5,-3.3,16.0
spain,41.5,-3.2,76.0
spain,41.5,-3.1,145.0
spain,41.5,-3.0,202.0
spain,41.5,-2.9,931.0
spain,41.5,-2.8,138.0
spain,41.5,-2.7,19.0
spain,41.5,-2.6,454.0
spain,41.5,-2.5,5353.0
spain,41.5,-2.4,108.0
spain,41.5,-2.3,187.0
spain,41.5,-2.2,130.0
spain,41.5,-2.1,69.0
spain,41.5,-2.0,223.0
spain,41.5,-1.9,452.0
spain,41.5,-1.8,468.0
spain,41.5,-1.7,365.0
spain,41.5,-1.6,4939.0
spain,41.5,-1.5,1831.0
spain,41.5,-1.4,13747.0
spain,41.5,-1.3,8.0
spain,41.5,-1.2,1.0
spain,41.5,-1.1,1640.0
spain,41.5,-1.0,779.0
spain,41.5,-0.9,33.0
spain,41.5,-0.8,0.0
spain,41.5,-0.7,773.0
spain,41.5,-0.6,4823.0
spain,41.5,-0.5,2390.0
spain,41.5,-0.4,0.0
spain,41.5,-0.3,0.0
spain,41.5,-0.2,1537.0
spain,41.5,-0.1,0.0
spain,41.5,-0.0,695.0
spain,41.5,0.1,401.0
spain,41.5,0.2,2.0
spain,41.5,0.3,15609.0
spain,41.5,0.4,5346.0
spain,41.5,0.5,4060.0
spain,41.5,0.6,2183.0
spain,41.5,0.7,2773.0
spain,41.5,0.8,357.0
spain,41.5,0.9,8491.0
spain,41.5,1.0,948.0
spain,41.5,1.1,441.0
spain,41.5,1.2,3172.0
spain,41.5,1.3,556.0
spain,41.5,1.4,2799.0
spain,41.5,1.5,948.0
spain,41.5,1.6,7593.0
spain,41.5,1.7,18216.0
spain,41.5,1.8,29537.0
spain,41.5,1.9,53179.0
spain,41.5,2.0,100581.0
spain,41.5,2.1,375540.0
spain,41.5,2.2,1167462.0
spain,41.5,2.3,275913.0
spain,41.6,-6.1,532.0
spain,41.6,-6.0,780.0
spain,41.6,-5.9,961.0
spain,41.6,-5.8,2336.0
spain,41.6,-5.7,1100.0
spain,41.6,-5.6,1175.0
spain,41.6,-5.5,541.0
spain,41.6,-5.4,164.0
spain,41.6,-5.3,1016.0
spain,41.6,-5.2,500.0
spain,41.6,-5.1,892.0
spain,41.6,-5.0,454.0
spain,41.6,-4.9,1274.0
spain,41.6,-4.8,36821.0
spain,41.6,-4.7,166886.0
spain,41.6,-4.6,9440.0
spain,41.6,-4.5,1942.0
spain,41.6,-4.4,1941.0
spain,41.6,-4.3,231.0
spain,41.6,-4.2,765.0
spain,41.6,-4.1,5177.0
spain,41.6,-4.0,469.0
spain,41.6,-3.9,649.0
spain,41.6,-3.8,666.0
spain,41.6,-3.7,1417.0
spain,41.6,-3.6,1436.0
spain,41.6,-3.5,215.0
spain,41.6,-3.4,668.0
spain,41.6,-3.3,274.0
spain,41.6,-3.2,2412.0
spain,41.6,-3.1,4755.0
spain,41.6,-3.0,184.0
spain,41.6,-2.9,127.0
spain,41.6,-2.8,142.0
spain,41.6,-2.7,460.0
spain,41.6,-2.6,361.0
spain,41.6,-2.5,7.0
spain,41.6,-2.4,106.0
spain,41.6,-2.3,76.0
spain,41.6,-2.2,419.0
spain,41.6,-2.1,61.0
spain,41.6,-2.0,111.0
spain,41.6,-1.9,66.0
spain,41.6,-1.8,161.0
spain,41.6,-1.7,459.0
spain,41.6,-1.6,270.0
spain,41.6,-1.5,0.0
spain,41.6,-1.4,6.0
spain,41.6,-1.3,6107.0
spain,41.6,-1.2,0.0
spain,41.6,-1.1,6111.0
spain,41.6,-1.0,34362.0
spain,41.6,-0.9,105940.0
spain,41.6,-0.8,16912.0
spain,41.6,-0.7,9606.0
spain,41.6,-0.6,228.0
spain,41.6,-0.5,0.0
spain,41.6,-0.4,390.0
spain,41.6,-0.3,0.0
spain,41.6,-0.2,502.0
spain,41.6,-0.1,66.0
spain,41.6,-0.0,0.0
spain,41.6,0.1,2.0
spain,41.6,0.2,939.0
spain,41.6,0.3,2720.0
spain,41.6,0.4,57.0
spain,41.6,0.5,8384.0
spain,41.6,0.6,123405.0
spain,41.6,0.7,23743.0
spain,41.6,0.8,6020.0
spain,41.6,0.9,20859.0
spain,41.6,1.0,7747.0
spain,41.6,1.1,18074.0
spain,41.6,1.2,1030.0
spain,41.6,1.3,1785.0
spain,41.6,1.4,266.0
spain,41.6,1.5,1828.0
spain,41.6,1.6,67733.0
spain,41.6,1.7,1296.0
spain,41.6,1.8,14623.0
spain,41.6,1.9,47042.0
spain,41.6,2.0,181521.0
spain,41.6,2.1,157231.0
spain,41.6,2.2,72852.0
spain,41.6,2.3,107275.0
spain,41.6,2.4,182604.0
spain,41.6,2.5,61623.0
spain,41.7,-6.4,334.0
spain,41.7,-6.3,354.0
spain,41.7,-6.2,625.0
spain,41.7,-6.1,140.0
spain,41.7,-6.0,507.0
spain,41.7,-5.9,247.0
spain,41.7,-5.8,112.0
spain,41.7,-5.7,1375.0
spain,41.7,-5.6,460.0
spain,41.7,-5.5,118.0
spain,41.7,-5.4,715.0
spain,41.7,-5.3,453.0
spain,41.7,-5.2,473.0
spain,41.7,-5.1,133.0
spain,41.7,-5.0,892.0
spain,41.7,-4.9,1312.0
spain,41.7,-4.8,11184.0
spain,41.7,-4.7,157815.0
spain,41.7,-4.6,4312.0
spain,41.7,-4.5,318.0
spain,41.7,-4.4,628.0
spain,41.7,-4.3,261.0
spain,41.7,-4.2,757.0
spain,41.7,-4.1,543.0
spain,41.7,-4.0,2887.0
spain,41.7,-3.9,925.0
spain,41.7,-3.8,1752.0
spain,41.7,-3.7,32252.0
spain,41.7,-3.6,978.0
spain,41.7,-3.5,1030.0
spain,41.7,-3.4,24.0
spain,41.7,-3.3,256.0
spain,41.7,-3.2,398.0
spain,41.7,-3.1,51.0
spain,41.7,-3.0,220.0
spain,41.7,-2.9,127.0
spain,41.7,-2.8,187.0
spain,41.7,-2.7,45.0
spain,41.7,-2.6,273.0
spain,41.7,-2.5,8881.0
spain,41.7,-2.4,210.0
spain,41.7,-2.3,150.0
spain,41.7,-2.2,221.0
spain,41.7,-2.1,107.0
spain,41.7,-2.0,156.0
spain,41.7,-1.9,241.0
spain,41.7,-1.8,67.0
spain,41.7,-1.7,89.0
spain,41.7,-1.6,48.0
spain,41.7,-1.5,320.0
spain,41.7,-1.4,0.0
spain,41.7,-1.3,0.0
spain,41.7,-1.2,1389.0
spain,41.7,-1.1,3832.0
spain,41.7,-1.0,48201.0
spain,41.7,-0.9,351736.0
spain,41.7,-0.8,175366.0
spain,41.7,-0.7,0.0
spain,41.7,-0.6,568.0
spain,41.7,-0.5,382.0
spain,41.7,-0.4,0.0
spain,41.7,-0.3,0.0
spain,41.7,-0.2,111.0
spain,41.7,-0.1,667.0
spain,41.7,-0.0,365.0
spain,41.7,0.1,1686.0
spain,41.7,0.2,3138.0
spain,41.7,0.3,187.0
spain,41.7,0.4,6045.0
spain,41.7,0.5,8491.0
spain,41.7,0.6,12193.0
spain,41.7,0.7,6151.0
spain,41.7,0.8,6669.0
spain,41.7,0.9,7156.0
spain,41.7,1.0,4719.0
spain,41.7,1.1,2443.0
spain,41.7,1.2,274.0
spain,41.7,1.3,9669.0
spain,41.7,1.4,2020.0
spain,41.7,1.5,3746.0
spain,41.7,1.6,1026.0
spain,41.7,1.7,2051.0
spain,41.7,1.8,48290.0
spain,41.7,1.9,75412.0
spain,41.7,2.0,2834.0
spain,41.7,2.1,394.0
spain,41.7,2.2,22820.0
spain,41.7,2.3,26543.0
spain,41.7,2.4,8895.0
spain,41.7,2.5,38005.0
spain,41.7,2.6,16271.0
spain,41.7,2.7,77377.0
spain,41.7,2.8,95617.0
spain,41.8,-6.5,603.0
spain,41.8,-6.4,525.0
spain,41.8,-6.3,325.0
spain,41.8,-6.2,645.0
spain,41.8,-6.1,518.0
spain,41.8,-6.0,835.0
spain,41.8,-5.9,481.0
spain,41.8,-5.8,340.0
spain,41.8,-5.7,0.0
spain,41.8,-5.6,1042.0
spain,41.8,-5.5,345.0
spain,41.8,-5.4,32.0
spain,41.8,-5.3,558.0
spain,41.8,-5.2,283.0
spain,41.8,-5.1,1438.0
spain,41.8,-5.0,246.0
spain,41.8,-4.9,156.0
spain,41.8,-4.8,660.0
spain,41.8,-4.7,5712.0
spain,41.8,-4.6,461.0
spain,41.8,-4.5,754.0
spain,41.8,-4.4,858.0
spain,41.8,-4.3,253.0
spain,41.8,-4.2,146.0
spain,41.8,-4.1,514.0
spain,41.8,-4.0,514.0
spain,41.8,-3.9,1348.0
spain,41.8,-3.8,503.0
spain,41.8,-3.7,755.0
spain,41.8,-3.6,343.0
spain,41.8,-3.5,744.0
spain,41.8,-3.4,776.0
spain,41.8,-3.3,201.0
spain,41.8,-3.2,403.0
spain,41.8,-3.1,2132.0
spain,41.8,-3.0,634.0
spain,41.8,-2.9,436.0
spain,41.8,-2.8,304.0
spain,41.8,-2.7,123.0
spain,41.8,-2.6,782.0
spain,41.8,-2.5,6979.0
spain,41.8,-2.4,27412.0
spain,41.8,-2.3,164.0
spain,41.8,-2.2,77.0
spain,41.8,-2.1,108.0
spain,41.8,-2.0,3612.0
spain,41.8,-1.9,73.0
spain,41.8,-1.8,456.0
spain,41.8,-1.7,972.0
spain,41.8,-1.6,494.0
spain,41.8,-1.5,8468.0
spain,41.8,-1.4,266.0
spain,41.8,-1.3,125.0
spain,41.8,-1.2,8414.0
spain,41.8,-1.1,8558.0
spain,41.8,-1.0,0.0
spain,41.8,-0.9,1007.0
spain,41.8,-0.8,8063.0
spain,41.8,-0.7,0.0
spain,41.8,-0.6,1140.0
spain,41.8,-0.5,86.0
spain,41.8,-0.4,375.0
spain,41.8,-0.3,1855.0
spain,41.8,-0.2,376.0
spain,41.8,-0.1,3356.0
spain,41.8,-0.0,109.0
spain,41.8,0.1,305.0
spain,41.8,0.2,1810.0
spain,41.8,0.3,5493.0
spain,41.8,0.4,1795.0
spain,41.8,0.5,2147.0
spain,41.8,0.6,7312.0
spain,41.8,0.7,462.0
spain,41.8,0.8,18799.0
spain,41.8,0.9,1217.0
spain,41.8,1.0,2042.0
spain,41.8,1.1,5864.0
spain,41.8,1.2,479.0
spain,41.8,1.3,7472.0
spain,41.8,1.4,1690.0
spain,41.8,1.5,538.0
spain,41.8,1.6,252.0
spain,41.8,1.7,5780.0
spain,41.8,1.8,4484.0
spain,41.8,1.9,15252.0
spain,41.8,2.0,8988.0
spain,41.8,2.1,9470.0
spain,41.8,2.2,12274.0
spain,41.8,2.3,6559.0
spain,41.8,2.4,1103.0
spain,41.8,2.5,6513.0
spain,41.8,2.6,12069.0
spain,41.8,2.7,4333.0
spain,41.8,2.8,19573.0
spain,41.8,2.9,17835.0
spain,41.8,3.0,39130.0
spain,41.9,-8.1,1421.0
spain,41.9,-8.0,614.0
spain,41.9,-7.8,220.0
spain,41.9,-7.6,385.0
spain,41.9,-7.5,5231.0
spain,41.9,-7.4,940.0
spain,41.9,-7.3,1056.0
spain,41.9,-6.5,34.0
spain,41.9,-6.4,254.0
spain,41.9,-6.3,386.0
spain,41.9,-6.2,695.0
spain,41.9,-6.1,382.0
spain,41.9,-6.0,253.0
spain,41.9,-5.9,616.0
spain,41.9,-5.8,986.0
spain,41.9,-5.7,1256.0
spain,41.9,-5.6,569.0
spain,41.9,-5.5,389.0
spain,41.9,-5.4,1541.0
spain,41.9,-5.3,560.0
spain,41.9,-5.2,797.0
spain,41.9,-5.1,105.0
spain,41.9,-5.0,4855.0
spain,41.9,-4.9,657.0
spain,41.9,-4.8,589.0
spain,41.9,-4.7,220.0
spain,41.9,-4.6,0.0
spain,41.9,-4.5,11891.0
spain,41.9,-4.4,396.0
spain,41.9,-4.3,1269.0
spain,41.9,-4.2,238.0
spain,41.9,-4.1,349.0
spain,41.9,-4.0,0.0
spain,41.9,-3.9,168.0
spain,41.9,-3.8,276.0
spain,41.9,-3.7,281.0
spain,41.9,-3.6,314.0
spain,41.9,-3.5,156.0
spain,41.9,-3.4,1060.0
spain,41.9,-3.3,182.0
spain,41.9,-3.2,173.0
spain,41.9,-3.1,931.0
spain,41.9,-3.0,698.0
spain,41.9,-2.9,1620.0
spain,41.9,-2.8,1125.0
spain,41.9,-2.7,230.0
spain,41.9,-2.6,239.0
spain,41.9,-2.5,661.0
spain,41.9,-2.4,371.0
spain,41.9,-2.3,442.0
spain,41.9,-2.2,171.0
spain,41.9,-2.1,178.0
spain,41.9,-2.0,683.0
spain,41.9,-1.9,3077.0
spain,41.9,-1.8,163.0
spain,41.9,-1.7,12206.0
spain,41.9,-1.6,303.0
spain,41.9,-1.5,0.0
spain,41.9,-1.4,7153.0
spain,41.9,-1.3,8982.0
spain,41.9,-1.2,1050.0
spain,41.9,-1.1,0.0
spain,41.9,-1.0,0.0
spain,41.9,-0.9,5.0
spain,41.9,-0.8,9419.0
spain,41.9,-0.7,0.0
spain,41.9,-0.6,0.0
spain,41.9,-0.5,1094.0
spain,41.9,-0.4,1604.0
spain,41.9,-0.3,936.0
spain,41.9,-0.2,645.0
spain,41.9,-0.1,0.0
spain,41.9,-0.0,632.0
spain,41.9,0.1,1416.0
spain,41.9,0.2,17085.0
spain,41.9,0.3,6101.0
spain,41.9,0.4,3646.0
spain,41.9,0.5,481.0
spain,41.9,0.6,1194.0
spain,41.9,0.7,612.0
spain,41.9,0.8,388.0
spain,41.9,0.9,545.0
spain,41.9,1.0,3564.0
spain,41.9,1.1,393.0
spain,41.9,1.2,3055.0
spain,41.9,1.3,502.0
spain,41.9,1.4,134.0
spain,41.9,1.5,555.0
spain,41.9,1.6,282.0
spain,41.9,1.7,5163.0
spain,41.9,1.8,232.0
spain,41.9,1.9,9377.0
spain,41.9,2.0,2791.0
spain,41.9,2.1,880.0
spain,41.9,2.2,10519.0
spain,41.9,2.3,49881.0
spain,41.9,2.4,460.0
spain,41.9,2.5,5745.0
spain,41.9,2.6,5664.0
spain,41.9,2.7,23837.0
spain,41.9,2.8,38953.0
spain,41.9,2.9,11575.0
spain,41.9,3.0,5587.0
spain,41.9,3.1,24341.0
spain,41.9,3.2,28060.0
spain,42.0,-8.8,5178.0
spain,42.0,-8.7,1759.0
spain,42.0,-8.0,2275.0
spain,42.0,-7.9,886.0
spain,42.0,-7.8,1205.0
spain,42.0,-7.7,8867.0
spain,42.0,-7.6,1313.0
spain,42.0,-7.5,7657.0
spain,42.0,-7.4,2822.0
spain,42.0,-7.3,976.0
spain,42.0,-7.2,27.0
spain,42.0,-7.1,511.0
spain,42.0,-7.0,135.0
spain,42.0,-6.9,246.0
spain,42.0,-6.7,402.0
spain,42.0,-6.6,113.0
spain,42.0,-6.5,207.0
spain,42.0,-6.4,532.0
spain,42.0,-6.3,378.0
spain,42.0,-6.2,420.0
spain,42.0,-6.1,1021.0
spain,42.0,-6.0,854.0
spain,42.0,-5.9,1292.0
spain,42.0,-5.8,1103.0
spain,42.0,-5.7,19647.0
spain,42.0,-5.6,2130.0
spain,42.0,-5.5,709.0
spain,42.0,-5.4,993.0
spain,42.0,-5.3,783.0
spain,42.0,-5.2,303.0
spain,42.0,-5.1,357.0
spain,42.0,-5.0,122.0
spain,42.0,-4.9,269.0
spain,42.0,-4.8,352.0
spain,42.0,-4.7,223.0
spain,42.0,-4.6,1249.0
spain,42.0,-4.5,82444.0
spain,42.0,-4.4,1133.0
spain,42.0,-4.3,1642.0
spain,42.0,-4.2,260.0
spain,42.0,-4.1,0.0
spain,42.0,-4.0,441.0
spain,42.0,-3.9,33.0
spain,42.0,-3.8,2672.0
spain,42.0,-3.7,1022.0
spain,42.0,-3.6,247.0
spain,42.0,-3.5,225.0
spain,42.0,-3.4,227.0
spain,42.0,-3.3,2205.0
spain,42.0,-3.2,552.0
spain,42.0,-3.1,400.0
spain,42.0,-3.0,2065.0
spain,42.0,-2.9,1075.0
spain,42.0,-2.8,17.0
spain,42.0,-2.7,0.0
spain,42.0,-2.6,173.0
spain,42.0,-2.5,152.0
spain,42.0,-2.4,77.0
spain,42.0,-2.3,768.0
spain,42.0,-2.2,31.0
spain,42.0,-2.1,22.0
spain,42.0,-2.0,591.0
spain,42.0,-1.9,1822.0
spain,42.0,-1.8,0.0
spain,42.0,-1.7,5189.0
spain,42.0,-1.6,24089.0
spain,42.0,-1.5,7542.0
spain,42.0,-1.4,2234.0
spain,42.0,-1.3,203.0
spain,42.0,-1.2,0.0
spain,42.0,-1.1,0.0
spain,42.0,-1.0,217.0
spain,42.0,-0.9,96.0
spain,42.0,-0.8,957.0
spain,42.0,-0.7,965.0
spain,42.0,-0.6,84.0
spain,42.0,-0.5,1061.0
spain,42.0,-0.4,578.0
spain,42.0,-0.3,538.0
spain,42.0,-0.2,460.0
spain,42.0,-0.1,606.0
spain,42.0,-0.0,317.0
spain,42.0,0.1,17100.0
spain,42.0,0.2,1851.0
spain,42.0,0.3,366.0
spain,42.0,0.4,241.0
spain,42.0,0.5,71.0
spain,42.0,0.6,109.0
spain,42.0,0.7,281.0
spain,42.0,0.8,309.0
spain,42.0,0.9,58.0
spain,42.0,1.0,363.0
spain,42.0,1.1,70.0
spain,42.0,1.2,103.0
spain,42.0,1.3,324.0
spain,42.0,1.4,111.0
spain,42.0,1.5,9500.0
spain,42.0,1.6,1247.0
spain,42.0,1.7,188.0
spain,42.0,1.8,2125.0
spain,42.0,1.9,8776.0
spain,42.0,2.0,2364.0
spain,42.0,2.1,2202.0
spain,42.0,2.2,21958.0
spain,42.0,2.3,49578.0
spain,42.0,2.4,898.0
spain,42.0,2.5,305.0
spain,42.0,2.6,4678.0
spain,42.0,2.7,5636.0
spain,42.0,2.8,93268.0
spain,42.0,2.9,38580.0
spain,42.0,3.0,16452.0
spain,42.0,3.1,1677.0
spain,42.0,3.2,9644.0
spain,42.1,-8.8,37609.0
spain,42.1,-8.7,11282.0
spain,42.1,-8.6,7215.0
spain,42.1,-8.5,4706.0
spain,42.1,-8.1,541.0
spain,42.1,-8.0,5326.0
spain,42.1,-7.9,1153.0
spain,42.1,-7.8,2967.0
spain,42.1,-7.7,1559.0
spain,42.1,-7.6,1457.0
spain,42.1,-7.5,320.0
spain,42.1,-7.4,753.0
spain,42.1,-7.3,90.0
spain,42.1,-7.2,293.0
spain,42.1,-7.1,1066.0
spain,42.1,-7.0,165.0
spain,42.1,-6.9,204.0
spain,42.1,-6.8,101.0
spain,42.1,-6.7,558.0
spain,42.1,-6.6,2819.0
spain,42.1,-6.5,278.0
spain,42.1,-6.4,277.0
spain,42.1,-6.3,349.0
spain,42.1,-6.2,198.0
spain,42.1,-6.1,938.0
spain,42.1,-6.0,1059.0
spain,42.1,-5.9,337.0
spain,42.1,-5.8,2277.0
spain,42.1,-5.7,893.0
spain,42.1,-5.6,1428.0
spain,42.1,-5.5,1697.0
spain,42.1,-5.4,354.0
spain,42.1,-5.3,386.0
spain,42.1,-5.2,473.0
spain,42.1,-5.1,320.0
spain,42.1,-5.0,1729.0
spain,42.1,-4.9,891.0
spain,42.1,-4.8,804.0
spain,42.1,-4.7,1904.0
spain,42.1,-4.6,2685.0
spain,42.1,-4.5,1471.0
spain,42.1,-4.4,128.0
spain,42.1,-4.3,107.0
spain,42.1,-4.2,572.0
spain,42.1,-4.1,573.0
spain,42.1,-4.0,528.0
spain,42.1,-3.9,864.0
spain,42.1,-3.8,204.0
spain,42.1,-3.7,492.0
spain,42.1,-3.6,447.0
spain,42.1,-3.5,536.0
spain,42.1,-3.4,256.0
spain,42.1,-3.3,327.0
spain,42.1,-3.2,123.0
spain,42.1,-3.1,263.0
spain,42.1,-3.0,164.0
spain,42.1,-2.9,0.0
spain,42.1,-2.8,85.0
spain,42.1,-2.7,338.0
spain,42.1,-2.6,173.0
spain,42.1,-2.5,0.0
spain,42.1,-2.4,93.0
spain,42.1,-2.3,330.0
spain,42.1,-2.2,12.0
spain,42.1,-2.1,378.0
spain,42.1,-2.0,810.0
spain,42.1,-1.9,0.0
spain,42.1,-1.8,18305.0
spain,42.1,-1.7,11.0
spain,42.1,-1.6,20654.0
spain,42.1,-1.5,1.0
spain,42.1,-1.4,0.0
spain,42.1,-1.3,295.0
spain,42.1,-1.2,580.0
spain,42.1,-1.1,14293.0
spain,42.1,-1.0,0.0
spain,42.1,-0.9,638.0
spain,42.1,-0.8,184.0
spain,42.1,-0.7,24.0
spain,42.1,-0.6,2111.0
spain,42.1,-0.5,2.0
spain,42.1,-0.4,49983.0
spain,42.1,-0.3,1165.0
spain,42.1,-0.2,567.0
spain,42.1,-0.1,977.0
spain,42.1,-0.0,843.0
spain,42.1,0.1,713.0
spain,42.1,0.2,726.0
spain,42.1,0.3,464.0
spain,42.1,0.4,184.0
spain,42.1,0.5,1086.0
spain,42.1,0.6,121.0
spain,42.1,0.7,99.0
spain,42.1,0.8,144.0
spain,42.1,0.9,387.0
spain,42.1,1.0,903.0
spain,42.1,1.1,319.0
spain,42.1,1.2,30.0
spain,42.1,1.3,2280.0
spain,42.1,1.4,106.0
spain,42.1,1.5,75.0
spain,42.1,1.6,1059.0
spain,42.1,1.7,140.0
spain,42.1,1.8,3395.0
spain,42.1,1.9,18301.0
spain,42.1,2.0,483.0
spain,42.1,2.1,623.0
spain,42.1,2.2,3953.0
spain,42.1,2.3,2692.0
spain,42.1,2.4,2567.0
spain,42.1,2.5,4673.0
spain,42.1,2.6,380.0
spain,42.1,2.7,1107.0
spain,42.1,2.8,29327.0
spain,42.1,2.9,1666.0
spain,42.1,3.0,7259.0
spain,42.1,3.1,21486.0
spain,42.2,-8.7,293289.0
spain,42.2,-8.6,26694.0
spain,42.2,-8.5,22542.0
spain,42.2,-8.4,3038.0
spain,42.2,-8.3,5287.0
spain,42.2,-8.2,2844.0
spain,42.2,-8.1,1046.0
spain,42.2,-8.0,3606.0
spain,42.2,-7.9,3704.0
spain,42.2,-7.8,5719.0
spain,42.2,-7.7,3225.0
spain,42.2,-7.6,1106.0
spain,42.2,-7.5,165.0
spain,42.2,-7.4,34.0
spain,42.2,-7.3,30.0
spain,42.2,-7.2,473.0
spain,42.2,-7.1,2192.0
spain,42.2,-7.0,494.0
spain,42.2,-6.9,136.0
spain,42.2,-6.8,0.0
spain,42.2,-6.7,60.0
spain,42.2,-6.6,131.0
spain,42.2,-6.5,14.0
spain,42.2,-6.4,54.0
spain,42.2,-6.3,90.0
spain,42.2,-6.2,583.0
spain,42.2,-6.1,307.0
spain,42.2,-6.0,962.0
spain,42.2,-5.9,864.0
spain,42.2,-5.8,745.0
spain,42.2,-5.7,560.0
spain,42.2,-5.6,1154.0
spain,42.2,-5.5,311.0
spain,42.2,-5.4,275.0
spain,42.2,-5.3,740.0
spain,42.2,-5.2,1267.0
spain,42.2,-5.1,364.0
spain,42.2,-5.0,277.0
spain,42.2,-4.9,1016.0
spain,42.2,-4.8,198.0
spain,42.2,-4.7,784.0
spain,42.2,-4.6,472.0
spain,42.2,-4.5,906.0
spain,42.2,-4.4,341.0
spain,42.2,-4.3,1411.0
spain,42.2,-4.2,231.0
spain,42.2,-4.1,544.0
spain,42.2,-4.0,734.0
spain,42.2,-3.9,418.0
spain,42.2,-3.8,450.0
spain,42.2,-3.7,1198.0
spain,42.2,-3.6,899.0
spain,42.2,-3.5,242.0
spain,42.2,-3.4,157.0
spain,42.2,-3.3,99.0
spain,42.2,-3.2,171.0
spain,42.2,-3.1,56.0
spain,42.2,-3.0,6.0
spain,42.2,-2.9,87.0
spain,42.2,-2.8,95.0
spain,42.2,-2.7,579.0
spain,42.2,-2.6,75.0
spain,42.2,-2.5,412.0
spain,42.2,-2.4,34.0
spain,42.2,-2.3,128.0
spain,42.2,-2.2,1135.0
spain,42.2,-2.1,15036.0
spain,42.2,-2.0,6680.0
spain,42.2,-1.9,6688.0
spain,42.2,-1.8,34.0
spain,42.2,-1.7,19335.0
spain,42.2,-1.6,4747.0
spain,42.2,-1.5,0.0
spain,42.2,-1.4,3.0
spain,42.2,-1.3,864.0
spain,42.2,-1.2,536.0
spain,42.2,-1.1,494.0
spain,42.2,-1.0,3.0
spain,42.2,-0.9,845.0
spain,42.2,-0.8,292.0
spain,42.2,-0.7,30.0
spain,42.2,-0.6,418.0
spain,42.2,-0.5,5252.0
spain,42.2,-0.4,1657.0
spain,42.2,-0.3,523.0
spain,42.2,-0.2,195.0
spain,42.2,-0.1,179.0
spain,42.2,-0.0,739.0
spain,42.2,0.1,25.0
spain,42.2,0.2,325.0
spain,42.2,0.3,3173.0
spain,42.2,0.4,439.0
spain,42.2,0.5,278.0
spain,42.2,0.6,127.0
spain,42.2,0.7,15.0
spain,42.2,0.8,102.0
spain,42.2,0.9,6619.0
spain,42.2,1.0,216.0
spain,42.2,1.1,97.0
spain,42.2,1.2,132.0
spain,42.2,1.3,1211.0
spain,42.2,1.4,435.0
spain,42.2,1.5,164.0
spain,42.2,1.6,285.0
spain,42.2,1.7,434.0
spain,42.2,1.8,319.0
spain,42.2,1.9,4061.0
spain,42.2,2.0,1187.0
spain,42.2,2.1,120.0
spain,42.2,2.2,13968.0
spain,42.2,2.3,3469.0
spain,42.2,2.4,636.0
spain,42.2,2.5,44557.0
spain,42.2,2.6,2993.0
spain,42.2,2.7,2755.0
spain,42.2,2.8,2657.0
spain,42.2,2.9,10771.0
spain,42.2,3.0,2494.0
spain,42.2,3.1,15194.0
spain,42.3,-8.8,56808.0
spain,42.3,-8.7,26542.0
spain,42.3,-8.6,29080.0
spain,42.3,-8.5,2941.0
spain,42.3,-8.4,1201.0
spain,42.3,-8.3,779.0
spain,42.3,-8.2,1915.0
spain,42.3,-8.1,8414.0
spain,42.3,-8.0,1079.0
spain,42.3,-7.9,99222.0
spain,42.3,-7.8,7794.0
spain,42.3,-7.7,2476.0
spain,42.3,-7.6,2282.0
spain,42.3,-7.5,455.0
spain,42.3,-7.4,709.0
spain,42.3,-7.3,1649.0
spain,42.3,-7.2,391.0
spain,42.3,-7.1,1506.0
spain,42.3,-7.0,162.0
spain,42.3,-6.9,93.0
spain,42.3,-6.8,310.0
spain,42.3,-6.7,472.0
spain,42.3,-6.6,356.0
spain,42.3,-6.5,97.0
spain,42.3,-6.4,233.0
spain,42.3,-6.3,26.0
spain,42.3,-6.2,290.0
spain,42.3,-6.1,585.0
spain,42.3,-6.0,1672.0
spain,42.3,-5.9,12258.0
spain,42.3,-5.8,3450.0
spain,42.3,-5.7,2613.0
spain,42.3,-5.6,1252.0
spain,42.3,-5.5,5711.0
spain,42.3,-5.4,295.0
spain,42.3,-5.3,204.0
spain,42.3,-5.2,516.0
spain,42.3,-5.1,337.0
spain,42.3,-5.0,834.0
spain,42.3,-4.9,18.0
spain,42.3,-4.8,522.0
spain,42.3,-4.7,413.0
spain,42.3,-4.6,2039.0
spain,42.3,-4.5,619.0
spain,42.3,-4.4,824.0
spain,42.3,-4.3,588.0
spain,42.3,-4.2,846.0
spain,42.3,-4.1,115.0
spain,42.3,-4.0,395.0
spain,42.3,-3.9,611.0
spain,42.3,-3.8,4753.0
spain,42.3,-3.7,43930.0
spain,42.3,-3.6,2059.0
spain,42.3,-3.5,2378.0
spain,42.3,-3.4,269.0
spain,42.3,-3.3,80.0
spain,42.3,-3.2,1323.0
spain,42.3,-3.1,340.0
spain,42.3,-3.0,2052.0
spain,42.3,-2.9,479.0
spain,42.3,-2.8,788.0
spain,42.3,-2.7,334.0
spain,42.3,-2.6,1017.0
spain,42.3,-2.5,1609.0
spain,42.3,-2.4,3367.0
spain,42.3,-2.3,610.0
spain,42.3,-2.2,1303.0
spain,42.3,-2.1,5056.0
spain,42.3,-2.0,116.0
spain,42.3,-1.9,33533.0
spain,42.3,-1.8,14001.0
spain,42.3,-1.7,161.0
spain,42.3,-1.6,3339.0
spain,42.3,-1.5,0.0
spain,42.3,-1.4,8.0
spain,42.3,-1.3,1651.0
spain,42.3,-1.2,890.0
spain,42.3,-1.1,27.0
spain,42.3,-1.0,319.0
spain,42.3,-0.9,30.0
spain,42.3,-0.8,128.0
spain,42.3,-0.7,1155.0
spain,42.3,-0.6,366.0
spain,42.3,-0.5,552.0
spain,42.3,-0.4,239.0
spain,42.3,-0.3,0.0
spain,42.3,-0.2,18.0
spain,42.3,-0.1,39.0
spain,42.3,-0.0,66.0
spain,42.3,0.1,149.0
spain,42.3,0.2,125.0
spain,42.3,0.3,170.0
spain,42.3,0.4,126.0
spain,42.3,0.5,77.0
spain,42.3,0.6,198.0
spain,42.3,0.7,350.0
spain,42.3,0.8,52.0
spain,42.3,0.9,2012.0
spain,42.3,1.0,1831.0
spain,42.3,1.1,42.0
spain,42.3,1.2,88.0
spain,42.3,1.3,102.0
spain,42.3,1.4,1655.0
spain,42.3,1.5,12915.0
spain,42.3,1.6,32.0
spain,42.3,1.7,42.0
spain,42.3,1.8,405.0
spain,42.3,1.9,39.0
spain,42.3,2.0,174.0
spain,42.3,2.1,2337.0
spain,42.3,2.2,330.0
spain,42.3,2.3,1180.0
spain,42.3,2.4,3192.0
spain,42.3,2.5,161.0
spain,42.3,2.6,1263.0
spain,42.3,2.7,208.0
spain,42.3,2.8,1726.0
spain,42.3,2.9,47776.0
spain,42.3,3.0,7329.0
spain,42.3,3.1,5764.0
spain,42.3,3.2,22837.0
spain,42.4,-8.7,90027.0
spain,42.4,-8.6,41012.0
spain,42.4,-8.5,6015.0
spain,42.4,-8.4,1779.0
spain,42.4,-8.3,1402.0
spain,42.4,-8.2,2509.0
spain,42.4,-8.1,11055.0
spain,42.4,-8.0,5762.0
spain,42.4,-7.9,3342.0
spain,42.4,-7.8,26270.0
spain,42.4,-7.7,1773.0
spain,42.4,-7.6,1386.0
spain,42.4,-7.5,1371.0
spain,42.4,-7.4,984.0
spain,42.4,-7.3,2125.0
spain,42.4,-7.2,1343.0
spain,42.4,-7.1,4151.0
spain,42.4,-7.0,14688.0
spain,42.4,-6.9,1745.0
spain,42.4,-6.8,1074.0
spain,42.4,-6.7,424.0
spain,42.4,-6.6,15.0
spain,42.4,-6.5,124.0
spain,42.4,-6.4,28.0
spain,42.4,-6.3,409.0
spain,42.4,-6.2,593.0
spain,42.4,-6.1,614.0
spain,42.4,-6.0,2037.0
spain,42.4,-5.9,2997.0
spain,42.4,-5.8,1645.0
spain,42.4,-5.7,1159.0
spain,42.4,-5.6,1106.0
spain,42.4,-5.5,928.0
spain,42.4,-5.4,543.0
spain,42.4,-5.3,479.0
spain,42.4,-5.2,849.0
spain,42.4,-5.1,235.0
spain,42.4,-5.0,2334.0
spain,42.4,-4.9,213.0
spain,42.4,-4.8,188.0
spain,42.4,-4.7,877.0
spain,42.4,-4.6,167.0
spain,42.4,-4.5,565.0
spain,42.4,-4.4,1347.0
spain,42.4,-4.3,60.0
spain,42.4,-4.2,1771.0
spain,42.4,-4.1,920.0
spain,42.4,-4.0,425.0
spain,42.4,-3.9,728.0
spain,42.4,-3.8,541.0
spain,42.4,-3.7,138753.0
spain,42.4,-3.6,2049.0
spain,42.4,-3.5,264.0
spain,42.4,-3.4,458.0
spain,42.4,-3.3,355.0
spain,42.4,-3.2,1710.0
spain,42.4,-3.1,476.0
spain,42.4,-3.0,4149.0
spain,42.4,-2.9,626.0
spain,42.4,-2.8,4181.0
spain,42.4,-2.7,10404.0
spain,42.4,-2.6,4424.0
spain,42.4,-2.5,36198.0
spain,42.4,-2.4,20454.0
spain,42.4,-2.3,2655.0
spain,42.4,-2.2,857.0
spain,42.4,-2.1,6775.0
spain,42.4,-2.0,4957.0
spain,42.4,-1.9,7.0
spain,42.4,-1.8,2303.0
spain,42.4,-1.7,108.0
spain,42.4,-1.6,831.0
spain,42.4,-1.5,4451.0
spain,42.4,-1.4,28.0
spain,42.4,-1.3,347.0
spain,42.4,-1.2,637.0
spain,42.4,-1.1,0.0
spain,42.4,-1.0,344.0
spain,42.4,-0.9,136.0
spain,42.4,-0.8,169.0
spain,42.4,-0.7,334.0
spain,42.4,-0.6,88.0
spain,42.4,-0.5,118.0
spain,42.4,-0.4,144.0
spain,42.4,-0.3,25.0
spain,42.4,-0.2,6.0
spain,42.4,-0.1,6.0
spain,42.4,-0.0,27.0
spain,42.4,0.1,2612.0
spain,42.4,0.2,1043.0
spain,42.4,0.3,251.0
spain,42.4,0.4,623.0
spain,42.4,0.5,100.0
spain,42.4,0.6,164.0
spain,42.4,0.7,2236.0
spain,42.4,0.8,96.0
spain,42.4,0.9,139.0
spain,42.4,1.0,524.0
spain,42.4,1.1,706.0
spain,42.4,1.2,1934.0
spain,42.4,1.3,139.0
spain,42.4,1.4,261.0
spain,42.4,1.5,225.0
spain,42.4,1.6,219.0
spain,42.4,1.7,1212.0
spain,42.4,1.8,3097.0
spain,42.4,1.9,1602.0
spain,42.4,2.2,30.0
spain,42.4,2.3,218.0
spain,42.4,2.7,12.0
spain,42.4,2.8,510.0
spain,42.4,2.9,977.0
spain,42.4,3.0,1885.0
spain,42.4,3.1,4884.0
spain,42.5,-8.7,38294.0
spain,42.5,-8.6,9629.0
spain,42.5,-8.5,1628.0
spain,42.5,-8.4,1240.0
spain,42.5,-8.3,2137.0
spain,42.5,-8.2,969.0
spain,42.5,-8.1,1368.0
spain,42.5,-8.0,6918.0
spain,42.5,-7.9,1745.0
spain,42.5,-7.8,2607.0
spain,42.5,-7.7,807.0
spain,42.5,-7.6,2762.0
spain,42.5,-7.5,16846.0
spain,42.5,-7.4,781.0
spain,42.5,-7.3,1937.0
spain,42.5,-7.2,1035.0
spain,42.5,-7.1,48.0
spain,42.5,-7.0,356.0
spain,42.5,-6.9,1335.0
spain,42.5,-6.8,2774.0
spain,42.5,-6.7,3901.0
spain,42.5,-6.6,5718.0
spain,42.5,-6.5,846.0
spain,42.5,-6.4,44.0
spain,42.5,-6.3,148.0
spain,42.5,-6.2,322.0
spain,42.5,-6.1,11216.0
spain,42.5,-6.0,1126.0
spain,42.5,-5.9,7396.0
spain,42.5,-5.8,1929.0
spain,42.5,-5.7,918.0
spain,42.5,-5.6,7562.0
spain,42.5,-5.5,1262.0
spain,42.5,-5.4,2800.0
spain,42.5,-5.3,931.0
spain,42.5,-5.2,249.0
spain,42.5,-5.1,359.0
spain,42.5,-5.0,629.0
spain,42.5,-4.9,117.0
spain,42.5,-4.8,2945.0
spain,42.5,-4.7,1320.0
spain,42.5,-4.6,297.0
spain,42.5,-4.5,226.0
spain,42.5,-4.4,284.0
spain,42.5,-4.3,150.0
spain,42.5,-4.2,65.0
spain,42.5,-4.1,263.0
spain,42.5,-4.0,1055.0
spain,42.5,-3.9,371.0
spain,42.5,-3.8,402.0
spain,42.5,-3.7,827.0
spain,42.5,-3.6,544.0
spain,42.5,-3.5,163.0
spain,42.5,-3.4,175.0
spain,42.5,-3.3,6478.0
spain,42.5,-3.2,70.0
spain,42.5,-3.1,848.0
spain,42.5,-3.0,3495.0
spain,42.5,-2.9,942.0
spain,42.5,-2.8,1357.0
spain,42.5,-2.7,3772.0
spain,42.5,-2.6,3664.0
spain,42.5,-2.5,94603.0
spain,42.5,-2.4,33836.0
spain,42.5,-2.3,1440.0
spain,42.5,-2.2,2838.0
spain,42.5,-2.1,1144.0
spain,42.5,-2.0,1783.0
spain,42.5,-1.9,800.0
spain,42.5,-1.8,734.0
spain,42.5,-1.7,14612.0
spain,42.5,-1.6,400.0
spain,42.5,-1.5,224.0
spain,42.5,-1.4,1027.0
spain,42.5,-1.3,145.0
spain,42.5,-1.2,473.0
spain,42.5,-1.1,139.0
spain,42.5,-1.0,45.0
spain,42.5,-0.9,37.0
spain,42.5,-0.8,256.0
spain,42.5,-0.7,449.0
spain,42.5,-0.6,68.0
spain,42.5,-0.5,118.0
spain,42.5,-0.4,7912.0
spain,42.5,-0.3,1392.0
spain,42.5,-0.2,0.0
spain,42.5,-0.1,364.0
spain,42.5,-0.0,60.0
spain,42.5,0.1,34.0
spain,42.5,0.2,731.0
spain,42.5,0.3,10.0
spain,42.5,0.4,179.0
spain,42.5,0.5,1240.0
spain,42.5,0.6,157.0
spain,42.5,0.7,775.0
spain,42.5,0.8,1105.0
spain,42.5,0.9,0.0
spain,42.5,1.0,66.0
spain,42.5,1.1,107.0
spain,42.5,1.2,1022.0
spain,42.5,1.3,243.0
spain,42.6,-9.0,55327.0
spain,42.6,-8.7,52110.0
spain,42.6,-8.6,5155.0
spain,42.6,-8.5,5105.0
spain,42.6,-8.4,1107.0
spain,42.6,-8.3,1634.0
spain,42.6,-8.2,2139.0
spain,42.6,-8.1,1313.0
spain,42.6,-8.0,1846.0
spain,42.6,-7.9,866.0
spain,42.6,-7.8,6308.0
spain,42.6,-7.7,1958.0
spain,42.6,-7.6,2011.0
spain,42.6,-7.5,1718.0
spain,42.6,-7.4,914.0
spain,42.6,-7.3,192.0
spain,42.6,-7.2,462.0
spain,42.6,-7.1,179.0
spain,42.6,-7.0,370.0
spain,42.6,-6.9,567.0
spain,42.6,-6.8,3903.0
spain,42.6,-6.7,10290.0
spain,42.6,-6.6,59301.0
spain,42.6,-6.5,3420.0
spain,42.6,-6.4,9221.0
spain,42.6,-6.3,2054.0
spain,42.6,-6.2,396.0
spain,42.6,-6.1,467.0
spain,42.6,-6.0,726.0
spain,42.6,-5.9,980.0
spain,42.6,-5.8,3734.0
spain,42.6,-5.7,7937.0
spain,42.6,-5.6,136047.0
spain,42.6,-5.5,40302.0
spain,42.6,-5.4,826.0
spain,42.6,-5.3,767.0
spain,42.6,-5.2,770.0
spain,42.6,-5.1,156.0
spain,42.6,-5.0,325.0
spain,42.6,-4.9,50.0
spain,42.6,-4.8,559.0
spain,42.6,-4.7,197.0
spain,42.6,-4.6,397.0
spain,42.6,-4.5,256.0
spain,42.6,-4.4,2117.0
spain,42.6,-4.3,918.0
spain,42.6,-4.2,206.0
spain,42.6,-4.1,146.0
spain,42.6,-4.0,181.0
spain,42.6,-3.9,174.0
spain,42.6,-3.8,331.0
spain,42.6,-3.7,212.0
spain,42.6,-3.6,62.0
spain,42.6,-3.5,131.0
spain,42.6,-3.4,379.0
spain,42.6,-3.3,281.0
spain,42.6,-3.2,285.0
spain,42.6,-3.1,588.0
spain,42.6,-3.0,1214.0
spain,42.6,-2.9,13940.0
spain,42.6,-2.8,1761.0
spain,42.6,-2.7,1752.0
spain,42.6,-2.6,1962.0
spain,42.6,-2.5,1750.0
spain,42.6,-2.4,689.0
spain,42.6,-2.3,466.0
spain,42.6,-2.2,2054.0
spain,42.6,-2.1,1748.0
spain,42.6,-2.0,1992.0
spain,42.6,-1.9,3043.0
spain,42.6,-1.8,3381.0
spain,42.6,-1.7,2.0
spain,42.6,-1.6,1880.0
spain,42.6,-1.5,98.0
spain,42.6,-1.4,1096.0
spain,42.6,-1.3,5106.0
spain,42.6,-1.2,463.0
spain,42.6,-1.1,18.0
spain,42.6,-1.0,398.0
spain,42.6,-0.9,37.0
spain,42.6,-0.8,429.0
spain,42.6,-0.7,266.0
spain,42.6,-0.6,2779.0
spain,42.6,-0.5,10544.0
spain,42.6,-0.4,109.0
spain,42.6,-0.3,1511.0
spain,42.6,-0.2,197.0
spain,42.6,-0.1,654.0
spain,42.6,-0.0,48.0
spain,42.6,0.1,47.0
spain,42.6,0.2,447.0
spain,42.6,0.3,598.0
spain,42.6,0.4,9.0
spain,42.6,0.5,2649.0
spain,42.6,0.6,0.0
spain,42.6,0.7,0.0
spain,42.6,0.8,59.0
spain,42.6,0.9,3.0
spain,42.6,1.0,0.0
spain,42.6,1.1,1660.0
spain,42.6,1.2,275.0
spain,42.6,1.3,647.0
spain,42.7,-8.9,39573.0
spain,42.7,-8.8,17909.0
spain,42.7,-8.7,7348.0
spain,42.7,-8.6,9176.0
spain,42.7,-8.5,14019.0
spain,42.7,-8.4,3637.0
spain,42.7,-8.3,3105.0
spain,42.7,-8.2,7199.0
spain,42.7,-8.1,14680.0
spain,42.7,-8.0,678.0
spain,42.7,-7.9,1941.0
spain,42.7,-7.8,1889.0
spain,42.7,-7.7,1118.0
spain,42.7,-7.6,1011.0
spain,42.7,-7.5,384.0
spain,42.7,-7.4,2062.0
spain,42.7,-7.3,917.0
spain,42.7,-7.2,738.0
spain,42.7,-7.1,779.0
spain,42.7,-7.0,471.0
spain,42.7,-6.9,556.0
spain,42.7,-6.8,183.0
spain,42.7,-6.7,479.0
spain,42.7,-6.6,4399.0
spain,42.7,-6.5,2059.0
spain,42.7,-6.4,991.0
spain,42.7,-6.3,716.0
spain,42.7,-6.2,756.0
spain,42.7,-6.1,106.0
spain,42.7,-6.0,325.0
spain,42.7,-5.9,518.0
spain,42.7,-5.8,726.0
spain,42.7,-5.7,119.0
spain,42.7,-5.6,4266.0
spain,42.7,-5.5,910.0
spain,42.7,-5.4,1081.0
spain,42.7,-5.3,19.0
spain,42.7,-5.2,384.0
spain,42.7,-5.1,374.0
spain,42.7,-5.0,183.0
spain,42.7,-4.9,40.0
spain,42.7,-4.8,493.0
spain,42.7,-4.7,32.0
spain,42.7,-4.6,419.0
spain,42.7,-4.5,97.0
spain,42.7,-4.4,518.0
spain,42.7,-4.3,394.0
spain,42.7,-4.2,117.0
spain,42.7,-4.1,295.0
spain,42.7,-4.0,179.0
spain,42.7,-3.9,213.0
spain,42.7,-3.8,255.0
spain,42.7,-3.7,42.0
spain,42.7,-3.6,54.0
spain,42.7,-3.5,319.0
spain,42.7,-3.4,1090.0
spain,42.7,-3.3,265.0
spain,42.7,-3.2,569.0
spain,42.7,-3.1,384.0
spain,42.7,-3.0,970.0
spain,42.7,-2.9,37069.0
spain,42.7,-2.8,610.0
spain,42.7,-2.7,367.0
spain,42.7,-2.6,371.0
spain,42.7,-2.5,178.0
spain,42.7,-2.4,264.0
spain,42.7,-2.3,1156.0
spain,42.7,-2.2,132.0
spain,42.7,-2.1,2248.0
spain,42.7,-2.0,18975.0
spain,42.7,-1.9,851.0
spain,42.7,-1.8,4626.0
spain,42.7,-1.7,4840.0
spain,42.7,-1.6,1160.0
spain,42.7,-1.5,1258.0
spain,42.7,-1.4,292.0
spain,42.7,-1.3,1666.0
spain,42.7,-1.2,157.0
spain,42.7,-1.1,79.0
spain,42.7,-1.0,209.0
spain,42.7,-0.9,43.0
spain,42.7,-0.8,17.0
spain,42.7,-0.7,800.0
spain,42.7,-0.6,140.0
spain,42.7,-0.5,1240.0
spain,42.7,-0.4,0.0
spain,42.7,-0.3,1416.0
spain,42.7,-0.2,0.0
spain,42.7,-0.1,46.0
spain,42.7,0.1,0.0
spain,42.7,0.7,529.0
spain,42.7,0.8,5577.0
spain,42.7,0.9,1928.0
spain,42.7,1.0,8.0
spain,42.7,1.1,113.0
spain,42.8,-8.8,3688.0
spain,42.8,-8.7,16119.0
spain,42.8,-8.6,14146.0
spain,42.8,-8.5,19068.0
spain,42.8,-8.4,5441.0
spain,42.8,-8.3,2222.0
spain,42.8,-8.2,3338.0
spain,42.8,-8.1,1127.0
spain,42.8,-8.0,1680.0
spain,42.8,-7.9,1701.0
spain,42.8,-7.8,3647.0
spain,42.8,-7.7,673.0
spain,42.8,-7.6,1781.0
spain,42.8,-7.5,1788.0
spain,42.8,-7.4,11438.0
spain,42.8,-7.3,1395.0
spain,42.8,-7.2,2189.0
spain,42.8,-7.1,1278.0
spain,42.8,-7.0,553.0
spain,42.8,-6.9,133.0
spain,42.8,-6.8,124.0
spain,42.8,-6.7,206.0
spain,42.8,-6.6,2700.0
spain,42.8,-6.5,1845.0
spain,42.8,-6.4,128.0
spain,42.8,-6.3,112.0
spain,42.8,-6.2,107.0
spain,42.8,-6.1,143.0
spain,42.8,-6.0,518.0
spain,42.8,-5.9,197.0
spain,42.8,-5.8,1109.0
spain,42.8,-5.7,3486.0
spain,42.8,-5.6,619.0
spain,42.8,-5.5,1165.0
spain,42.8,-5.4,769.0
spain,42.8,-5.3,478.0
spain,42.8,-5.2,1545.0
spain,42.8,-5.1,3110.0
spain,42.8,-5.0,791.0
spain,42.8,-4.9,16.0
spain,42.8,-4.8,7196.0
spain,42.8,-4.7,823.0
spain,42.8,-4.6,310.0
spain,42.8,-4.5,1793.0
spain,42.8,-4.4,148.0
spain,42.8,-4.3,6259.0
spain,42.8,-4.2,686.0
spain,42.8,-4.1,278.0
spain,42.8,-4.0,458.0
spain,42.8,-3.9,215.0
spain,42.8,-3.8,77.0
spain,42.8,-3.7,182.0
spain,42.8,-3.6,210.0
spain,42.8,-3.5,332.0
spain,42.8,-3.4,656.0
spain,42.8,-3.3,924.0
spain,42.8,-3.2,242.0
spain,42.8,-3.1,170.0
spain,42.8,-3.0,927.0
spain,42.8,-2.9,612.0
spain,42.8,-2.8,4631.0
spain,42.8,-2.7,24846.0
spain,42.8,-2.6,535.0
spain,42.8,-2.5,4575.0
spain,42.8,-2.4,585.0
spain,42.8,-2.3,267.0
spain,42.8,-2.2,672.0
spain,42.8,-2.1,479.0
spain,42.8,-2.0,638.0
spain,42.8,-1.9,743.0
spain,42.8,-1.8,1832.0
spain,42.8,-1.7,184218.0
spain,42.8,-1.6,137938.0
spain,42.8,-1.5,1085.0
spain,42.8,-1.4,3016.0
spain,42.8,-1.3,32.0
spain,42.8,-1.2,122.0
spain,42.8,-1.1,219.0
spain,42.8,-1.0,84.0
spain,42.8,-0.9,860.0
spain,42.8,-0.8,398.0
spain,42.8,-0.7,113.0
spain,42.8,-0.4,207.0
spain,42.8,-0.3,838.0
spain,42.8,0.7,67.0
spain,42.8,0.8,5.0
spain,42.9,-9.1,8434.0
spain,42.9,-9.0,6366.0
spain,42.9,-8.9,5385.0
spain,42.9,-8.8,6681.0
spain,42.9,-8.7,2510.0
spain,42.9,-8.6,96979.0
spain,42.9,-8.5,21630.0
spain,42.9,-8.4,4067.0
spain,42.9,-8.3,2475.0
spain,42.9,-8.2,2187.0
spain,42.9,-8.1,5467.0
spain,42.9,-8.0,6451.0
spain,42.9,-7.9,2611.0
spain,42.9,-7.8,685.0
spain,42.9,-7.7,1127.0
spain,42.9,-7.6,1983.0
spain,42.9,-7.5,1267.0
spain,42.9,-7.4,3372.0
spain,42.9,-7.3,1015.0
spain,42.9,-7.2,1950.0
spain,42.9,-7.1,462.0
spain,42.9,-7.0,390.0
spain,42.9,-6.9,193.0
spain,42.9,-6.8,46.0
spain,42.9,-6.7,346.0
spain,42.9,-6.6,295.0
spain,42.9,-6.5,816.0
spain,42.9,-6.4,640.0
spain,42.9,-6.3,6714.0
spain,42.9,-6.2,283.0
spain,42.9,-6.1,79.0
spain,42.9,-6.0,211.0
spain,42.9,-5.9,327.0
spain,42.9,-5.8,90.0
spain,42.9,-5.7,2563.0
spain,42.9,-5.6,1134.0
spain,42.9,-5.5,553.0
spain,42.9,-5.4,985.0
spain,42.9,-5.3,911.0
spain,42.9,-5.2,175.0
spain,42.9,-5.1,314.0
spain,42.9,-5.0,471.0
spain,42.9,-4.9,91.0
spain,42.9,-4.8,59.0
spain,42.9,-4.7,161.0
spain,42.9,-4.6,49.0
spain,42.9,-4.5,445.0
spain,42.9,-4.4,701.0
spain,42.9,-4.3,1270.0
spain,42.9,-4.2,1042.0
spain,42.9,-4.1,359.0
spain,42.9,-4.0,135.0
spain,42.9,-3.9,177.0
spain,42.9,-3.8,98.0
spain,42.9,-3.7,183.0
spain,42.9,-3.6,3737.0
spain,42.9,-3.5,5554.0
spain,42.9,-3.4,336.0
spain,42.9,-3.3,113.0
spain,42.9,-3.2,172.0
spain,42.9,-3.1,453.0
spain,42.9,-3.0,247.0
spain,42.9,-2.9,543.0
spain,42.9,-2.8,1926.0
spain,42.9,-2.7,225411.0
spain,42.9,-2.6,3679.0
spain,42.9,-2.5,588.0
spain,42.9,-2.4,5628.0
spain,42.9,-2.3,1617.0
spain,42.9,-2.2,9368.0
spain,42.9,-2.1,4999.0
spain,42.9,-2.0,1876.0
spain,42.9,-1.9,1702.0
spain,42.9,-1.8,3639.0
spain,42.9,-1.7,892.0
spain,42.9,-1.6,40193.0
spain,42.9,-1.5,618.0
spain,42.9,-1.4,274.0
spain,42.9,-1.3,561.0
spain,42.9,-1.2,264.0
spain,42.9,-1.1,1141.0
spain,42.9,-1.0,0.0
spain,42.9,-0.9,154.0
spain,42.9,-0.8,0.0
spain,43.0,-9.2,12968.0
spain,43.0,-9.1,2201.0
spain,43.0,-9.0,1964.0
spain,43.0,-8.9,3395.0
spain,43.0,-8.8,2277.0
spain,43.0,-8.7,3825.0
spain,43.0,-8.6,1776.0
spain,43.0,-8.5,7853.0
spain,43.0,-8.4,4287.0
spain,43.0,-8.3,2196.0
spain,43.0,-8.2,2394.0
spain,43.0,-8.1,1435.0
spain,43.0,-8.0,1670.0
spain,43.0,-7.9,599.0
spain,43.0,-7.8,1195.0
spain,43.0,-7.7,761.0
spain,43.0,-7.6,44808.0
spain,43.0,-7.5,52344.0
spain,43.0,-7.4,768.0
spain,43.0,-7.3,2074.0
spain,43.0,-7.2,573.0
spain,43.0,-7.1,372.0
spain,43.0,-7.0,791.0
spain,43.0,-6.9,136.0
spain,43.0,-6.8,629.0
spain,43.0,-6.7,52.0
spain,43.0,-6.6,359.0
spain,43.0,-6.5,507.0
spain,43.0,-6.4,1376.0
spain,43.0,-6.3,106.0
spain,43.0,-6.2,485.0
spain,43.0,-6.1,310.0
spain,43.0,-6.0,422.0
spain,43.0,-5.9,63.0
spain,43.0,-5.8,188.0
spain,43.0,-5.7,100.0
spain,43.0,-5.6,289.0
spain,43.0,-5.5,109.0
spain,43.0,-5.4,368.0
spain,43.0,-5.3,610.0
spain,43.0,-5.2,32.0
spain,43.0,-5.1,374.0
spain,43.0,-5.0,488.0
spain,43.0,-4.9,279.0
spain,43.0,-4.8,69.0
spain,43.0,-4.7,26.0
spain,43.0,-4.6,17.0
spain,43.0,-4.5,238.0
spain,43.0,-4.4,76.0
spain,43.0,-4.3,516.0
spain,43.0,-4.2,800.0
spain,43.0,-4.1,13083.0
spain,43.0,-4.0,745.0
spain,43.0,-3.9,287.0
spain,43.0,-3.8,615.0
spain,43.0,-3.7,229.0
spain,43.0,-3.6,341.0
spain,43.0,-3.5,517.0
spain,43.0,-3.4,109.0
spain,43.0,-3.3,380.0
spain,43.0,-3.2,78.0
spain,43.0,-3.1,144.0
spain,43.0,-3.0,11650.0
spain,43.0,-2.9,1352.0
spain,43.0,-2.8,1037.0
spain,43.0,-2.7,2396.0
spain,43.0,-2.6,2379.0
spain,43.0,-2.5,11198.0
spain,43.0,-2.4,11056.0
spain,43.0,-2.3,13971.0
spain,43.0,-2.2,10830.0
spain,43.0,-2.1,566.0
spain,43.0,-2.0,1118.0
spain,43.0,-1.9,2190.0
spain,43.0,-1.8,1373.0
spain,43.0,-1.7,811.0
spain,43.0,-1.6,1096.0
spain,43.0,-1.5,724.0
spain,43.0,-1.4,309.0
spain,43.0,-1.3,335.0
spain,43.0,-1.2,203.0
spain,43.0,-1.1,0.0
spain,43.1,-9.2,4048.0
spain,43.1,-9.1,6290.0
spain,43.1,-9.0,4149.0
spain,43.1,-8.9,2162.0
spain,43.1,-8.8,7231.0
spain,43.1,-8.7,1704.0
spain,43.1,-8.6,3588.0
spain,43.1,-8.5,1820.0
spain,43.1,-8.4,10182.0
spain,43.1,-8.3,2601.0
spain,43.1,-8.2,1451.0
spain,43.1,-8.1,2874.0
spain,43.1,-8.0,2773.0
spain,43.1,-7.9,599.0
spain,43.1,-7.8,1914.0
spain,43.1,-7.7,1182.0
spain,43.1,-7.6,5831.0
spain,43.1,-7.5,2835.0
spain,43.1,-7.4,1283.0
spain,43.1,-7.3,730.0
spain,43.1,-7.2,370.0
spain,43.1,-7.1,1636.0
spain,43.1,-7.0,418.0
spain,43.1,-6.9,336.0
spain,43.1,-6.8,45.0
spain,43.1,-6.7,255.0
spain,43.1,-6.6,1179.0
spain,43.1,-6.5,797.0
spain,43.1,-6.4,239.0
spain,43.1,-6.3,198.0
spain,43.1,-6.2,569.0
spain,43.1,-6.1,833.0
spain,43.1,-6.0,358.0
spain,43.1,-5.9,637.0
spain,43.1,-5.8,1172.0
spain,43.1,-5.7,256.0
spain,43.1,-5.6,1075.0
spain,43.1,-5.5,909.0
spain,43.1,-5.4,49.0
spain,43.1,-5.3,326.0
spain,43.1,-5.2,291.0
spain,43.1,-5.1,0.0
spain,43.1,-5.0,262.0
spain,43.1,-4.9,328.0
spain,43.1,-4.8,214.0
spain,43.1,-4.7,1131.0
spain,43.1,-4.6,2498.0
spain,43.1,-4.5,432.0
spain,43.1,-4.4,294.0
spain,43.1,-4.3,238.0
spain,43.1,-4.2,4.0
spain,43.1,-4.1,192.0
spain,43.1,-4.0,2018.0
spain,43.1,-3.9,407.0
spain,43.1,-3.8,445.0
spain,43.1,-3.7,171.0
spain,43.1,-3.6,237.0
spain,43.1,-3.5,1802.0
spain,43.1,-3.4,534.0
spain,43.1,-3.3,2750.0
spain,43.1,-3.2,399.0
spain,43.1,-3.1,2224.0
spain,43.1,-3.0,22037.0
spain,43.1,-2.9,2706.0
spain,43.1,-2.8,2261.0
spain,43.1,-2.7,3000.0
spain,43.1,-2.6,11004.0
spain,43.1,-2.5,25666.0
spain,43.1,-2.4,16829.0
spain,43.1,-2.3,15970.0
spain,43.1,-2.2,29580.0
spain,43.1,-2.1,5642.0
spain,43.1,-2.0,23243.0
spain,43.1,-1.9,3159.0
spain,43.1,-1.8,316.0
spain,43.1,-1.7,3811.0
spain,43.1,-1.6,3340.0
spain,43.1,-1.5,3528.0
spain,43.2,-9.0,5108.0
spain,43.2,-8.9,3774.0
spain,43.2,-8.8,4397.0
spain,43.2,-8.7,30376.0
spain,43.2,-8.6,9101.0
spain,43.2,-8.5,4085.0
spain,43.2,-8.4,6811.0
spain,43.2,-8.3,5425.0
spain,43.2,-8.2,6370.0
spain,43.2,-8.1,1434.0
spain,43.2,-8.0,1769.0
spain,43.2,-7.9,2332.0
spain,43.2,-7.8,1874.0
spain,43.2,-7.7,1949.0
spain,43.2,-7.6,1851.0
spain,43.2,-7.5,2606.0
spain,43.2,-7.4,1500.0
spain,43.2,-7.3,2473.0
spain,43.2,-7.2,649.0
spain,43.2,-7.1,513.0
spain,43.2,-7.0,524.0
spain,43.2,-6.9,688.0
spain,43.2,-6.8,215.0
spain,43.2,-6.7,50.0
spain,43.2,-6.6,7581.0
spain,43.2,-6.5,925.0
spain,43.2,-6.4,503.0
spain,43.2,-6.3,319.0
spain,43.2,-6.2,150.0
spain,43.2,-6.1,730.0
spain,43.2,-6.0,759.0
spain,43.2,-5.9,2569.0
spain,43.2,-5.8,17097.0
spain,43.2,-5.7,7210.0
spain,43.2,-5.6,11999.0
spain,43.2,-5.5,1128.0
spain,43.2,-5.4,1468.0
spain,43.2,-5.3,313.0
spain,43.2,-5.2,474.0
spain,43.2,-5.1,170.0
spain,43.2,-5.0,0.0
spain,43.2,-4.9,102.0
spain,43.2,-4.8,164.0
spain,43.2,-4.7,151.0
spain,43.2,-4.6,1116.0
spain,43.2,-4.5,0.0
spain,43.2,-4.4,421.0
spain,43.2,-4.3,1840.0
spain,43.2,-4.2,212.0
spain,43.2,-4.1,3018.0
spain,43.2,-4.0,326.0
spain,43.2,-3.9,3807.0
spain,43.2,-3.8,3105.0
spain,43.2,-3.7,452.0
spain,43.2,-3.6,532.0
spain,43.2,-3.5,422.0
spain,43.2,-3.4,2575.0
spain,43.2,-3.3,1076.0
spain,43.2,-3.2,8502.0
spain,43.2,-3.1,15935.0
spain,43.2,-3.0,3870.0
spain,43.2,-2.9,316742.0
spain,43.2,-2.8,36277.0
spain,43.2,-2.7,2616.0
spain,43.2,-2.6,46131.0
spain,43.2,-2.5,42804.0
spain,43.2,-2.4,22565.0
spain,43.2,-2.3,15418.0
spain,43.2,-2.2,22967.0
spain,43.2,-2.1,20471.0
spain,43.2,-2.0,14876.0
spain,43.2,-1.9,1271.0
spain,43.2,-1.8,639.0
spain,43.2,-1.7,4692.0
spain,43.2,-1.6,47.0
spain,43.2,-1.5,848.0
spain,43.3,-8.9,7517.0
spain,43.3,-8.6,6365.0
spain,43.3,-8.5,32009.0
spain,43.3,-8.4,301852.0
spain,43.3,-8.3,49692.0
spain,43.3,-8.2,23124.0
spain,43.3,-8.1,2645.0
spain,43.3,-8.0,333.0
spain,43.3,-7.9,1239.0
spain,43.3,-7.8,1016.0
spain,43.3,-7.7,9383.0
spain,43.3,-7.6,1992.0
spain,43.3,-7.5,1871.0
spain,43.3,-7.4,2660.0
spain,43.3,-7.3,800.0
spain,43.3,-7.2,2597.0
spain,43.3,-7.1,396.0
spain,43.3,-7.0,611.0
spain,43.3,-6.9,312.0
spain,43.3,-6.8,218.0
spain,43.3,-6.7,63.0
spain,43.3,-6.6,986.0
spain,43.3,-6.5,1337.0
spain,43.3,-6.4,4912.0
spain,43.3,-6.3,409.0
spain,43.3,-6.2,1023.0
spain,43.3,-6.1,276.0
spain,43.3,-6.0,1668.0
spain,43.3,-5.9,12197.0
spain,43.3,-5.8,30465.0
spain,43.3,-5.7,38453.0
spain,43.3,-5.6,19952.0
spain,43.3,-5.5,4176.0
spain,43.3,-5.4,528.0
spain,43.3,-5.3,585.0
spain,43.3,-5.2,1398.0
spain,43.3,-5.1,589.0
spain,43.3,-5.0,875.0
spain,43.3,-4.9,607.0
spain,43.3,-4.8,1357.0
spain,43.3,-4.7,556.0
spain,43.3,-4.6,1600.0
spain,43.3,-4.5,5475.0
spain,43.3,-4.4,5606.0
spain,43.3,-4.3,4219.0
spain,43.3,-4.2,13559.0
spain,43.3,-4.1,15037.0
spain,43.3,-4.0,27362.0
spain,43.3,-3.9,6041.0
spain,43.3,-3.8,10928.0
spain,43.3,-3.7,1519.0
spain,43.3,-3.6,941.0
spain,43.3,-3.5,4751.0
spain,43.3,-3.4,802.0
spain,43.3,-3.3,2507.0
spain,43.3,-3.2,33432.0
spain,43.3,-3.1,24222.0
spain,43.3,-3.0,499186.0
spain,43.3,-2.9,24116.0
spain,43.3,-2.8,39177.0
spain,43.3,-2.7,26328.0
spain,43.3,-2.6,3155.0
spain,43.3,-2.5,12329.0
spain,43.3,-2.4,14316.0
spain,43.3,-2.3,16244.0
spain,43.3,-2.1,29352.0
spain,43.3,-2.0,236426.0
spain,43.3,-1.9,69960.0
spain,43.3,-1.8,13584.0
spain,43.4,-8.2,28328.0
spain,43.4,-8.1,2206.0
spain,43.4,-8.0,1009.0
spain,43.4,-7.9,532.0
spain,43.4,-7.8,1034.0
spain,43.4,-7.7,249.0
spain,43.4,-7.6,1229.0
spain,43.4,-7.5,942.0
spain,43.4,-7.4,598.0
spain,43.4,-7.3,1796.0
spain,43.4,-7.2,807.0
spain,43.4,-7.1,1627.0
spain,43.4,-7.0,482.0
spain,43.4,-6.9,180.0
spain,43.4,-6.8,1512.0
spain,43.4,-6.7,336.0
spain,43.4,-6.6,1159.0
spain,43.4,-6.5,771.0
spain,43.4,-6.4,1103.0
spain,43.4,-6.3,2916.0
spain,43.4,-6.2,1110.0
spain,43.4,-6.1,10241.0
spain,43.4,-6.0,3601.0
spain,43.4,-5.9,153975.0
spain,43.4,-5.8,81367.0
spain,43.4,-5.7,29309.0
spain,43.4,-5.6,7973.0
spain,43.4,-5.5,1833.0
spain,43.4,-5.4,5678.0
spain,43.4,-5.3,1512.0
spain,43.4,-5.2,5944.0
spain,43.4,-5.1,10105.0
spain,43.4,-5.0,1299.0
spain,43.4,-4.9,4731.0
spain,43.4,-4.8,2016.0
spain,43.4,-4.7,6354.0
spain,43.4,-4.1,21239.0
spain,43.4,-4.0,53990.0
spain,43.4,-3.9,99917.0
spain,43.4,-3.8,155600.0
spain,43.4,-3.7,24281.0
spain,43.4,-3.6,4837.0
spain,43.4,-3.5,15429.0
spain,43.4,-3.4,34261.0
spain,43.4,-2.9,15727.0
spain,43.4,-2.8,22226.0
spain,43.5,-8.2,113453.0
spain,43.5,-8.1,10532.0
spain,43.5,-8.0,544.0
spain,43.5,-7.9,10093.0
spain,43.5,-7.8,79.0
spain,43.5,-7.7,394.0
spain,43.5,-7.6,375.0
spain,43.5,-7.5,279.0
spain,43.5,-7.4,2390.0
spain,43.5,-7.3,12796.0
spain,43.5,-7.2,2217.0
spain,43.5,-7.1,9528.0
spain,43.5,-7.0,6760.0
spain,43.5,-6.9,4523.0
spain,43.5,-6.8,3390.0
spain,43.5,-6.7,10298.0
spain,43.5,-6.6,2172.0
spain,43.5,-6.5,7326.0
spain,43.5,-6.4,2568.0
spain,43.5,-6.3,752.0
spain,43.5,-6.2,4955.0
spain,43.5,-6.1,10871.0
spain,43.5,-6.0,24381.0
spain,43.5,-5.9,87990.0
spain,43.5,-5.8,4617.0
spain,43.5,-5.7,245433.0
spain,43.5,-5.6,23773.0
spain,43.5,-5.5,11106.0
spain,43.5,-5.4,1307.0
spain,43.5,-5.3,3272.0
spain,43.5,-3.6,5276.0
spain,43.6,-8.1,6826.0
spain,43.6,-8.0,2478.0
spain,43.6,-7.9,1121.0
spain,43.6,-7.8,340.0
spain,43.6,-7.7,443.0
spain,43.6,-7.6,15732.0
spain,43.6,-7.5,146.0
spain,43.6,-7.4,14501.0
spain,43.6,-5.9,8862.0
spain,43.6,-5.8,17179.0
spain,43.7,-8.0,6551.0
spain,43.7,-7.9,6700.0
spain,43.7,-7.8,1509.0
spain,43.7,-7.7,2772.0
spain,43.7,-7.5,5832.0
italy,36.8,14.5,12605.0
italy,36.8,14.6,9794.0
italy,36.8,14.7,37546.0
italy,36.8,14.8,32831.0
italy,36.8,14.9,17636.0
italy,36.8,15.0,46458.0
italy,36.9,14.5,51790.0
italy,36.9,14.6,21861.0
italy,36.9,14.7,58615.0
italy,36.9,14.8,25575.0
italy,36.9,14.9,2544.0
italy,36.9,15.0,21207.0
italy,37.0,14.4,2782.0
italy,37.0,14.5,17413.0
italy,37.0,14.6,11936.0
italy,37.0,14.7,5606.0
italy,37.0,14.8,828.0
italy,37.0,14.9,547.0
italy,37.0,15.0,4508.0
italy,37.0,15.1,33516.0
italy,37.0,15.2,15298.0
italy,37.1,14.2,14647.0
italy,37.1,14.3,57071.0
italy,37.1,14.4,9986.0
italy,37.1,14.5,3895.0
italy,37.1,14.6,1982.0
italy,37.1,14.7,455.0
italy,37.1,14.8,5695.0
italy,37.1,14.9,13950.0
italy,37.1,15.0,4514.0
italy,37.1,15.1,7662.0
italy,37.1,15.2,142867.0
italy,37.2,13.7,2310.0
italy,37.2,13.8,22676.0
italy,37.2,13.9,34168.0
italy,37.2,14.0,4929.0
italy,37.2,14.1,172.0
italy,37.2,14.2,3935.0
italy,37.2,14.3,17.0
italy,37.2,14.4,15300.0
italy,37.2,14.5,24380.0
italy,37.2,14.6,1414.0
italy,37.2,14.7,17588.0
italy,37.2,14.8,5758.0
italy,37.2,14.9,12793.0
italy,37.2,15.0,3892.0
italy,37.2,15.1,11816.0
italy,37.3,13.6,64478.0
italy,37.3,13.7,33431.0
italy,37.3,13.8,14705.0
italy,37.3,13.9,6205.0
italy,37.3,14.0,16535.0
italy,37.3,14.1,10579.0
italy,37.3,14.2,11084.0
italy,37.3,14.3,81.0
italy,37.3,14.4,9840.0
italy,37.3,14.5,10976.0
italy,37.3,14.6,30.0
italy,37.3,14.7,16136.0
italy,37.3,14.8,23628.0
italy,37.3,14.9,522.0
italy,37.3,15.0,36957.0
italy,37.3,15.1,27815.0
italy,37.4,13.3,2190.0
italy,37.4,13.4,8885.0
italy,37.4,13.5,23247.0
italy,37.4,13.6,8520.0
italy,37.4,13.7,14085.0
italy,37.4,13.8,20298.0
italy,37.4,13.9,12503.0
italy,37.4,14.0,215.0
italy,37.4,14.1,3942.0
italy,37.4,14.2,14869.0
italy,37.4,14.3,1513.0
italy,37.4,14.4,22681.0
italy,37.4,14.5,48.0
italy,37.4,14.6,9.0
italy,37.4,14.7,10177.0
italy,37.4,14.8,75.0
italy,37.4,14.9,97.0
italy,37.4,15.0,3227.0
italy,37.5,13.2,18084.0
italy,37.5,13.3,17967.0
italy,37.5,13.4,3159.0
italy,37.5,13.5,839.0
italy,37.5,13.6,4020.0
italy,37.5,13.7,11638.0
italy,37.5,13.8,1982.0
italy,37.5,13.9,6644.0
italy,37.5,14.0,23776.0
italy,37.5,14.1,54936.0
italy,37.5,14.2,348.0
italy,37.5,14.3,10778.0
italy,37.5,14.4,7437.0
italy,37.5,14.5,1967.0
italy,37.5,14.6,2680.0
italy,37.5,14.7,2697.0
italy,37.5,14.8,130.0
italy,37.5,14.9,197.0
italy,37.5,15.0,88597.0
italy,37.5,15.1,356057.0
italy,37.6,12.9,7740.0
italy,37.6,13.0,20612.0
italy,37.6,13.1,10671.0
italy,37.6,13.2,3242.0
italy,37.6,13.3,5682.0
italy,37.6,13.4,5847.0
italy,37.6,13.5,4076.0
italy,37.6,13.6,8861.0
italy,37.6,13.7,9787.0
italy,37.6,13.8,6315.0
italy,37.6,13.9,1665.0
italy,37.6,14.0,3655.0
italy,37.6,14.1,1263.0
italy,37.6,14.2,5245.0
italy,37.6,14.3,17736.0
italy,37.6,14.4,14717.0
italy,37.6,14.5,916.0
italy,37.6,14.6,34.0
italy,37.6,14.7,9319.0
italy,37.6,14.8,4014.0
italy,37.6,14.9,101681.0
italy,37.6,15.0,56149.0
italy,37.6,15.1,174397.0
italy,37.7,12.5,25272.0
italy,37.7,12.6,45947.0
italy,37.7,12.7,3100.0
italy,37.7,12.8,36198.0
italy,37.7,12.9,9905.0
italy,37.7,13.0,8830.0
italy,37.7,13.1,2236.0
italy,37.7,13.2,3439.0
italy,37.7,13.3,6449.0
italy,37.7,13.4,1863.0
italy,37.7,13.5,4201.0
italy,37.7,13.6,11205.0
italy,37.7,13.7,687.0
italy,37.7,13.8,6413.0
italy,37.7,13.9,1.0
italy,37.7,14.0,1748.0
italy,37.7,14.1,3263.0
italy,37.7,14.2,753.0
italy,37.7,14.3,75.0
italy,37.7,14.4,2328.0
italy,37.7,14.5,13155.0
italy,37.7,14.6,6690.0
italy,37.7,14.7,268.0
italy,37.7,14.8,237.0
italy,37.7,14.9,7611.0
italy,37.7,15.0,43.0
italy,37.7,15.1,28184.0
italy,37.7,15.2,48677.0
italy,37.8,12.5,66028.0
italy,37.8,12.6,4271.0
italy,37.8,12.7,30.0
italy,37.8,12.8,9714.0
italy,37.8,12.9,8633.0
italy,37.8,13.0,1738.0
italy,37.8,13.1,1219.0
italy,37.8,13.2,21.0
italy,37.8,13.3,11488.0
italy,37.8,13.4,4.0
italy,37.8,13.5,2479.0
italy,37.8,13.6,4575.0
italy,37.8,13.7,6356.0
italy,37.8,13.8,21.0
italy,37.8,13.9,3973.0
italy,37.8,14.0,6024.0
italy,37.8,14.1,6136.0
italy,37.8,14.2,6178.0
italy,37.8,14.3,19.0
italy,37.8,14.4,12496.0
italy,37.8,14.5,5066.0
italy,37.8,14.6,8625.0
italy,37.8,14.7,3392.0
italy,37.8,14.8,14022.0
italy,37.8,14.9,7776.0
italy,37.8,15.0,0.0
italy,37.8,15.1,3072.0
italy,37.8,15.2,37475.0
italy,37.9,12.6,5566.0
italy,37.9,12.7,242.0
italy,37.9,12.8,6349.0
italy,37.9,12.9,2029.0
italy,37.9,13.0,38.0
italy,37.9,13.1,3946.0
italy,37.9,13.2,6566.0
italy,37.9,13.3,36.0
italy,37.9,13.4,7278.0
italy,37.9,13.5,6827.0
italy,37.9,13.6,5594.0
italy,37.9,13.7,34243.0
italy,37.9,13.8,6519.0
italy,37.9,13.9,4029.0
italy,37.9,14.0,88.0
italy,37.9,14.1,7550.0
italy,37.9,14.2,1214.0
italy,37.9,14.3,2293.0
italy,37.9,14.4,4361.0
italy,37.9,14.5,15.0
italy,37.9,14.6,3.0
italy,37.9,14.7,7.0
italy,37.9,14.8,3778.0
italy,37.9,14.9,7645.0
italy,37.9,15.0,5852.0
italy,37.9,15.1,2266.0
italy,37.9,15.2,26921.0
italy,38.0,12.6,104890.0
italy,38.0,12.7,4994.0
italy,38.0,12.8,1544.0
italy,38.0,12.9,14240.0
italy,38.0,13.0,50600.0
italy,38.0,13.1,35067.0
italy,38.0,13.2,15052.0
italy,38.0,13.3,14020.0
italy,38.0,13.4,13013.0
italy,38.0,13.5,101770.0
italy,38.0,13.6,13971.0
italy,38.0,13.9,11430.0
italy,38.0,14.0,15503.0
italy,38.0,14.1,5778.0
italy,38.0,14.2,155.0
italy,38.0,14.3,3764.0
italy,38.0,14.4,7694.0
italy,38.0,14.5,501.0
italy,38.0,14.6,12442.0
italy,38.0,14.7,17345.0
italy,38.0,14.8,7917.0
italy,38.0,14.9,637.0
italy,38.0,15.0,2766.0
italy,38.0,15.1,2142.0
italy,38.0,15.2,1859.0
italy,38.0,15.3,11570.0
italy,38.0,15.4,25283.0
italy,38.0,15.7,19031.0
italy,38.0,15.8,17398.0
italy,38.0,15.9,6843.0
italy,38.0,16.0,2849.0
italy,38.0,16.1,5902.0
italy,38.1,12.7,10863.0
italy,38.1,12.8,131.0
italy,38.1,13.1,38344.0
italy,38.1,13.2,67046.0
italy,38.1,13.3,243562.0
italy,38.1,13.4,462099.0
italy,38.1,14.8,41447.0
italy,38.1,14.9,27418.0
italy,38.1,15.0,14478.0
italy,38.1,15.1,13478.0
italy,38.1,15.2,35201.0
italy,38.1,15.3,2985.0
italy,38.1,15.4,7962.0
italy,38.1,15.7,148735.0
italy,38.1,15.8,857.0
italy,38.1,15.9,2.0
italy,38.1,16.0,0.0
italy,38.1,16.1,11028.0
italy,38.2,15.3,65807.0
italy,38.2,15.4,35431.0
italy,38.2,15.5,212055.0
italy,38.2,15.7,44891.0
italy,38.2,15.8,12635.0
italy,38.2,15.9,3664.0
italy,38.2,16.0,2594.0
italy,38.2,16.1,10850.0
italy,38.2,16.2,14991.0
italy,38.3,15.9,40335.0
italy,38.3,16.0,9640.0
italy,38.3,16.1,7411.0
italy,38.3,16.2,4224.0
italy,38.3,16.3,44510.0
italy,38.4,16.0,25413.0
italy,38.4,16.1,28756.0
italy,38.4,16.2,3266.0
italy,38.4,16.3,1600.0
italy,38.4,16.4,12768.0
italy,38.4,16.5,4675.0
italy,38.5,16.0,33398.0
italy,38.5,16.1,9295.0
italy,38.5,16.2,2705.0
italy,38.5,16.3,3427.0
italy,38.5,16.4,293.0
italy,38.5,16.5,13710.0
italy,38.6,15.9,18253.0
italy,38.6,16.0,11067.0
italy,38.6,16.1,13424.0
italy,38.6,16.2,10172.0
italy,38.6,16.3,798.0
italy,38.6,16.4,10582.0
italy,38.6,16.5,23964.0
italy,38.7,16.0,9962.0
italy,38.7,16.1,46231.0
italy,38.7,16.2,8248.0
italy,38.7,16.3,5654.0
italy,38.7,16.4,11754.0
italy,38.8,16.3,16186.0
italy,38.8,16.4,10286.0
italy,38.8,16.5,21461.0
italy,38.9,16.3,9162.0
italy,38.9,16.4,4913.0
italy,38.9,16.5,5439.0
italy,38.9,16.6,85345.0
italy,38.9,16.7,15325.0
italy,39.0,8.6,4281.0
italy,39.0,8.7,220.0
italy,39.0,8.8,3029.0
italy,39.0,8.9,11920.0
italy,39.0,16.2,16087.0
italy,39.0,16.3,59092.0
italy,39.0,16.4,7590.0
italy,39.0,16.5,6875.0
italy,39.0,16.6,14340.0
italy,39.0,16.7,9360.0
italy,39.0,16.8,10730.0
italy,39.0,16.9,1117.0
italy,39.0,17.0,9911.0
italy,39.0,17.1,21787.0
italy,39.1,8.5,16751.0
italy,39.1,8.6,3541.0
italy,39.1,8.7,3382.0
italy,39.1,8.8,829.0
italy,39.1,8.9,10790.0
italy,39.1,16.2,10991.0
italy,39.1,16.3,7211.0
italy,39.1,16.4,6482.0
italy,39.1,16.5,2233.0
italy,39.1,16.6,156.0
italy,39.1,16.7,27.0
italy,39.1,16.8,14685.0
italy,39.1,16.9,4547.0
italy,39.1,17.0,6843.0
italy,39.1,17.1,47405.0
italy,39.2,8.4,13961.0
italy,39.2,8.5,24605.0
italy,39.2,8.6,1920.0
italy,39.2,8.7,2502.0
italy,39.2,8.8,1460.0
italy,39.2,8.9,14320.0
italy,39.2,9.4,4791.0
italy,39.2,9.5,4222.0
italy,39.2,16.1,16686.0
italy,39.2,16.2,8838.0
italy,39.2,16.3,13675.0
italy,39.2,16.4,6055.0
italy,39.2,16.5,499.0
italy,39.2,16.6,153.0
italy,39.2,16.7,223.0
italy,39.2,16.8,6496.0
italy,39.2,16.9,6891.0
italy,39.2,17.0,5628.0
italy,39.2,17.1,3504.0
italy,39.3,8.5,25736.0
italy,39.3,8.6,14608.0
italy,39.3,8.7,1620.0
italy,39.3,8.8,5177.0
italy,39.3,8.9,6006.0
italy,39.3,9.0,50937.0
italy,39.3,9.1,106563.0
italy,39.3,9.2,205806.0
italy,39.3,9.3,13096.0
italy,39.3,9.4,109.0
italy,39.3,9.5,1042.0
italy,39.3,9.6,767.0
italy,39.3,16.1,13395.0
italy,39.3,16.2,90943.0
italy,39.3,16.3,51129.0
italy,39.3,16.4,10328.0
italy,39.3,16.5,538.0
italy,39.3,16.6,237.0
italy,39.3,16.7,15696.0
italy,39.3,16.8,3744.0
italy,39.3,16.9,3113.0
italy,39.3,17.0,1851.0
italy,39.3,17.1,20023.0
italy,39.4,8.4,1051.0
italy,39.4,8.5,2652.0
italy,39.4,8.6,2.0
italy,39.4,8.7,11403.0
italy,39.4,8.8,285.0
italy,39.4,8.9,19179.0
italy,39.4,9.0,15463.0
italy,39.4,9.1,4155.0
italy,39.4,9.2,15897.0
italy,39.4,9.3,22.0
italy,39.4,9.4,2644.0
italy,39.4,9.5,63.0
italy,39.4,9.6,12341.0
italy,39.4,16.1,27545.0
italy,39.4,16.2,7907.0
italy,39.4,16.3,20965.0
italy,39.4,16.4,920.0
italy,39.4,16.5,360.0
italy,39.4,16.6,1963.0
italy,39.4,16.7,790.0
italy,39.4,16.8,2024.0
italy,39.4,16.9,667.0
italy,39.4,17.0,5562.0
italy,39.5,8.5,63.0
italy,39.5,8.6,17785.0
italy,39.5,8.7,6989.0
italy,39.5,8.8,6768.0
italy,39.5,8.9,5305.0
italy,39.5,9.0,6607.0
italy,39.5,9.1,7462.0
italy,39.5,9.2,2880.0
italy,39.5,9.3,1782.0
italy,39.5,9.4,2148.0
italy,39.5,9.5,3.0
italy,39.5,9.6,55.0
italy,39.5,16.0,17418.0
italy,39.5,16.1,4427.0
italy,39.5,16.2,6868.0
italy,39.5,16.3,13093.0
italy,39.5,16.4,15863.0
italy,39.5,16.5,1491.0
italy,39.5,16.6,296.0
italy,39.5,16.7,3248.0
italy,39.5,16.8,4242.0
italy,39.5,16.9,9581.0
italy,39.6,8.5,15.0
italy,39.6,8.6,122.0
italy,39.6,8.7,2615.0
italy,39.6,8.8,5285.0
italy,39.6,8.9,10109.0
italy,39.6,9.0,7615.0
italy,39.6,9.1,4265.0
italy,39.6,9.2,1828.0
italy,39.6,9.3,1202.0
italy,39.6,9.4,1338.0
italy,39.6,9.5,0.0
italy,39.6,9.6,40.0
italy,39.6,16.0,7610.0
italy,39.6,16.1,5012.0
italy,39.6,16.2,10682.0
italy,39.6,16.3,10774.0
italy,39.6,16.4,4501.0
italy,39.6,16.5,34966.0
italy,39.6,16.6,34421.0
italy,39.6,16.7,11697.0
italy,39.7,8.5,301.0
italy,39.7,8.6,19875.0
italy,39.7,8.7,3190.0
italy,39.7,8.8,5165.0
italy,39.7,8.9,5342.0
italy,39.7,9.0,3828.0
italy,39.7,9.1,5151.0
italy,39.7,9.2,1946.0
italy,39.7,9.3,2105.0
italy,39.7,9.4,1770.0
italy,39.7,9.5,0.0
italy,39.7,9.6,3834.0
italy,39.7,15.9,17671.0
italy,39.7,16.0,172.0
italy,39.7,16.1,7380.0
italy,39.7,16.2,5055.0
italy,39.7,16.3,9413.0
italy,39.7,16.4,1264.0
italy,39.7,16.5,6118.0
italy,39.8,8.7,1273.0
italy,39.8,8.8,2055.0
italy,39.8,8.9,4489.0
italy,39.8,9.0,2214.0
italy,39.8,9.1,2841.0
italy,39.8,9.2,1015.0
italy,39.8,9.3,1439.0
italy,39.8,9.4,473.0
italy,39.8,9.5,4642.0
italy,39.8,9.6,2790.0
italy,39.8,15.8,20907.0
italy,39.8,15.9,3698.0
italy,39.8,16.0,2.0
italy,39.8,16.1,5517.0
italy,39.8,16.2,26382.0
italy,39.8,16.3,6918.0
italy,39.8,16.4,14551.0
italy,39.9,8.6,41406.0
italy,39.9,8.7,7475.0
italy,39.9,8.8,1505.0
italy,39.9,8.9,2305.0
italy,39.9,9.0,3106.0
italy,39.9,9.1,1706.0
italy,39.9,9.2,2456.0
italy,39.9,9.3,1943.0
italy,39.9,9.4,454.0
italy,39.9,9.5,4128.0
italy,39.9,9.6,27031.0
italy,39.9,15.8,13394.0
italy,39.9,15.9,819.0
italy,39.9,16.0,7120.0
italy,39.9,16.1,1052.0
italy,39.9,16.2,14.0
italy,39.9,16.3,550.0
italy,39.9,16.4,1713.0
italy,39.9,16.5,10671.0
italy,39.9,18.2,18945.0
italy,39.9,18.3,40586.0
italy,40.0,8.5,4916.0
italy,40.0,8.6,9783.0
italy,40.0,8.7,2152.0
italy,40.0,8.8,850.0
italy,40.0,8.9,1651.0
italy,40.0,9.0,1057.0
italy,40.0,9.1,3411.0
italy,40.0,9.2,2673.0
italy,40.0,9.3,499.0
italy,40.0,9.4,0.0
italy,40.0,9.5,901.0
italy,40.0,9.6,6467.0
italy,40.0,15.4,5347.0
italy,40.0,15.8,9230.0
italy,40.0,15.9,7268.0
italy,40.0,16.0,3659.0
italy,40.0,16.1,3159.0
italy,40.0,16.2,505.0
italy,40.0,16.3,1584.0
italy,40.0,16.4,447.0
italy,40.0,16.5,375.0
italy,40.0,16.6,8344.0
italy,40.0,18.1,56321.0
italy,40.0,18.2,34137.0
italy,40.0,18.3,18444.0
italy,40.0,18.4,34318.0
italy,40.1,8.6,3795.0
italy,40.1,8.7,3510.0
italy,40.1,8.8,2734.0
italy,40.1,8.9,7762.0
italy,40.1,9.0,1069.0
italy,40.1,9.1,3347.0
italy,40.1,9.2,16.0
italy,40.1,9.3,3692.0
italy,40.1,9.4,0.0
italy,40.1,9.5,1123.0
italy,40.1,9.6,0.0
italy,40.1,15.3,6937.0
italy,40.1,15.4,8021.0
italy,40.1,15.5,4109.0
italy,40.1,15.6,14599.0
italy,40.1,15.7,7543.0
italy,40.1,15.8,1613.0
italy,40.1,15.9,3219.0
italy,40.1,16.0,4572.0
italy,40.1,16.1,1872.0
italy,40.1,16.2,6210.0
italy,40.1,16.3,2115.0
italy,40.1,16.4,3276.0
italy,40.1,16.5,2920.0
italy,40.1,18.1,57865.0
italy,40.1,18.2,13416.0
italy,40.1,18.3,39359.0
italy,40.1,18.4,16928.0
italy,40.2,8.6,3446.0
italy,40.2,8.7,1411.0
italy,40.2,8.8,2454.0
italy,40.2,8.9,2857.0
italy,40.2,9.0,1664.0
italy,40.2,9.1,2230.0
italy,40.2,9.2,4112.0
italy,40.2,9.3,2429.0
italy,40.2,9.4,3964.0
italy,40.2,9.5,2.0
italy,40.2,9.6,0.0
italy,40.2,15.1,9973.0
italy,40.2,15.2,13477.0
italy,40.2,15.3,13462.0
italy,40.2,15.4,2450.0
italy,40.2,15.5,3561.0
italy,40.2,15.6,2376.0
italy,40.2,15.7,1344.0
italy,40.2,15.8,859.0
italy,40.2,15.9,3083.0
italy,40.2,16.0,1032.0
italy,40.2,16.1,1234.0
italy,40.2,16.2,3244.0
italy,40.2,16.3,11581.0
italy,40.2,16.4,101.0
italy,40.2,16.5,7909.0
italy,40.2,16.6,9715.0
italy,40.2,16.7,15167.0
italy,40.2,18.0,34605.0
italy,40.2,18.1,16488.0
italy,40.2,18.2,37722.0
italy,40.2,18.3,24434.0
italy,40.2,18.4,6777.0
italy,40.3,8.5,9039.0
italy,40.3,8.6,2145.0
italy,40.3,8.7,2657.0
italy,40.3,8.8,10091.0
italy,40.3,8.9,2489.0
italy,40.3,9.0,3701.0
italy,40.3,9.1,2112.0
italy,40.3,9.2,3404.0
italy,40.3,9.3,32333.0
italy,40.3,9.4,6750.0
italy,40.3,9.5,179.0
italy,40.3,9.6,8185.0
italy,40.3,15.1,22956.0
italy,40.3,15.2,5360.0
italy,40.3,15.3,3693.0
italy,40.3,15.4,2399.0
italy,40.3,15.5,1423.0
italy,40.3,15.6,12841.0
italy,40.3,15.7,2945.0
italy,40.3,15.8,3616.0
italy,40.3,15.9,3651.0
italy,40.3,16.0,3075.0
italy,40.3,16.1,1701.0
italy,40.3,16.2,1497.0
italy,40.3,16.3,146.0
italy,40.3,16.4,165.0
italy,40.3,16.5,141.0
italy,40.3,16.6,6907.0
italy,40.3,16.7,7963.0
italy,40.3,17.7,1490.0
italy,40.3,17.8,698.0
italy,40.3,17.9,15608.0
italy,40.3,18.0,32612.0
italy,40.3,18.1,47352.0
italy,40.3,18.2,79695.0
italy,40.3,18.3,17911.0
italy,40.3,18.4,1419.0
italy,40.4,8.5,440.0
italy,40.4,8.6,1096.0
italy,40.4,8.7,3837.0
italy,40.4,8.8,3216.0
italy,40.4,8.9,0.0
italy,40.4,9.0,5244.0
italy,40.4,9.1,2128.0
italy,40.4,9.2,1918.0
italy,40.4,9.3,1691.0
italy,40.4,9.4,2216.0
italy,40.4,9.5,19.0
italy,40.4,9.6,10587.0
italy,40.4,15.1,30261.0
italy,40.4,15.2,8998.0
italy,40.4,15.3,790.0
italy,40.4,15.4,2301.0
italy,40.4,15.5,9175.0
italy,40.4,15.6,13566.0
italy,40.4,15.7,4327.0
italy,40.4,15.8,8194.0
italy,40.4,15.9,4513.0
italy,40.4,16.0,58.0
italy,40.4,16.1,3164.0
italy,40.4,16.2,3849.0
italy,40.4,16.3,26.0
italy,40.4,16.4,72.0
italy,40.4,16.5,5176.0
italy,40.4,16.6,2908.0
italy,40.4,16.7,19317.0
italy,40.4,17.3,54806.0
italy,40.4,17.4,38989.0
italy,40.4,17.5,31230.0
italy,40.4,17.6,19750.0
italy,40.4,17.7,23695.0
italy,40.4,17.8,10691.0
italy,40.4,17.9,15278.0
italy,40.4,18.0,20504.0
italy,40.4,18.1,43063.0
italy,40.4,18.2,55133.0
italy,40.4,18.3,1175.0
italy,40.5,8.4,356.0
italy,40.5,8.5,2124.0
italy,40.5,8.6,608.0
italy,40.5,8.7,3474.0
italy,40.5,8.8,3155.0
italy,40.5,8.9,482.0
italy,40.5,9.0,22.0
italy,40.5,9.1,12.0
italy,40.5,9.2,606.0
italy,40.5,9.3,15.0
italy,40.5,9.4,2967.0
italy,40.5,9.5,1259.0
italy,40.5,9.6,0.0
italy,40.5,9.7,1603.0
italy,40.5,9.8,1359.0
italy,40.5,15.0,25403.0
italy,40.5,15.1,13275.0
italy,40.5,15.2,3324.0
italy,40.5,15.3,633.0
italy,40.5,15.4,1340.0
italy,40.5,15.5,11509.0
italy,40.5,15.6,1458.0
italy,40.5,15.7,3354.0
italy,40.5,15.8,3823.0
italy,40.5,15.9,1205.0
italy,40.5,16.0,546.0
italy,40.5,16.1,2662.0
italy,40.5,16.2,2098.0
italy,40.5,16.3,2256.0
italy,40.5,16.4,3994.0
italy,40.5,16.5,9324.0
italy,40.5,16.6,41.0
italy,40.5,16.7,9021.0
italy,40.5,16.8,1609.0
italy,40.5,16.9,7455.0
italy,40.5,17.2,128015.0
italy,40.5,17.3,15656.0
italy,40.5,17.4,42585.0
italy,40.5,17.5,12383.0
italy,40.5,17.6,24798.0
italy,40.5,17.7,43018.0
italy,40.5,17.8,24663.0
italy,40.5,17.9,47.0
italy,40.5,18.0,22292.0
italy,40.5,18.1,6054.0
italy,40.6,8.3,39282.0
italy,40.6,8.4,1571.0
italy,40.6,8.5,8621.0
italy,40.6,8.6,255.0
italy,40.6,8.7,1756.0
italy,40.6,8.8,1138.0
italy,40.6,8.9,173.0
italy,40.6,9.0,10478.0
italy,40.6,9.1,2878.0
italy,40.6,9.2,4.0
italy,40.6,9.3,3654.0
italy,40.6,9.4,20.0
italy,40.6,9.5,1403.0
italy,40.6,9.6,135.0
italy,40.6,9.7,15388.0
italy,40.6,14.9,36571.0
italy,40.6,15.0,77270.0
italy,40.6,15.1,36377.0
italy,40.6,15.2,3034.0
italy,40.6,15.3,5943.0
italy,40.6,15.4,7243.0
italy,40.6,15.5,6171.0
italy,40.6,15.6,5109.0
italy,40.6,15.7,12991.0
italy,40.6,15.8,60393.0
italy,40.6,15.9,102.0
italy,40.6,16.0,2687.0
italy,40.6,16.1,5232.0
italy,40.6,16.2,655.0
italy,40.6,16.3,1870.0
italy,40.6,16.4,2126.0
italy,40.6,16.5,905.0
italy,40.6,16.6,4687.0
italy,40.6,16.7,8252.0
italy,40.6,16.8,22302.0
italy,40.6,16.9,7275.0
italy,40.6,17.0,38393.0
italy,40.6,17.1,32374.0
italy,40.6,17.2,16443.0
italy,40.6,17.3,10176.0
italy,40.6,17.4,2557.0
italy,40.6,17.5,8784.0
italy,40.6,17.6,11431.0
italy,40.6,17.7,17706.0
italy,40.6,17.8,1887.0
italy,40.6,17.9,68279.0
italy,40.6,18.0,10795.0
italy,40.7,8.2,1464.0
italy,40.7,8.3,1587.0
italy,40.7,8.4,5708.0
italy,40.7,8.5,101337.0
italy,40.7,8.6,21637.0
italy,40.7,8.7,6777.0
italy,40.7,8.8,376.0
italy,40.7,8.9,48.0
italy,40.7,9.0,707.0
italy,40.7,9.1,3007.0
italy,40.7,9.2,2.0
italy,40.7,9.3,1771.0
italy,40.7,9.4,54.0
italy,40.7,9.5,704.0
italy,40.7,9.6,132.0
italy,40.7,9.7,9125.0
italy,40.7,14.5,262640.0
italy,40.7,14.6,173522.0
italy,40.7,14.7,119367.0
italy,40.7,14.8,145316.0
italy,40.7,14.9,18078.0
italy,40.7,15.0,21850.0
italy,40.7,15.1,4638.0
italy,40.7,15.2,3430.0
italy,40.7,15.3,10066.0
italy,40.7,15.4,4936.0
italy,40.7,15.5,6874.0
italy,40.7,15.6,5980.0
italy,40.7,15.7,11088.0
italy,40.7,15.8,7858.0
italy,40.7,15.9,4534.0
italy,40.7,16.0,3084.0
italy,40.7,16.1,1456.0
italy,40.7,16.2,3373.0
italy,40.7,16.3,5371.0
italy,40.7,16.4,112.0
italy,40.7,16.5,253.0
italy,40.7,16.6,54490.0
italy,40.7,16.7,208.0
italy,40.7,16.8,509.0
italy,40.7,16.9,6527.0
italy,40.7,17.0,1166.0
italy,40.7,17.1,577.0
italy,40.7,17.2,600.0
italy,40.7,17.3,41688.0
italy,40.7,17.4,3693.0
italy,40.7,17.5,18667.0
italy,40.7,17.6,34311.0
italy,40.7,17.7,10768.0
italy,40.7,17.8,1010.0
italy,40.8,8.2,1987.0
italy,40.8,8.3,128.0
italy,40.8,8.4,21699.0
italy,40.8,8.5,10777.0
italy,40.8,8.6,20608.0
italy,40.8,8.7,5856.0
italy,40.8,8.8,4497.0
italy,40.8,8.9,2139.0
italy,40.8,9.0,1812.0
italy,40.8,9.1,734.0
italy,40.8,9.2,1928.0
italy,40.8,9.3,1838.0
italy,40.8,9.4,1244.0
italy,40.8,9.5,3743.0
italy,40.8,9.6,1528.0
italy,40.8,14.4,277357.0
italy,40.8,14.5,92461.0
italy,40.8,14.6,91556.0
italy,40.8,14.7,63056.0
italy,40.8,14.8,27008.0
italy,40.8,14.9,11344.0
italy,40.8,15.0,327.0
italy,40.8,15.1,2547.0
italy,40.8,15.2,6209.0
italy,40.8,15.3,6366.0
italy,40.8,15.4,3793.0
italy,40.8,15.5,1996.0
italy,40.8,15.6,2775.0
italy,40.8,15.7,4765.0
italy,40.8,15.8,2706.0
italy,40.8,15.9,4060.0
italy,40.8,16.0,8804.0
italy,40.8,16.1,81.0
italy,40.8,16.2,74.0
italy,40.8,16.3,64.0
italy,40.8,16.4,35120.0
italy,40.8,16.5,19677.0
italy,40.8,16.6,55315.0
italy,40.8,16.7,676.0
italy,40.8,16.8,25348.0
italy,40.8,16.9,25455.0
italy,40.8,17.0,733.0
italy,40.8,17.1,18368.0
italy,40.8,17.2,11690.0
italy,40.8,17.3,42704.0
italy,40.8,17.4,12635.0
italy,40.8,17.5,11140.0
italy,40.9,8.7,5870.0
italy,40.9,8.8,5148.0
italy,40.9,8.9,5550.0
italy,40.9,9.0,453.0
italy,40.9,9.1,14326.0
italy,40.9,9.2,6218.0
italy,40.9,9.3,305.0
italy,40.9,9.4,4021.0
italy,40.9,9.5,52518.0
italy,40.9,9.6,5685.0
italy,40.9,14.1,245936.0
italy,40.9,14.2,819064.0
italy,40.9,14.3,948927.0
italy,40.9,14.4,130149.0
italy,40.9,14.5,152023.0
italy,40.9,14.6,47476.0
italy,40.9,14.7,40956.0
italy,40.9,14.8,61200.0
italy,40.9,14.9,21046.0
italy,40.9,15.0,14583.0
italy,40.9,15.1,5629.0
italy,40.9,15.2,11244.0
italy,40.9,15.3,2658.0
italy,40.9,15.4,1679.0
italy,40.9,15.5,2927.0
italy,40.9,15.6,6333.0
italy,40.9,15.7,10943.0
italy,40.9,15.8,3252.0
italy,40.9,15.9,1838.0
italy,40.9,16.0,5727.0
italy,40.9,16.1,59.0
italy,40.9,16.2,1297.0
italy,40.9,16.3,196.0
italy,40.9,16.4,73.0
italy,40.9,16.5,871.0
italy,40.9,16.6,1854.0
italy,40.9,16.7,2084.0
italy,40.9,16.8,32383.0
italy,40.9,16.9,6612.0
italy,40.9,17.0,12608.0
italy,40.9,17.1,24144.0
italy,40.9,17.2,39621.0
italy,40.9,17.3,42415.0
italy,41.0,9.0,377.0
italy,41.0,9.1,124.0
italy,41.0,9.2,1109.0
italy,41.0,9.3,1182.0
italy,41.0,9.4,939.0
italy,41.0,9.5,3051.0
italy,41.0,14.0,35445.0
italy,41.0,14.1,32428.0
italy,41.0,14.2,167086.0
italy,41.0,14.3,112051.0
italy,41.0,14.4,39773.0
italy,41.0,14.5,60099.0
italy,41.0,14.6,45826.0
italy,41.0,14.7,4077.0
italy,41.0,14.8,18770.0
italy,41.0,14.9,37182.0
italy,41.0,15.0,12447.0
italy,41.0,15.1,13344.0
italy,41.0,15.2,5906.0
italy,41.0,15.3,3941.0
italy,41.0,15.4,320.0
italy,41.0,15.5,2261.0
italy,41.0,15.6,19361.0
italy,41.0,15.7,4203.0
italy,41.0,15.8,23731.0
italy,41.0,15.9,1435.0
italy,41.0,16.0,11.0
italy,41.0,16.1,5969.0
italy,41.0,16.2,8.0
italy,41.0,16.3,39.0
italy,41.0,16.4,138.0
italy,41.0,16.5,2166.0
italy,41.0,16.6,30.0
italy,41.0,16.7,34353.0
italy,41.0,16.8,26195.0
italy,41.0,16.9,42596.0
italy,41.0,17.0,49115.0
italy,41.0,17.1,53152.0
italy,41.1,9.0,396.0
italy,41.1,9.1,812.0
italy,41.1,9.2,6102.0
italy,41.1,9.3,845.0
italy,41.1,9.4,24100.0
italy,41.1,9.5,3182.0
italy,41.1,14.0,6978.0
italy,41.1,14.1,12528.0
italy,41.1,14.2,40870.0
italy,41.1,14.3,165293.0
italy,41.1,14.4,7605.0
italy,41.1,14.5,18019.0
italy,41.1,14.6,33631.0
italy,41.1,14.7,7330.0
italy,41.1,14.8,70888.0
italy,41.1,14.9,9877.0
italy,41.1,15.0,3486.0
italy,41.1,15.1,16501.0
italy,41.1,15.2,7747.0
italy,41.1,15.3,2771.0
italy,41.1,15.4,2107.0
italy,41.1,15.5,3978.0
italy,41.1,15.6,366.0
italy,41.1,15.7,727.0
italy,41.1,15.8,194.0
italy,41.1,15.9,190.0
italy,41.1,16.0,12.0
italy,41.1,16.1,8261.0
italy,41.1,16.2,91.0
italy,41.1,16.3,278.0
italy,41.1,16.4,47209.0
italy,41.1,16.5,49916.0
italy,41.1,16.6,2811.0
italy,41.1,16.7,96102.0
italy,41.1,16.8,254492.0
italy,41.1,16.9,136290.0
italy,41.2,13.8,7195.0
italy,41.2,13.9,49132.0
italy,41.2,14.0,7345.0
italy,41.2,14.1,16335.0
italy,41.2,14.2,26905.0
italy,41.2,14.3,2501.0
italy,41.2,14.4,11894.0
italy,41.2,14.5,29062.0
italy,41.2,14.6,6420.0
italy,41.2,14.7,11640.0
italy,41.2,14.8,8673.0
italy,41.2,14.9,5429.0
italy,41.2,15.0,5664.0
italy,41.2,15.1,13702.0
italy,41.2,15.2,3002.0
italy,41.2,15.3,1546.0
italy,41.2,15.4,7641.0
italy,41.2,15.5,5362.0
italy,41.2,15.6,72.0
italy,41.2,15.7,253.0
italy,41.2,15.8,285.0
italy,41.2,15.9,146.0
italy,41.2,16.0,207.0
italy,41.2,16.1,28121.0
italy,41.2,16.2,81.0
italy,41.2,16.3,96922.0
italy,41.2,16.4,55073.0
italy,41.2,16.5,53160.0
italy,41.2,16.6,57685.0
italy,41.3,13.1,31130.0
italy,41.3,13.2,41759.0
italy,41.3,13.4,26950.0
italy,41.3,13.5,13508.0
italy,41.3,13.6,51451.0
italy,41.3,13.7,17160.0
italy,41.3,13.8,18867.0
italy,41.3,13.9,6946.0
italy,41.3,14.0,4261.0
italy,41.3,14.1,15586.0
italy,41.3,14.2,12850.0
italy,41.3,14.3,6971.0
italy,41.3,14.4,23939.0
italy,41.3,14.5,9629.0
italy,41.3,14.6,1006.0
italy,41.3,14.7,6422.0
italy,41.3,14.8,4147.0
italy,41.3,14.9,4648.0
italy,41.3,15.0,3236.0
italy,41.3,15.1,1749.0
italy,41.3,15.2,1847.0
italy,41.3,15.3,7550.0
italy,41.3,15.4,362.0
italy,41.3,15.5,2074.0
italy,41.3,15.6,2934.0
italy,41.3,15.7,22006.0
italy,41.3,15.8,7360.0
italy,41.3,15.9,53979.0
italy,41.3,16.0,341.0
italy,41.3,16.1,27435.0
italy,41.3,16.2,418.0
italy,41.3,16.3,92425.0
italy,41.4,13.0,12647.0
italy,41.4,13.1,13418.0
italy,41.4,13.2,9651.0
italy,41.4,13.3,2028.0
italy,41.4,13.4,18780.0
italy,41.4,13.5,6317.0
italy,41.4,13.6,670.0
italy,41.4,13.7,5304.0
italy,41.4,13.8,10582.0
italy,41.4,13.9,6218.0
italy,41.4,14.0,5207.0
italy,41.4,14.1,8036.0
italy,41.4,14.2,5160.0
italy,41.4,14.3,1474.0
italy,41.4,14.4,2218.0
italy,41.4,14.5,1266.0
italy,41.4,14.6,1690.0
italy,41.4,14.7,3189.0
italy,41.4,14.8,4792.0
italy,41.4,14.9,857.0
italy,41.4,15.0,7542.0
italy,41.4,15.1,1907.0
italy,41.4,15.2,2457.0
italy,41.4,15.3,2807.0
italy,41.4,15.4,674.0
italy,41.4,15.5,2226.0
italy,41.4,15.6,14290.0
italy,41.4,15.7,7937.0
italy,41.4,15.8,234.0
italy,41.4,15.9,1467.0
italy,41.4,16.0,2510.0
italy,41.4,16.1,11077.0
italy,41.5,12.6,101688.0
italy,41.5,12.7,26115.0
italy,41.5,12.8,20020.0
italy,41.5,12.9,111509.0
italy,41.5,13.0,6077.0
italy,41.5,13.1,24643.0
italy,41.5,13.2,18476.0
italy,41.5,13.3,3480.0
italy,41.5,13.4,8517.0
italy,41.5,13.5,8282.0
italy,41.5,13.6,3641.0
italy,41.5,13.7,22130.0
italy,41.5,13.8,45777.0
italy,41.5,13.9,12708.0
italy,41.5,14.0,6360.0
italy,41.5,14.1,13200.0
italy,41.5,14.2,1762.0
italy,41.5,14.3,1482.0
italy,41.5,14.4,3951.0
italy,41.5,14.5,7709.0
italy,41.5,14.6,6310.0
italy,41.5,14.7,8035.0
italy,41.5,14.8,3490.0
italy,41.5,14.9,5257.0
italy,41.5,15.0,3982.0
italy,41.5,15.1,817.0
italy,41.5,15.2,3953.0
italy,41.5,15.3,30512.0
italy,41.5,15.4,420.0
italy,41.5,15.5,33669.0
italy,41.5,15.6,91405.0
italy,41.5,15.7,474.0
italy,41.5,15.8,793.0
italy,41.6,12.6,84304.0
italy,41.6,12.7,6096.0
italy,41.6,12.8,37104.0
italy,41.6,12.9,11580.0
italy,41.6,13.0,1295.0
italy,41.6,13.1,4266.0
italy,41.6,13.2,7703.0
italy,41.6,13.3,20361.0
italy,41.6,13.4,29328.0
italy,41.6,13.5,35399.0
italy,41.6,13.6,9218.0
italy,41.6,13.7,9367.0
italy,41.6,13.8,8075.0
italy,41.6,13.9,374.0
italy,41.6,14.0,800.0
italy,41.6,14.1,5836.0
italy,41.6,14.2,8177.0
italy,41.6,14.3,19157.0
italy,41.6,14.4,4549.0
italy,41.6,14.5,2212.0
italy,41.6,14.6,7598.0
italy,41.6,14.7,55082.0
italy,41.6,14.8,571.0
italy,41.6,14.9,3242.0
italy,41.6,15.0,857.0
italy,41.6,15.1,4293.0
italy,41.6,15.2,49.0
italy,41.6,15.3,135.0
italy,41.6,15.4,82.0
italy,41.6,15.5,337.0
italy,41.6,15.6,786.0
italy,41.6,15.7,193.0
italy,41.6,15.8,815.0
italy,41.7,12.4,37132.0
italy,41.7,12.5,78025.0
italy,41.7,12.6,21173.0
italy,41.7,12.7,47150.0
italy,41.7,12.8,56933.0
italy,41.7,12.9,8399.0
italy,41.7,13.0,27276.0
italy,41.7,13.1,9109.0
italy,41.7,13.2,12299.0
italy,41.7,13.3,42193.0
italy,41.7,13.4,56009.0
italy,41.7,13.5,14470.0
italy,41.7,13.6,30076.0
italy,41.7,13.7,8822.0
italy,41.7,13.8,3602.0
italy,41.7,13.9,0.0
italy,41.7,14.0,1268.0
italy,41.7,14.1,2297.0
italy,41.7,14.2,1913.0
italy,41.7,14.3,2662.0
italy,41.7,14.4,2676.0
italy,41.7,14.5,1932.0
italy,41.7,14.6,3409.0
italy,41.7,14.7,2363.0
italy,41.7,14.8,1033.0
italy,41.7,14.9,3410.0
italy,41.7,15.0,6645.0
italy,41.7,15.1,63.0
italy,41.7,15.2,20.0
italy,41.7,15.3,40172.0
italy,41.7,15.4,25993.0
italy,41.7,15.5,108.0
italy,41.7,15.6,2705.0
italy,41.7,15.7,36975.0
italy,41.7,15.8,483.0
italy,41.7,15.9,52229.0
italy,41.7,16.0,17267.0
italy,41.8,12.3,151244.0
italy,41.8,12.4,175562.0
italy,41.8,12.5,134013.0
italy,41.8,12.6,103561.0
italy,41.8,12.7,76029.0
italy,41.8,12.8,34526.0
italy,41.8,12.9,40510.0
italy,41.8,13.0,33037.0
italy,41.8,13.1,28078.0
italy,41.8,13.2,8319.0
italy,41.8,13.3,9916.0
italy,41.8,13.4,493.0
italy,41.8,13.5,931.0
italy,41.8,13.6,5230.0
italy,41.8,13.7,0.0
italy,41.8,13.8,2076.0
italy,41.8,13.9,1155.0
italy,41.8,14.0,1143.0
italy,41.8,14.1,6637.0
italy,41.8,14.2,2344.0
italy,41.8,14.3,2557.0
italy,41.8,14.4,4569.0
italy,41.8,14.5,1402.0
italy,41.8,14.6,4059.0
italy,41.8,14.7,1540.0
italy,41.8,14.8,1414.0
italy,41.8,14.9,6499.0
italy,41.8,15.0,3501.0
italy,41.8,15.1,167.0
italy,41.8,15.2,8169.0
italy,41.8,15.3,2657.0
italy,41.8,15.4,15585.0
italy,41.8,15.5,13231.0
italy,41.8,15.6,2856.0
italy,41.8,15.7,45.0
italy,41.8,15.8,6600.0
italy,41.8,15.9,27.0
italy,41.8,16.0,6.0
italy,41.8,16.1,258.0
italy,41.9,12.2,24937.0
italy,41.9,12.3,1546.0
italy,41.9,12.4,165303.0
italy,41.9,12.5,944037.0
italy,41.9,12.6,261136.0
italy,41.9,12.7,226423.0
italy,41.9,12.8,74494.0
italy,41.9,12.9,3753.0
italy,41.9,13.0,11062.0
italy,41.9,13.1,11662.0
italy,41.9,13.2,363.0
italy,41.9,13.3,1667.0
italy,41.9,13.4,5854.0
italy,41.9,13.5,260.0
italy,41.9,13.6,1965.0
italy,41.9,13.7,945.0
italy,41.9,13.8,0.0
italy,41.9,13.9,1695.0
italy,41.9,14.0,1764.0
italy,41.9,14.1,1652.0
italy,41.9,14.2,1045.0
italy,41.9,14.3,3425.0
italy,41.9,14.4,728.0
italy,41.9,14.5,3955.0
italy,41.9,14.6,3479.0
italy,41.9,14.7,595.0
italy,41.9,14.8,3947.0
italy,41.9,14.9,6437.0
italy,41.9,15.0,12594.0
italy,41.9,15.1,2827.0
italy,41.9,15.4,3257.0
italy,41.9,15.5,594.0
italy,41.9,15.8,5028.0
italy,41.9,15.9,6392.0
italy,41.9,16.0,11590.0
italy,41.9,16.1,13228.0
italy,42.0,12.0,2309.0
italy,42.0,12.1,69614.0
italy,42.0,12.2,15537.0
italy,42.0,12.3,9845.0
italy,42.0,12.4,172288.0
italy,42.0,12.5,127753.0
italy,42.0,12.6,62469.0
italy,42.0,12.7,68092.0
italy,42.0,12.8,31339.0
italy,42.0,12.9,5081.0
italy,42.0,13.0,7782.0
italy,42.0,13.1,1853.0
italy,42.0,13.2,0.0
italy,42.0,13.3,2172.0
italy,42.0,13.4,26345.0
italy,42.0,13.5,3437.0
italy,42.0,13.6,12455.0
italy,42.0,13.7,3555.0
italy,42.0,13.8,1196.0
italy,42.0,13.9,24221.0
italy,42.0,14.0,2429.0
italy,42.0,14.1,971.0
italy,42.0,14.2,3387.0
italy,42.0,14.3,1041.0
italy,42.0,14.4,3110.0
italy,42.0,14.5,4167.0
italy,42.0,14.6,2777.0
italy,42.0,14.7,2514.0
italy,42.0,14.8,10670.0
italy,42.0,14.9,785.0
italy,42.0,15.0,31501.0
italy,42.1,11.9,67924.0
italy,42.1,12.0,306.0
italy,42.1,12.1,16495.0
italy,42.1,12.2,23758.0
italy,42.1,12.3,11800.0
italy,42.1,12.4,29809.0
italy,42.1,12.5,35728.0
italy,42.1,12.6,17164.0
italy,42.1,12.7,10548.0
italy,42.1,12.8,11363.0
italy,42.1,12.9,2712.0
italy,42.1,13.0,3517.0
italy,42.1,13.1,4660.0
italy,42.1,13.2,1534.0
italy,42.1,13.3,8895.0
italy,42.1,13.4,8332.0
italy,42.1,13.5,25800.0
italy,42.1,13.6,9795.0
italy,42.1,13.7,651.0
italy,42.1,13.8,6383.0
italy,42.1,13.9,10619.0
italy,42.1,14.0,304.0
italy,42.1,14.1,103.0
italy,42.1,14.2,3547.0
italy,42.1,14.3,5406.0
italy,42.1,14.4,12360.0
italy,42.1,14.5,8398.0
italy,42.1,14.6,9533.0
italy,42.1,14.7,65312.0
italy,42.2,11.8,22986.0
italy,42.2,11.9,57.0
italy,42.2,12.0,300.0
italy,42.2,12.1,6049.0
italy,42.2,12.2,10232.0
italy,42.2,12.3,12226.0
italy,42.2,12.4,9827.0
italy,42.2,12.5,14312.0
italy,42.2,12.6,17314.0
italy,42.2,12.7,18611.0
italy,42.2,12.8,6410.0
italy,42.2,12.9,5357.0
italy,42.2,13.0,1419.0
italy,42.2,13.1,1425.0
italy,42.2,13.2,3617.0
italy,42.2,13.3,2970.0
italy,42.2,13.4,142.0
italy,42.2,13.5,1847.0
italy,42.2,13.6,923.0
italy,42.2,13.7,858.0
italy,42.2,13.8,7318.0
italy,42.2,13.9,5964.0
italy,42.2,14.0,4174.0
italy,42.2,14.1,1836.0
italy,42.2,14.2,11897.0
italy,42.2,14.3,5000.0
italy,42.2,14.4,48627.0
italy,42.2,14.5,14271.0
italy,42.3,11.7,2372.0
italy,42.3,11.8,278.0
italy,42.3,11.9,1901.0
italy,42.3,12.0,3521.0
italy,42.3,12.1,14197.0
italy,42.3,12.2,15514.0
italy,42.3,12.3,13258.0
italy,42.3,12.4,19899.0
italy,42.3,12.5,592.0
italy,42.3,12.6,11492.0
italy,42.3,12.7,10860.0
italy,42.3,12.8,2269.0
italy,42.3,12.9,5037.0
italy,42.3,13.0,2076.0
italy,42.3,13.1,19.0
italy,42.3,13.2,368.0
italy,42.3,13.3,8831.0
italy,42.3,13.4,17481.0
italy,42.3,13.5,9241.0
italy,42.3,13.6,4074.0
italy,42.3,13.7,350.0
italy,42.3,13.8,1587.0
italy,42.3,13.9,6621.0
italy,42.3,14.0,7907.0
italy,42.3,14.1,36647.0
italy,42.3,14.2,31012.0
italy,42.3,14.3,20197.0
italy,42.3,14.4,25573.0
italy,42.4,11.4,2303.0
italy,42.4,11.5,3177.0
italy,42.4,11.6,5673.0
italy,42.4,11.7,206.0
italy,42.4,11.8,1707.0
italy,42.4,11.9,6334.0
italy,42.4,12.0,730.0
italy,42.4,12.1,50964.0
italy,42.4,12.2,976.0
italy,42.4,12.3,19453.0
italy,42.4,12.4,15915.0
italy,42.4,12.5,5757.0
italy,42.4,12.6,5968.0
italy,42.4,12.7,6297.0
italy,42.4,12.8,4148.0
italy,42.4,12.9,45232.0
italy,42.4,13.0,4731.0
italy,42.4,13.1,1414.0
italy,42.4,13.2,949.0
italy,42.4,13.3,24194.0
italy,42.4,13.4,18628.0
italy,42.4,13.5,6015.0
italy,42.4,13.6,12.0
italy,42.4,13.7,456.0
italy,42.4,13.8,721.0
italy,42.4,13.9,8586.0
italy,42.4,14.0,21625.0
italy,42.4,14.1,38194.0
italy,42.4,14.2,133966.0
italy,42.4,14.3,43009.0
italy,42.5,11.2,24438.0
italy,42.5,11.3,1039.0
italy,42.5,11.4,1460.0
italy,42.5,11.5,331.0
italy,42.5,11.6,5.0
italy,42.5,11.7,336.0
italy,42.5,11.8,8460.0
italy,42.5,11.9,152.0
italy,42.5,12.0,11984.0
italy,42.5,12.1,16649.0
italy,42.5,12.2,6202.0
italy,42.5,12.3,9166.0
italy,42.5,12.4,11788.0
italy,42.5,12.5,11265.0
italy,42.5,12.6,35383.0
italy,42.5,12.7,12534.0
italy,42.5,12.8,1505.0
italy,42.5,12.9,5096.0
italy,42.5,13.0,173.0
italy,42.5,13.1,974.0
italy,42.5,13.2,2574.0
italy,42.5,13.3,1505.0
italy,42.5,13.4,232.0
italy,42.5,13.5,130.0
italy,42.5,13.6,1400.0
italy,42.5,13.7,7611.0
italy,42.5,13.8,5207.0
italy,42.5,13.9,3284.0
italy,42.5,14.0,6202.0
italy,42.5,14.1,88043.0
italy,42.6,11.2,2523.0
italy,42.6,11.3,1345.0
italy,42.6,11.4,1748.0
italy,42.6,11.5,4847.0
italy,42.6,11.6,165.0
italy,42.6,11.7,5023.0
italy,42.6,11.8,7484.0
italy,42.6,11.9,4576.0
italy,42.6,12.0,3911.0
italy,42.6,12.1,4906.0
italy,42.6,12.2,4285.0
italy,42.6,12.3,4681.0
italy,42.6,12.4,4344.0
italy,42.6,12.5,2478.0
italy,42.6,12.6,56506.0
italy,42.6,12.7,12968.0
italy,42.6,12.8,7000.0
italy,42.6,12.9,1007.0
italy,42.6,13.0,745.0
italy,42.6,13.1,740.0
italy,42.6,13.2,864.0
italy,42.6,13.3,1640.0
italy,42.6,13.4,421.0
italy,42.6,13.5,1905.0
italy,42.6,13.6,3719.0
italy,42.6,13.7,20266.0
italy,42.6,13.8,11631.0
italy,42.6,13.9,4734.0
italy,42.6,14.0,23571.0
italy,42.7,11.0,3435.0
italy,42.7,11.1,33339.0
italy,42.7,11.2,2066.0
italy,42.7,11.3,1042.0
italy,42.7,11.4,2021.0
italy,42.7,11.5,1366.0
italy,42.7,11.6,249.0
italy,42.7,11.7,1865.0
italy,42.7,11.8,7761.0
italy,42.7,11.9,3134.0
italy,42.7,12.0,3172.0
italy,42.7,12.1,19438.0
italy,42.7,12.2,1681.0
italy,42.7,12.3,2500.0
italy,42.7,12.4,764.0
italy,42.7,12.5,6490.0
italy,42.7,12.6,4770.0
italy,42.7,12.7,3346.0
italy,42.7,12.8,3148.0
italy,42.7,12.9,634.0
italy,42.7,13.0,2184.0
italy,42.7,13.1,1335.0
italy,42.7,13.2,984.0
italy,42.7,13.3,379.0
italy,42.7,13.4,366.0
italy,42.7,13.5,956.0
italy,42.7,13.6,340.0
italy,42.7,13.7,37224.0
italy,42.7,13.8,9526.0
italy,42.7,13.9,22687.0
italy,42.7,14.0,46379.0
italy,42.8,10.2,6137.0
italy,42.8,10.3,14910.0
italy,42.8,10.4,10631.0
italy,42.8,10.9,5566.0
italy,42.8,11.0,721.0
italy,42.8,11.1,37853.0
italy,42.8,11.2,4028.0
italy,42.8,11.3,752.0
italy,42.8,11.4,650.0
italy,42.8,11.5,1369.0
italy,42.8,11.6,2070.0
italy,42.8,11.7,2437.0
italy,42.8,11.8,829.0
italy,42.8,11.9,22.0
italy,42.8,12.0,4318.0
italy,42.8,12.1,1298.0
italy,42.8,12.2,1085.0
italy,42.8,12.3,999.0
italy,42.8,12.4,7933.0
italy,42.8,12.5,6876.0
italy,42.8,12.6,3624.0
italy,42.8,12.7,15825.0
italy,42.8,12.8,19563.0
italy,42.8,12.9,1384.0
italy,42.8,13.0,156.0
italy,42.8,13.1,3777.0
italy,42.8,13.2,103.0
italy,42.8,13.3,748.0
italy,42.8,13.4,2486.0
italy,42.8,13.5,1440.0
italy,42.8,13.6,11304.0
italy,42.8,13.7,21937.0
italy,42.8,13.8,17074.0
italy,42.9,10.8,23755.0
italy,42.9,10.9,7804.0
italy,42.9,11.0,1242.0
italy,42.9,11.1,3199.0
italy,42.9,11.2,1780.0
italy,42.9,11.3,2140.0
italy,42.9,11.4,1180.0
italy,42.9,11.5,9459.0
italy,42.9,11.6,349.0
italy,42.9,11.7,9442.0
italy,42.9,11.8,1573.0
italy,42.9,11.9,1393.0
italy,42.9,12.0,4656.0
italy,42.9,12.1,1766.0
italy,42.9,12.2,429.0
italy,42.9,12.3,16814.0
italy,42.9,12.4,6544.0
italy,42.9,12.5,6564.0
italy,42.9,12.6,14879.0
italy,42.9,12.7,35152.0
italy,42.9,12.8,4560.0
italy,42.9,12.9,1082.0
italy,42.9,13.0,571.0
italy,42.9,13.1,1463.0
italy,42.9,13.2,64.0
italy,42.9,13.3,668.0
italy,42.9,13.4,1256.0
italy,42.9,13.5,3114.0
italy,42.9,13.6,42162.0
italy,42.9,13.7,24191.0
italy,42.9,13.8,12606.0
italy,42.9,13.9,106758.0
italy,43.0,10.5,28554.0
italy,43.0,10.6,11865.0
italy,43.0,10.7,2132.0
italy,43.0,10.8,463.0
italy,43.0,10.9,1266.0
italy,43.0,11.0,478.0
italy,43.0,11.1,4760.0
italy,43.0,11.2,2552.0
italy,43.0,11.3,697.0
italy,43.0,11.4,523.0
italy,43.0,11.5,1015.0
italy,43.0,11.6,903.0
italy,43.0,11.7,981.0
italy,43.0,11.8,5437.0
italy,43.0,11.9,11089.0
italy,43.0,12.0,14327.0
italy,43.0,12.1,3557.0
italy,43.0,12.2,9781.0
italy,43.0,12.3,13252.0
italy,43.0,12.4,14967.0
italy,43.0,12.5,11370.0
italy,43.0,12.6,18715.0
italy,43.0,12.7,15145.0
italy,43.0,12.8,3237.0
italy,43.0,12.9,921.0
italy,43.0,13.0,665.0
italy,43.0,13.1,786.0
italy,43.0,13.2,222.0
italy,43.0,13.3,3155.0
italy,43.0,13.4,5955.0
italy,43.0,13.5,3306.0
italy,43.0,13.6,8452.0
italy,43.0,13.7,9980.0
italy,43.0,13.8,22226.0
italy,43.1,10.6,9422.0
italy,43.1,10.7,2663.0
italy,43.1,10.8,283.0
italy,43.1,10.9,5987.0
italy,43.1,11.0,699.0
italy,43.1,11.1,1892.0
italy,43.1,11.2,1905.0
italy,43.1,11.3,1472.0
italy,43.1,11.4,682.0
italy,43.1,11.5,6833.0
italy,43.1,11.6,3152.0
italy,43.1,11.7,3732.0
italy,43.1,11.8,6352.0
italy,43.1,11.9,6537.0
italy,43.1,12.0,11265.0
italy,43.1,12.1,990.0
italy,43.1,12.2,13849.0
italy,43.1,12.3,74874.0
italy,43.1,12.4,47265.0
italy,43.1,12.5,46005.0
italy,43.1,12.6,14740.0
italy,43.1,12.7,2487.0
italy,43.1,12.8,5216.0
italy,43.1,12.9,66.0
italy,43.1,13.0,1720.0
italy,43.1,13.1,3088.0
italy,43.1,13.2,2420.0
italy,43.1,13.3,7387.0
italy,43.1,13.4,6661.0
italy,43.1,13.5,10503.0
italy,43.1,13.6,13475.0
italy,43.1,13.7,4671.0
italy,43.1,13.8,23233.0
italy,43.2,10.6,9500.0
italy,43.2,10.7,678.0
italy,43.2,10.8,915.0
italy,43.2,10.9,4354.0
italy,43.2,11.0,629.0
italy,43.2,11.1,1279.0
italy,43.2,11.2,3401.0
italy,43.2,11.3,3653.0
italy,43.2,11.4,9033.0
italy,43.2,11.5,455.0
italy,43.2,11.6,4832.0
italy,43.2,11.7,8855.0
italy,43.2,11.8,13651.0
italy,43.2,11.9,3095.0
italy,43.2,12.0,6930.0
italy,43.2,12.1,3888.0
italy,43.2,12.2,4400.0
italy,43.2,12.3,7073.0
italy,43.2,12.4,5697.0
italy,43.2,12.5,9143.0
italy,43.2,12.6,2462.0
italy,43.2,12.7,2335.0
italy,43.2,12.8,5691.0
italy,43.2,12.9,800.0
italy,43.2,13.0,15821.0
italy,43.2,13.1,5742.0
italy,43.2,13.2,11045.0
italy,43.2,13.3,18843.0
italy,43.2,13.4,8070.0
italy,43.2,13.5,16876.0
italy,43.2,13.6,26200.0
italy,43.2,13.7,56026.0
italy,43.3,10.6,24486.0
italy,43.3,10.7,310.0
italy,43.3,10.8,857.0
italy,43.3,10.9,3242.0
italy,43.3,11.0,289.0
italy,43.3,11.1,2748.0
italy,43.3,11.2,3986.0
italy,43.3,11.3,44220.0
italy,43.3,11.4,14031.0
italy,43.3,11.5,2081.0
italy,43.3,11.6,4933.0
italy,43.3,11.7,8453.0
italy,43.3,11.8,8937.0
italy,43.3,11.9,7521.0
italy,43.3,12.0,10841.0
italy,43.3,12.1,326.0
italy,43.3,12.2,1974.0
italy,43.3,12.3,1264.0
italy,43.3,12.4,13484.0
italy,43.3,12.5,8853.0
italy,43.3,12.6,15359.0
italy,43.3,12.7,9097.0
italy,43.3,12.8,11306.0
italy,43.3,12.9,22859.0
italy,43.3,13.0,6172.0
italy,43.3,13.1,315.0
italy,43.3,13.2,1453.0
italy,43.3,13.3,12460.0
italy,43.3,13.4,8249.0
italy,43.3,13.5,37301.0
italy,43.3,13.6,22435.0
italy,43.3,13.7,71261.0
italy,43.4,10.5,37773.0
italy,43.4,10.6,2559.0
italy,43.4,10.7,303.0
italy,43.4,10.8,2595.0
italy,43.4,10.9,7119.0
italy,43.4,11.0,793.0
italy,43.4,11.1,22194.0
italy,43.4,11.2,8983.0
italy,43.4,11.3,4633.0
italy,43.4,11.4,3811.0
italy,43.4,11.5,910.0
italy,43.4,11.6,2426.0
italy,43.4,11.7,4310.0
italy,43.4,11.8,7326.0
italy,43.4,11.9,15468.0
italy,43.4,12.0,1724.0
italy,43.4,12.1,1333.0
italy,43.4,12.2,28194.0
italy,43.4,12.3,2505.0
italy,43.4,12.4,2846.0
italy,43.4,12.5,2286.0
italy,43.4,12.6,387.0
italy,43.4,12.7,2075.0
italy,43.4,12.8,459.0
italy,43.4,12.9,6803.0
italy,43.4,13.0,2899.0
italy,43.4,13.1,2060.0
italy,43.4,13.2,10132.0
italy,43.4,13.3,10969.0
italy,43.4,13.4,2745.0
italy,43.4,13.5,22049.0
italy,43.4,13.6,46227.0
italy,43.5,10.4,61169.0
italy,43.5,10.5,2424.0
italy,43.5,10.6,5942.0
italy,43.5,10.7,1531.0
italy,43.5,10.8,2362.0
italy,43.5,10.9,1229.0
italy,43.5,11.0,1690.0
italy,43.5,11.1,27617.0
italy,43.5,11.2,3420.0
italy,43.5,11.3,2476.0
italy,43.5,11.4,2914.0
italy,43.5,11.5,3281.0
italy,43.5,11.6,49958.0
italy,43.5,11.7,12279.0
italy,43.5,11.8,12425.0
italy,43.5,11.9,78822.0
italy,43.5,12.0,303.0
italy,43.5,12.1,9500.0
italy,43.5,12.2,22111.0
italy,43.5,12.3,243.0
italy,43.5,12.4,212.0
italy,43.5,12.5,1219.0
italy,43.5,12.6,1646.0
italy,43.5,12.7,6037.0
italy,43.5,12.8,1215.0
italy,43.5,12.9,3421.0
italy,43.5,13.0,7067.0
italy,43.5,13.1,11469.0
italy,43.5,13.2,45962.0
italy,43.5,13.3,9098.0
italy,43.5,13.4,13263.0
italy,43.5,13.5,68931.0
italy,43.6,10.3,102959.0
italy,43.6,10.4,1879.0
italy,43.6,10.5,16561.0
italy,43.6,10.6,61518.0
italy,43.6,10.7,17176.0
italy,43.6,10.8,7043.0
italy,43.6,10.9,23892.0
italy,43.6,11.0,9993.0
italy,43.6,11.1,21029.0
italy,43.6,11.2,15915.0
italy,43.6,11.3,14777.0
italy,43.6,11.4,17779.0
italy,43.6,11.5,26518.0
italy,43.6,11.6,11683.0
italy,43.6,11.7,629.0
italy,43.6,11.8,3528.0
italy,43.6,11.9,6735.0
italy,43.6,12.0,1216.0
italy,43.6,12.1,12332.0
italy,43.6,12.2,2297.0
italy,43.6,12.3,639.0
italy,43.6,12.4,1482.0
italy,43.6,12.5,1811.0
italy,43.6,12.6,1487.0
italy,43.6,12.7,5324.0
italy,43.6,12.8,721.0
italy,43.6,12.9,7804.0
italy,43.6,13.0,9186.0
italy,43.6,13.1,6085.0
italy,43.6,13.2,18304.0
italy,43.6,13.3,24873.0
italy,43.6,13.4,48625.0
italy,43.6,13.5,83549.0
italy,43.7,10.3,7832.0
italy,43.7,10.4,64160.0
italy,43.7,10.5,75496.0
italy,43.7,10.6,38991.0
italy,43.7,10.7,12613.0
italy,43.7,10.8,67999.0
italy,43.7,10.9,67307.0
italy,43.7,11.0,20988.0
italy,43.7,11.1,14512.0
italy,43.7,11.2,31977.0
italy,43.7,11.3,48808.0
italy,43.7,11.4,14433.0
italy,43.7,11.5,8663.0
italy,43.7,11.6,1930.0
italy,43.7,11.7,1849.0
italy,43.7,11.8,17007.0
italy,43.7,11.9,1705.0
italy,43.7,12.0,350.0
italy,43.7,12.1,2570.0
italy,43.7,12.2,911.0
italy,43.7,12.3,1362.0
italy,43.7,12.4,7817.0
italy,43.7,12.5,5416.0
italy,43.7,12.6,12872.0
italy,43.7,12.7,3702.0
italy,43.7,12.8,8543.0
italy,43.7,12.9,19309.0
italy,43.7,13.0,11663.0
italy,43.7,13.1,23412.0
italy,43.7,13.2,38892.0
italy,43.8,7.5,0.0
italy,43.8,10.3,18393.0
italy,43.8,10.4,22946.0
italy,43.8,10.5,62519.0
italy,43.8,10.6,34060.0
italy,43.8,10.7,19878.0
italy,43.8,10.8,20317.0
italy,43.8,10.9,25958.0
italy,43.8,11.0,19163.0
italy,43.8,11.1,113325.0
italy,43.8,11.2,167856.0
italy,43.8,11.3,247141.0
italy,43.8,11.4,26487.0
italy,43.8,11.5,9688.0
italy,43.8,11.6,1174.0
italy,43.8,11.7,4020.0
italy,43.8,11.8,3039.0
italy,43.8,11.9,1395.0
italy,43.8,12.0,361.0
italy,43.8,12.1,680.0
italy,43.8,12.2,735.0
italy,43.8,12.3,3195.0
italy,43.8,12.4,5920.0
italy,43.8,12.5,3549.0
italy,43.8,12.6,10031.0
italy,43.8,12.7,27928.0
italy,43.8,12.8,5405.0
italy,43.8,12.9,52742.0
italy,43.8,13.0,55689.0
italy,43.9,7.6,26483.0
italy,43.9,7.7,37561.0
italy,43.9,7.8,62388.0
italy,43.9,7.9,6569.0
italy,43.9,8.0,60736.0
italy,43.9,10.3,89356.0
italy,43.9,10.4,3170.0
italy,43.9,10.5,30949.0
italy,43.9,10.6,31430.0
italy,43.9,10.7,25137.0
italy,43.9,10.8,62988.0
italy,43.9,10.9,51611.0
italy,43.9,11.0,75581.0
italy,43.9,11.1,192636.0
italy,43.9,11.2,8149.0
italy,43.9,11.3,6021.0
italy,43.9,11.4,5479.0
italy,43.9,11.5,6784.0
italy,43.9,11.6,3091.0
italy,43.9,11.7,20.0
italy,43.9,11.8,289.0
italy,43.9,11.9,1749.0
italy,43.9,12.0,3800.0
italy,43.9,12.1,4077.0
italy,43.9,12.2,4829.0
italy,43.9,12.3,10498.0
italy,43.9,12.6,22220.0
italy,43.9,12.7,32356.0
italy,43.9,12.8,88308.0
italy,44.0,7.8,858.0
italy,44.0,7.9,1834.0
italy,44.0,8.0,3381.0
italy,44.0,8.1,30962.0
italy,44.0,10.2,83808.0
italy,44.0,10.3,8718.0
italy,44.0,10.4,682.0
italy,44.0,10.5,7079.0
italy,44.0,10.6,6659.0
italy,44.0,10.7,1264.0
italy,44.0,10.8,5206.0
italy,44.0,10.9,18375.0
italy,44.0,11.0,14152.0
italy,44.0,11.1,11653.0
italy,44.0,11.2,1960.0
italy,44.0,11.3,19274.0
italy,44.0,11.4,22901.0
italy,44.0,11.5,567.0
italy,44.0,11.6,884.0
italy,44.0,11.7,266.0
italy,44.0,11.8,2916.0
italy,44.0,11.9,7888.0
italy,44.0,12.0,1544.0
italy,44.0,12.1,1970.0
italy,44.0,12.2,5613.0
italy,44.0,12.3,4101.0
italy,44.0,12.4,14902.0
italy,44.0,12.6,150766.0
italy,44.1,7.8,1022.0
italy,44.1,7.9,1311.0
italy,44.1,8.0,1242.0
italy,44.1,8.1,5391.0
italy,44.1,8.2,51797.0
italy,44.1,9.9,116213.0
italy,44.1,10.0,71074.0
italy,44.1,10.1,78424.0
italy,44.1,10.2,1560.0
italy,44.1,10.3,4511.0
italy,44.1,10.4,11274.0
italy,44.1,10.5,17070.0
italy,44.1,10.6,1700.0
italy,44.1,10.7,1232.0
italy,44.1,10.8,6812.0
italy,44.1,10.9,1874.0
italy,44.1,11.0,9487.0
italy,44.1,11.1,9298.0
italy,44.1,11.2,1386.0
italy,44.1,11.3,1507.0
italy,44.1,11.4,2109.0
italy,44.1,11.5,918.0
italy,44.1,11.6,2881.0
italy,44.1,11.7,549.0
italy,44.1,11.8,1694.0
italy,44.1,11.9,3440.0
italy,44.1,12.0,5410.0
italy,44.1,12.1,12416.0
italy,44.1,12.2,20917.0
italy,44.1,12.3,55226.0
italy,44.1,12.4,60107.0
italy,44.1,12.5,29558.0
italy,44.2,7.2,0.0
italy,44.2,7.3,83.0
italy,44.2,7.4,11.0
italy,44.2,7.5,58.0
italy,44.2,7.6,1264.0
italy,44.2,7.8,57.0
italy,44.2,7.9,399.0
italy,44.2,8.0,3001.0
italy,44.2,8.1,1946.0
italy,44.2,8.2,10076.0
italy,44.2,9.6,8697.0
italy,44.2,9.7,4452.0
italy,44.2,9.8,25349.0
italy,44.2,9.9,8868.0
italy,44.2,10.0,14666.0
italy,44.2,10.1,6014.0
italy,44.2,10.2,1321.0
italy,44.2,10.3,3640.0
italy,44.2,10.4,687.0
italy,44.2,10.5,919.0
italy,44.2,10.6,3403.0
italy,44.2,10.7,472.0
italy,44.2,10.8,4988.0
italy,44.2,10.9,1529.0
italy,44.2,11.0,7524.0
italy,44.2,11.1,3701.0
italy,44.2,11.2,3859.0
italy,44.2,11.3,5815.0
italy,44.2,11.4,185.0
italy,44.2,11.5,1772.0
italy,44.2,11.6,2571.0
italy,44.2,11.7,1420.0
italy,44.2,11.8,8229.0
italy,44.2,11.9,1259.0
italy,44.2,12.0,67822.0
italy,44.2,12.1,57809.0
italy,44.2,12.2,12708.0
italy,44.2,12.3,34927.0
italy,44.2,12.4,42319.0
italy,44.3,7.0,73.0
italy,44.3,7.1,314.0
italy,44.3,7.2,547.0
italy,44.3,7.3,1889.0
italy,44.3,7.4,2308.0
italy,44.3,7.5,25458.0
italy,44.3,7.6,16887.0
italy,44.3,7.7,4188.0
italy,44.3,7.8,9245.0
italy,44.3,7.9,888.0
italy,44.3,8.0,2421.0
italy,44.3,8.1,1271.0
italy,44.3,8.2,797.0
italy,44.3,8.3,16694.0
italy,44.3,8.4,77298.0
italy,44.3,9.4,62666.0
italy,44.3,9.5,15579.0
italy,44.3,9.6,1942.0
italy,44.3,9.7,804.0
italy,44.3,9.8,1229.0
italy,44.3,9.9,2594.0
italy,44.3,10.0,7980.0
italy,44.3,10.1,1001.0
italy,44.3,10.2,193.0
italy,44.3,10.3,1149.0
italy,44.3,10.4,88.0
italy,44.3,10.5,1560.0
italy,44.3,10.6,2973.0
italy,44.3,10.7,2284.0
italy,44.3,10.8,14556.0
italy,44.3,10.9,1498.0
italy,44.3,11.0,5819.0
italy,44.3,11.1,9478.0
italy,44.3,11.2,4964.0
italy,44.3,11.3,9590.0
italy,44.3,11.4,3959.0
italy,44.3,11.5,1078.0
italy,44.3,11.6,10180.0
italy,44.3,11.7,6398.0
italy,44.3,11.8,16668.0
italy,44.3,11.9,43808.0
italy,44.3,12.0,11134.0
italy,44.3,12.1,12171.0
italy,44.3,12.2,8933.0
italy,44.3,12.3,28480.0
italy,44.4,7.0,31.0
italy,44.4,7.1,23.0
italy,44.4,7.2,53.0
italy,44.4,7.3,815.0
italy,44.4,7.4,7698.0
italy,44.4,7.5,43196.0
italy,44.4,7.6,21777.0
italy,44.4,7.7,4699.0
italy,44.4,7.8,27561.0
italy,44.4,7.9,5519.0
italy,44.4,8.0,8870.0
italy,44.4,8.1,4622.0
italy,44.4,8.2,7873.0
italy,44.4,8.3,21385.0
italy,44.4,8.4,441.0
italy,44.4,8.5,26109.0
italy,44.4,8.6,23596.0
italy,44.4,9.1,82882.0
italy,44.4,9.2,39206.0
italy,44.4,9.3,14157.0
italy,44.4,9.4,3311.0
italy,44.4,9.5,1259.0
italy,44.4,9.6,1100.0
italy,44.4,9.7,690.0
italy,44.4,9.8,955.0
italy,44.4,9.9,6454.0
italy,44.4,10.0,484.0
italy,44.4,10.1,1015.0
italy,44.4,10.2,709.0
italy,44.4,10.3,2730.0
italy,44.4,10.4,5918.0
italy,44.4,10.5,5382.0
italy,44.4,10.6,5710.0
italy,44.4,10.7,1560.0
italy,44.4,10.8,10303.0
italy,44.4,10.9,1324.0
italy,44.4,11.0,7093.0
italy,44.4,11.1,7088.0
italy,44.4,11.2,4132.0
italy,44.4,11.3,20466.0
italy,44.4,11.4,4406.0
italy,44.4,11.5,7390.0
italy,44.4,11.6,22676.0
italy,44.4,11.7,60530.0
italy,44.4,11.8,29120.0
italy,44.4,11.9,26852.0
italy,44.4,12.0,34737.0
italy,44.4,12.1,22762.0
italy,44.4,12.2,83784.0
italy,44.4,12.3,14214.0
italy,44.5,6.9,8.0
italy,44.5,7.0,124.0
italy,44.5,7.1,376.0
italy,44.5,7.2,146.0
italy,44.5,7.3,3420.0
italy,44.5,7.4,12263.0
italy,44.5,7.5,7842.0
italy,44.5,7.6,11732.0
italy,44.5,7.7,10703.0
italy,44.5,7.8,7958.0
italy,44.5,7.9,12060.0
italy,44.5,8.0,1401.0
italy,44.5,8.1,2579.0
italy,44.5,8.2,702.0
italy,44.5,8.3,1880.0
italy,44.5,8.4,1466.0
italy,44.5,8.5,2733.0
italy,44.5,8.6,2149.0
italy,44.5,8.7,18239.0
italy,44.5,8.8,97847.0
italy,44.5,8.9,164359.0
italy,44.5,9.0,281690.0
italy,44.5,9.1,7495.0
italy,44.5,9.2,541.0
italy,44.5,9.3,1028.0
italy,44.5,9.4,698.0
italy,44.5,9.5,668.0
italy,44.5,9.6,3984.0
italy,44.5,9.7,1599.0
italy,44.5,9.8,6679.0
italy,44.5,9.9,156.0
italy,44.5,10.0,1708.0
italy,44.5,10.1,1023.0
italy,44.5,10.2,1272.0
italy,44.5,10.3,2831.0
italy,44.5,10.4,1412.0
italy,44.5,10.5,8509.0
italy,44.5,10.6,4416.0
italy,44.5,10.7,11758.0
italy,44.5,10.8,12863.0
italy,44.5,10.9,21736.0
italy,44.5,11.0,73562.0
italy,44.5,11.1,36652.0
italy,44.5,11.2,34065.0
italy,44.5,11.3,329063.0
italy,44.5,11.4,149140.0
italy,44.5,11.5,51174.0
italy,44.5,11.6,12069.0
italy,44.5,11.7,9866.0
italy,44.5,11.8,7901.0
italy,44.5,11.9,5555.0
italy,44.5,12.0,17006.0
italy,44.5,12.1,6933.0
italy,44.5,12.2,11429.0
italy,44.6,7.0,10.0
italy,44.6,7.1,345.0
italy,44.6,7.2,753.0
italy,44.6,7.3,945.0
italy,44.6,7.4,7820.0
italy,44.6,7.5,14364.0
italy,44.6,7.6,6611.0
italy,44.6,7.7,5982.0
italy,44.6,7.8,13221.0
italy,44.6,7.9,10930.0
italy,44.6,8.0,3047.0
italy,44.6,8.1,4589.0
italy,44.6,8.2,3227.0
italy,44.6,8.3,2642.0
italy,44.6,8.4,3565.0
italy,44.6,8.5,1100.0
italy,44.6,8.6,16227.0
italy,44.6,8.7,2422.0
italy,44.6,8.8,3128.0
italy,44.6,8.9,2180.0
italy,44.6,9.0,8244.0
italy,44.6,9.1,366.0
italy,44.6,9.2,298.0
italy,44.6,9.3,1262.0
italy,44.6,9.4,495.0
italy,44.6,9.5,1426.0
italy,44.6,9.6,638.0
italy,44.6,9.7,1255.0
italy,44.6,9.8,1518.0
italy,44.6,9.9,648.0
italy,44.6,10.0,2162.0
italy,44.6,10.1,3935.0
italy,44.6,10.2,3159.0
italy,44.6,10.3,15720.0
italy,44.6,10.4,14451.0
italy,44.6,10.5,22636.0
italy,44.6,10.6,32102.0
italy,44.6,10.7,31238.0
italy,44.6,10.8,119523.0
italy,44.6,10.9,96470.0
italy,44.6,11.0,91604.0
italy,44.6,11.1,10097.0
italy,44.6,11.2,27804.0
italy,44.6,11.3,33798.0
italy,44.6,11.4,12167.0
italy,44.6,11.5,15525.0
italy,44.6,11.6,4177.0
italy,44.6,11.7,13605.0
italy,44.6,11.8,10414.0
italy,44.6,11.9,4040.0
italy,44.6,12.0,2466.0
italy,44.6,12.1,473.0
italy,44.7,7.1,0.0
italy,44.7,7.2,2545.0
italy,44.7,7.3,12412.0
italy,44.7,7.4,10501.0
italy,44.7,7.5,16788.0
italy,44.7,7.6,15898.0
italy,44.7,7.7,10617.0
italy,44.7,7.8,21724.0
italy,44.7,7.9,31717.0
italy,44.7,8.0,30805.0
italy,44.7,8.1,16182.0
italy,44.7,8.2,2760.0
italy,44.7,8.3,16906.0
italy,44.7,8.4,23343.0
italy,44.7,8.5,4511.0
italy,44.7,8.6,6936.0
italy,44.7,8.7,5400.0
italy,44.7,8.8,9424.0
italy,44.7,8.9,16695.0
italy,44.7,9.0,432.0
italy,44.7,9.1,1395.0
italy,44.7,9.2,247.0
italy,44.7,9.3,801.0
italy,44.7,9.4,593.0
italy,44.7,9.5,558.0
italy,44.7,9.6,969.0
italy,44.7,9.7,474.0
italy,44.7,9.8,1212.0
italy,44.7,9.9,554.0
italy,44.7,10.0,3351.0
italy,44.7,10.1,16198.0
italy,44.7,10.2,17172.0
italy,44.7,10.3,23173.0
italy,44.7,10.4,11006.0
italy,44.7,10.5,39568.0
italy,44.7,10.6,134523.0
italy,44.7,10.7,9611.0
italy,44.7,10.8,24286.0
italy,44.7,10.9,18775.0
italy,44.7,11.0,31858.0
italy,44.7,11.1,7559.0
italy,44.7,11.2,22337.0
italy,44.7,11.3,35008.0
italy,44.7,11.4,13611.0
italy,44.7,11.5,14641.0
italy,44.7,11.6,2881.0
italy,44.7,11.7,9318.0
italy,44.7,11.8,12764.0
italy,44.7,11.9,398.0
italy,44.7,12.0,794.0
italy,44.7,12.1,467.0
italy,44.7,12.2,19718.0
italy,44.8,7.1,804.0
italy,44.8,7.2,14154.0
italy,44.8,7.3,11103.0
italy,44.8,7.4,8978.0
italy,44.8,7.5,9404.0
italy,44.8,7.6,13121.0
italy,44.8,7.7,42749.0
italy,44.8,7.8,8933.0
italy,44.8,7.9,13930.0
italy,44.8,8.0,12839.0
italy,44.8,8.1,15721.0
italy,44.8,8.2,6923.0
italy,44.8,8.3,11340.0
italy,44.8,8.4,14587.0
italy,44.8,8.5,3563.0
italy,44.8,8.6,5021.0
italy,44.8,8.7,4617.0
italy,44.8,8.8,33197.0
italy,44.8,8.9,5566.0
italy,44.8,9.0,1177.0
italy,44.8,9.1,2700.0
italy,44.8,9.2,2769.0
italy,44.8,9.3,1625.0
italy,44.8,9.4,2696.0
italy,44.8,9.5,1519.0
italy,44.8,9.6,2748.0
italy,44.8,9.7,1577.0
italy,44.8,9.8,5026.0
italy,44.8,9.9,1111.0
italy,44.8,10.0,20492.0
italy,44.8,10.1,10929.0
italy,44.8,10.2,11398.0
italy,44.8,10.3,167081.0
italy,44.8,10.4,8431.0
italy,44.8,10.5,25827.0
italy,44.8,10.6,26149.0
italy,44.8,10.7,9306.0
italy,44.8,10.8,40577.0
italy,44.8,10.9,61148.0
italy,44.8,11.0,16758.0
italy,44.8,11.1,3768.0
italy,44.8,11.2,11337.0
italy,44.8,11.3,26133.0
italy,44.8,11.4,6889.0
italy,44.8,11.5,12760.0
italy,44.8,11.6,35974.0
italy,44.8,11.7,24187.0
italy,44.8,11.8,6398.0
italy,44.8,11.9,8748.0
italy,44.8,12.0,6682.0
italy,44.8,12.1,7519.0
italy,44.8,12.2,8887.0
italy,44.9,6.9,34.0
italy,44.9,7.0,82.0
italy,44.9,7.1,386.0
italy,44.9,7.2,8869.0
italy,44.9,7.3,23325.0
italy,44.9,7.4,30144.0
italy,44.9,7.5,7634.0
italy,44.9,7.6,25445.0
italy,44.9,7.7,23236.0
italy,44.9,7.8,8441.0
italy,44.9,7.9,13415.0
italy,44.9,8.0,5601.0
italy,44.9,8.1,19119.0
italy,44.9,8.2,72097.0
italy,44.9,8.3,9757.0
italy,44.9,8.4,9304.0
italy,44.9,8.5,4278.0
italy,44.9,8.6,74585.0
italy,44.9,8.7,11404.0
italy,44.9,8.8,6701.0
italy,44.9,8.9,31980.0
italy,44.9,9.0,8908.0
italy,44.9,9.1,3084.0
italy,44.9,9.2,975.0
italy,44.9,9.3,2803.0
italy,44.9,9.4,778.0
italy,44.9,9.5,1935.0
italy,44.9,9.6,13291.0
italy,44.9,9.7,1863.0
italy,44.9,9.8,9447.0
italy,44.9,9.9,18170.0
italy,44.9,10.0,8099.0
italy,44.9,10.1,32615.0
italy,44.9,10.2,7725.0
italy,44.9,10.3,16471.0
italy,44.9,10.4,8638.0
italy,44.9,10.5,30303.0
italy,44.9,10.6,5052.0
italy,44.9,10.7,27864.0
italy,44.9,10.8,21528.0
italy,44.9,10.9,7773.0
italy,44.9,11.0,21565.0
italy,44.9,11.1,19813.0
italy,44.9,11.2,9839.0
italy,44.9,11.3,4644.0
italy,44.9,11.4,11123.0
italy,44.9,11.5,17929.0
italy,44.9,11.6,54083.0
italy,44.9,11.7,26567.0
italy,44.9,11.8,5872.0
italy,44.9,11.9,15035.0
italy,44.9,12.0,2818.0
italy,44.9,12.1,4167.0
italy,44.9,12.2,6411.0
italy,44.9,12.3,5779.0
italy,44.9,12.4,7715.0
italy,45.0,6.9,5554.0
italy,45.0,7.0,172.0
italy,45.0,7.1,786.0
italy,45.0,7.2,5793.0
italy,45.0,7.3,1330.0
italy,45.0,7.4,19626.0
italy,45.0,7.5,75962.0
italy,45.0,7.6,122887.0
italy,45.0,7.7,204239.0
italy,45.0,7.8,42715.0
italy,45.0,7.9,18158.0
italy,45.0,8.0,4078.0
italy,45.0,8.1,6797.0
italy,45.0,8.2,8633.0
italy,45.0,8.3,3310.0
italy,45.0,8.4,4822.0
italy,45.0,8.5,3429.0
italy,45.0,8.6,28550.0
italy,45.0,8.7,5051.0
italy,45.0,8.8,10031.0
italy,45.0,8.9,14662.0
italy,45.0,9.0,40768.0
italy,45.0,9.1,18974.0
italy,45.0,9.2,5904.0
italy,45.0,9.3,21464.0
italy,45.0,9.4,27653.0
italy,45.0,9.5,6003.0
italy,45.0,9.6,38898.0
italy,45.0,9.7,93642.0
italy,45.0,9.8,20687.0
italy,45.0,9.9,6229.0
italy,45.0,10.0,13340.0
italy,45.0,10.1,5971.0
italy,45.0,10.2,4276.0
italy,45.0,10.3,10874.0
italy,45.0,10.4,14431.0
italy,45.0,10.5,17473.0
italy,45.0,10.6,3265.0
italy,45.0,10.7,27067.0
italy,45.0,10.8,26573.0
italy,45.0,10.9,7407.0
italy,45.0,11.0,12925.0
italy,45.0,11.1,11590.0
italy,45.0,11.2,11497.0
italy,45.0,11.3,16144.0
italy,45.0,11.4,2357.0
italy,45.0,11.5,6125.0
italy,45.0,11.6,2512.0
italy,45.0,11.7,13582.0
italy,45.0,11.8,9554.0
italy,45.0,11.9,8507.0
italy,45.0,12.0,9840.0
italy,45.0,12.1,4704.0
italy,45.0,12.2,20909.0
italy,45.0,12.3,1063.0
italy,45.1,6.7,2722.0
italy,45.1,6.8,0.0
italy,45.1,6.9,472.0
italy,45.1,7.0,8985.0
italy,45.1,7.1,2770.0
italy,45.1,7.2,13434.0
italy,45.1,7.3,15166.0
italy,45.1,7.4,49341.0
italy,45.1,7.5,139671.0
italy,45.1,7.6,207644.0
italy,45.1,7.7,564401.0
italy,45.1,7.8,30581.0
italy,45.1,7.9,13007.0
italy,45.1,8.0,2476.0
italy,45.1,8.1,5867.0
italy,45.1,8.2,4736.0
italy,45.1,8.3,2341.0
italy,45.1,8.4,33000.0
italy,45.1,8.5,4389.0
italy,45.1,8.6,5179.0
italy,45.1,8.7,3783.0
italy,45.1,8.8,9336.0
italy,45.1,8.9,11800.0
italy,45.1,9.0,2324.0
italy,45.1,9.1,20631.0
italy,45.1,9.2,4964.0
italy,45.1,9.3,20616.0
italy,45.1,9.4,10375.0
italy,45.1,9.5,3738.0
italy,45.1,9.6,8516.0
italy,45.1,9.7,18622.0
italy,45.1,9.8,6116.0
italy,45.1,9.9,2231.0
italy,45.1,10.0,72991.0
italy,45.1,10.1,16607.0
italy,45.1,10.2,3030.0
italy,45.1,10.3,7532.0
italy,45.1,10.4,8367.0
italy,45.1,10.5,10009.0
italy,45.1,10.6,4788.0
italy,45.1,10.7,15957.0
italy,45.1,10.8,55358.0
italy,45.1,10.9,4808.0
italy,45.1,11.0,9149.0
italy,45.1,11.1,3257.0
italy,45.1,11.2,7837.0
italy,45.1,11.3,848.0
italy,45.1,11.4,8538.0
italy,45.1,11.5,15895.0
italy,45.1,11.6,10844.0
italy,45.1,11.7,11950.0
italy,45.1,11.8,38316.0
italy,45.1,11.9,15875.0
italy,45.1,12.0,19164.0
italy,45.1,12.1,5201.0
italy,45.1,12.2,11062.0
italy,45.2,7.2,188.0
italy,45.2,7.3,827.0
italy,45.2,7.4,4793.0
italy,45.2,7.5,34173.0
italy,45.2,7.6,37868.0
italy,45.2,7.7,62436.0
italy,45.2,7.8,34312.0
italy,45.2,7.9,42722.0
italy,45.2,8.0,9287.0
italy,45.2,8.1,11885.0
italy,45.2,8.2,3873.0
italy,45.2,8.3,7704.0
italy,45.2,8.4,7499.0
italy,45.2,8.5,3966.0
italy,45.2,8.6,2409.0
italy,45.2,8.7,3927.0
italy,45.2,8.8,2118.0
italy,45.2,8.9,16109.0
italy,45.2,9.0,5808.0
italy,45.2,9.1,48447.0
italy,45.2,9.2,40856.0
italy,45.2,9.3,24884.0
italy,45.2,9.4,28186.0
italy,45.2,9.5,13078.0
italy,45.2,9.6,28007.0
italy,45.2,9.7,13533.0
italy,45.2,9.8,13897.0
italy,45.2,9.9,5846.0
italy,45.2,10.0,14760.0
italy,45.2,10.1,12085.0
italy,45.2,10.2,3616.0
italy,45.2,10.3,8779.0
italy,45.2,10.4,9212.0
italy,45.2,10.5,7059.0
italy,45.2,10.6,5035.0
italy,45.2,10.7,10644.0
italy,45.2,10.8,43501.0
italy,45.2,10.9,4107.0
italy,45.2,11.0,15881.0
italy,45.2,11.1,7122.0
italy,45.2,11.2,29157.0
italy,45.2,11.3,24482.0
italy,45.2,11.4,19027.0
italy,45.2,11.5,21127.0
italy,45.2,11.6,10305.0
italy,45.2,11.7,38147.0
italy,45.2,11.8,7482.0
italy,45.2,11.9,19472.0
italy,45.2,12.0,4684.0
italy,45.2,12.1,6854.0
italy,45.2,12.2,52531.0
italy,45.3,7.2,104.0
italy,45.3,7.3,757.0
italy,45.3,7.4,3162.0
italy,45.3,7.5,12347.0
italy,45.3,7.6,9165.0
italy,45.3,7.7,32937.0
italy,45.3,7.8,13995.0
italy,45.3,7.9,22327.0
italy,45.3,8.0,18518.0
italy,45.3,8.1,5144.0
italy,45.3,8.2,12282.0
italy,45.3,8.3,655.0
italy,45.3,8.4,43446.0
italy,45.3,8.5,2464.0
italy,45.3,8.6,10305.0
italy,45.3,8.7,26836.0
italy,45.3,8.8,8812.0
italy,45.3,8.9,63060.0
italy,45.3,9.0,24597.0
italy,45.3,9.1,40756.0
italy,45.3,9.2,13430.0
italy,45.3,9.3,27701.0
italy,45.3,9.4,41215.0
italy,45.3,9.5,51954.0
italy,45.3,9.6,11473.0
italy,45.3,9.7,8245.0
italy,45.3,9.8,19058.0
italy,45.3,9.9,5586.0
italy,45.3,10.0,11310.0
italy,45.3,10.1,25798.0
italy,45.3,10.2,10628.0
italy,45.3,10.3,14941.0
italy,45.3,10.4,8058.0
italy,45.3,10.5,19924.0
italy,45.3,10.6,8344.0
italy,45.3,10.7,15372.0
italy,45.3,10.8,21777.0
italy,45.3,10.9,9017.0
italy,45.3,11.0,16939.0
italy,45.3,11.1,17747.0
italy,45.3,11.2,16827.0
italy,45.3,11.3,8456.0
italy,45.3,11.4,14898.0
italy,45.3,11.5,16483.0
italy,45.3,11.6,5482.0
italy,45.3,11.7,19255.0
italy,45.3,11.8,46342.0
italy,45.3,11.9,69047.0
italy,45.3,12.0,30917.0
italy,45.3,12.1,48196.0
italy,45.4,7.3,638.0
italy,45.4,7.4,280.0
italy,45.4,7.5,2034.0
italy,45.4,7.6,4926.0
italy,45.4,7.7,24826.0
italy,45.4,7.8,21821.0
italy,45.4,7.9,12388.0
italy,45.4,8.0,9331.0
italy,45.4,8.1,6026.0
italy,45.4,8.2,2369.0
italy,45.4,8.3,1591.0
italy,45.4,8.4,10583.0
italy,45.4,8.5,5598.0
italy,45.4,8.6,93634.0
italy,45.4,8.7,40711.0
italy,45.4,8.8,16007.0
italy,45.4,8.9,82411.0
italy,45.4,9.0,15744.0
italy,45.4,9.1,103787.0
italy,45.4,9.2,90448.0
italy,45.4,9.3,121871.0
italy,45.4,9.4,46595.0
italy,45.4,9.5,10890.0
italy,45.4,9.6,45324.0
italy,45.4,9.7,36094.0
italy,45.4,9.8,14841.0
italy,45.4,9.9,11427.0
italy,45.4,10.0,23173.0
italy,45.4,10.1,27814.0
italy,45.4,10.2,19072.0
italy,45.4,10.3,28134.0
italy,45.4,10.4,29005.0
italy,45.4,10.5,32273.0
italy,45.4,10.6,6256.0
italy,45.4,10.7,26642.0
italy,45.4,10.8,33865.0
italy,45.4,10.9,28435.0
italy,45.4,11.0,166718.0
italy,45.4,11.1,30285.0
italy,45.4,11.2,44014.0
italy,45.4,11.3,36937.0
italy,45.4,11.4,43028.0
italy,45.4,11.5,17788.0
italy,45.4,11.6,14285.0
italy,45.4,11.7,52958.0
italy,45.4,11.8,57724.0
italy,45.4,11.9,224409.0
italy,45.4,12.0,46224.0
italy,45.4,12.1,66459.0
italy,45.5,7.1,0.0
italy,45.5,7.2,23.0
italy,45.5,7.3,77.0
italy,45.5,7.4,44.0
italy,45.5,7.5,354.0
italy,45.5,7.6,68.0
italy,45.5,7.7,476.0
italy,45.5,7.8,21741.0
italy,45.5,7.9,14451.0
italy,45.5,8.0,18602.0
italy,45.5,8.1,17489.0
italy,45.5,8.2,3921.0
italy,45.5,8.3,1825.0
italy,45.5,8.4,5850.0
italy,45.5,8.5,5950.0
italy,45.5,8.6,8043.0
italy,45.5,8.7,38904.0
italy,45.5,8.8,25748.0
italy,45.5,8.9,110363.0
italy,45.5,9.0,108313.0
italy,45.5,9.1,636773.0
italy,45.5,9.2,747659.0
italy,45.5,9.3,612204.0
italy,45.5,9.4,136459.0
italy,45.5,9.5,49829.0
italy,45.5,9.6,84426.0
italy,45.5,9.7,20979.0
italy,45.5,9.8,52410.0
italy,45.5,9.9,20910.0
italy,45.5,10.0,69789.0
italy,45.5,10.1,100220.0
italy,45.5,10.2,164032.0
italy,45.5,10.3,83988.0
italy,45.5,10.4,41257.0
italy,45.5,10.5,56831.0
italy,45.5,10.6,17529.0
italy,45.5,10.7,26057.0
italy,45.5,10.8,70342.0
italy,45.5,10.9,60460.0
italy,45.5,11.0,127937.0
italy,45.5,11.1,4211.0
italy,45.5,11.2,17984.0
italy,45.5,11.3,21898.0
italy,45.5,11.4,59542.0
italy,45.5,11.5,36522.0
italy,45.5,11.6,87663.0
italy,45.5,11.7,25531.0
italy,45.5,11.8,24206.0
italy,45.5,11.9,54068.0
italy,45.5,12.0,23514.0
italy,45.5,12.1,79117.0
italy,45.5,12.2,89011.0
italy,45.5,12.3,196210.0
italy,45.6,7.1,431.0
italy,45.6,7.2,167.0
italy,45.6,7.3,1162.0
italy,45.6,7.4,180.0
italy,45.6,7.5,10.0
italy,45.6,7.6,122.0
italy,45.6,7.7,1688.0
italy,45.6,7.8,9997.0
italy,45.6,7.9,59.0
italy,45.6,8.0,56297.0
italy,45.6,8.1,19046.0
italy,45.6,8.2,30336.0
italy,45.6,8.3,3252.0
italy,45.6,8.4,17113.0
italy,45.6,8.5,10803.0
italy,45.6,8.6,17972.0
italy,45.6,8.7,33400.0
italy,45.6,8.8,64053.0
italy,45.6,8.9,238672.0
italy,45.6,9.0,56527.0
italy,45.6,9.1,251717.0
italy,45.6,9.2,170179.0
italy,45.6,9.3,291699.0
italy,45.6,9.4,132229.0
italy,45.6,9.5,51444.0
italy,45.6,9.6,120824.0
italy,45.6,9.7,38775.0
italy,45.6,9.8,54873.0
italy,45.6,9.9,39600.0
italy,45.6,10.0,66315.0
italy,45.6,10.1,51925.0
italy,45.6,10.2,59085.0
italy,45.6,10.3,35108.0
italy,45.6,10.4,7812.0
italy,45.6,10.5,47259.0
italy,45.6,10.6,7936.0
italy,45.6,10.7,12007.0
italy,45.6,10.8,9222.0
italy,45.6,10.9,5637.0
italy,45.6,11.0,13063.0
italy,45.6,11.1,1845.0
italy,45.6,11.2,10773.0
italy,45.6,11.3,20707.0
italy,45.6,11.4,38269.0
italy,45.6,11.5,24240.0
italy,45.6,11.6,68026.0
italy,45.6,11.7,29705.0
italy,45.6,11.8,16852.0
italy,45.6,11.9,39051.0
italy,45.6,12.0,18302.0
italy,45.6,12.1,49149.0
italy,45.6,12.2,21342.0
italy,45.6,12.3,68567.0
italy,45.6,12.4,26050.0
italy,45.6,12.5,10867.0
italy,45.6,12.6,74752.0
italy,45.6,12.7,13712.0
italy,45.7,6.9,893.0
italy,45.7,7.0,2.0
italy,45.7,7.1,2651.0
italy,45.7,7.2,4527.0
italy,45.7,7.3,50104.0
italy,45.7,7.4,6549.0
italy,45.7,7.5,8184.0
italy,45.7,7.6,12733.0
italy,45.7,7.7,6998.0
italy,45.7,7.8,1511.0
italy,45.7,7.9,403.0
italy,45.7,8.0,829.0
italy,45.7,8.1,500.0
italy,45.7,8.2,14961.0
italy,45.7,8.3,16323.0
italy,45.7,8.4,16902.0
italy,45.7,8.5,36016.0
italy,45.7,8.6,25771.0
italy,45.7,8.7,56347.0
italy,45.7,8.8,93890.0
italy,45.7,8.9,82877.0
italy,45.7,9.0,45014.0
italy,45.7,9.1,134387.0
italy,45.7,9.2,122240.0
italy,45.7,9.3,96662.0
italy,45.7,9.4,94449.0
italy,45.7,9.5,38134.0
italy,45.7,9.6,175568.0
italy,45.7,9.7,126229.0
italy,45.7,9.8,100549.0
italy,45.7,9.9,14828.0
italy,45.7,10.0,30795.0
italy,45.7,10.1,15170.0
italy,45.7,10.2,25234.0
italy,45.7,10.3,7120.0
italy,45.7,10.4,8704.0
italy,45.7,10.5,3875.0
italy,45.7,10.6,231.0
italy,45.7,10.7,4924.0
italy,45.7,10.8,1987.0
italy,45.7,10.9,4240.0
italy,45.7,11.0,1860.0
italy,45.7,11.1,127.0
italy,45.7,11.2,7442.0
italy,45.7,11.3,16821.0
italy,45.7,11.4,72683.0
italy,45.7,11.5,38428.0
italy,45.7,11.6,36059.0
italy,45.7,11.7,32445.0
italy,45.7,11.8,49260.0
italy,45.7,11.9,58646.0
italy,45.7,12.0,17668.0
italy,45.7,12.1,58238.0
italy,45.7,12.2,58706.0
italy,45.7,12.3,123261.0
italy,45.7,12.4,15541.0
italy,45.7,12.5,41103.0
italy,45.7,12.6,13771.0
italy,45.7,12.7,14621.0
italy,45.7,12.8,13535.0
italy,45.7,12.9,7526.0
italy,45.7,13.0,16112.0
italy,45.7,13.8,22631.0
italy,45.8,6.9,390.0
italy,45.8,7.0,2841.0
italy,45.8,7.1,1854.0
italy,45.8,7.2,0.0
italy,45.8,7.3,5055.0
italy,45.8,7.4,209.0
italy,45.8,7.5,262.0
italy,45.8,7.6,1443.0
italy,45.8,7.7,1404.0
italy,45.8,7.8,763.0
italy,45.8,7.9,46.0
italy,45.8,8.0,1236.0
italy,45.8,8.1,1160.0
italy,45.8,8.2,2580.0
italy,45.8,8.3,13165.0
italy,45.8,8.4,21250.0
italy,45.8,8.5,33391.0
italy,45.8,8.6,15320.0
italy,45.8,8.7,35146.0
italy,45.8,8.8,55195.0
italy,45.8,8.9,39593.0
italy,45.8,9.0,29052.0
italy,45.8,9.1,94971.0
italy,45.8,9.2,75639.0
italy,45.8,9.3,35270.0
italy,45.8,9.4,64244.0
italy,45.8,9.5,9303.0
italy,45.8,9.6,32254.0
italy,45.8,9.7,8513.0
italy,45.8,9.8,41452.0
italy,45.8,9.9,22008.0
italy,45.8,10.0,16354.0
italy,45.8,10.1,25902.0
italy,45.8,10.2,1572.0
italy,45.8,10.3,5329.0
italy,45.8,10.4,434.0
italy,45.8,10.5,6480.0
italy,45.8,10.6,260.0
italy,45.8,10.7,1568.0
italy,45.8,10.8,4345.0
italy,45.8,10.9,1228.0
italy,45.8,11.0,11925.0
italy,45.8,11.1,947.0
italy,45.8,11.2,2446.0
italy,45.8,11.3,626.0
italy,45.8,11.4,24294.0
italy,45.8,11.5,8380.0
italy,45.8,11.6,18309.0
italy,45.8,11.7,25152.0
italy,45.8,11.8,85222.0
italy,45.8,11.9,41222.0
italy,45.8,12.0,38421.0
italy,45.8,12.1,25437.0
italy,45.8,12.2,15112.0
italy,45.8,12.3,36759.0
italy,45.8,12.4,13147.0
italy,45.8,12.5,30540.0
italy,45.8,12.6,14983.0
italy,45.8,12.7,17715.0
italy,45.8,12.8,33059.0
italy,45.8,12.9,9172.0
italy,45.8,13.0,17736.0
italy,45.8,13.1,6968.0
italy,45.8,13.2,13598.0
italy,45.8,13.3,2389.0
italy,45.8,13.4,36639.0
italy,45.8,13.5,34094.0
italy,45.8,13.6,3676.0
italy,45.9,7.5,0.0
italy,45.9,7.6,1370.0
italy,45.9,7.7,69.0
italy,45.9,8.0,123.0
italy,45.9,8.1,53.0
italy,45.9,8.2,411.0
italy,45.9,8.3,1840.0
italy,45.9,8.4,21384.0
italy,45.9,8.5,40552.0
italy,45.9,8.6,25773.0
italy,45.9,8.7,55368.0
italy,45.9,8.8,30422.0
italy,45.9,9.1,3893.0
italy,45.9,9.2,21840.0
italy,45.9,9.3,19028.0
italy,45.9,9.4,67799.0
italy,45.9,9.5,2531.0
italy,45.9,9.6,7209.0
italy,45.9,9.7,5907.0
italy,45.9,9.8,4635.0
italy,45.9,9.9,5940.0
italy,45.9,10.0,21172.0
italy,45.9,10.1,20894.0
italy,45.9,10.2,17300.0
italy,45.9,10.3,4418.0
italy,45.9,10.4,0.0
italy,45.9,10.5,943.0
italy,45.9,10.6,5196.0
italy,45.9,10.7,5894.0
italy,45.9,10.8,2346.0
italy,45.9,10.9,44996.0
italy,45.9,11.0,66519.0
italy,45.9,11.1,5775.0
italy,45.9,11.2,4520.0
italy,45.9,11.3,1441.0
italy,45.9,11.4,5029.0
italy,45.9,11.5,4600.0
italy,45.9,11.6,2894.0
italy,45.9,11.7,2468.0
italy,45.9,11.8,910.0
italy,45.9,11.9,6676.0
italy,45.9,12.0,13706.0
italy,45.9,12.1,28089.0
italy,45.9,12.2,10651.0
italy,45.9,12.3,60676.0
italy,45.9,12.4,14537.0
italy,45.9,12.5,21417.0
italy,45.9,12.6,13350.0
italy,45.9,12.7,29819.0
italy,45.9,12.8,8087.0
italy,45.9,12.9,20458.0
italy,45.9,13.0,9369.0
italy,45.9,13.1,6580.0
italy,45.9,13.2,20542.0
italy,45.9,13.3,12483.0
italy,45.9,13.4,22461.0
italy,45.9,13.5,9597.0
italy,46.0,8.1,681.0
italy,46.0,8.2,1214.0
italy,46.0,8.3,8927.0
italy,46.0,8.4,3857.0
italy,46.0,8.5,2924.0
italy,46.0,8.6,1611.0
italy,46.0,8.7,22141.0
italy,46.0,9.1,524.0
italy,46.0,9.2,15819.0
italy,46.0,9.3,5706.0
italy,46.0,9.4,9647.0
italy,46.0,9.5,88.0
italy,46.0,9.6,1490.0
italy,46.0,9.7,628.0
italy,46.0,9.8,1809.0
italy,46.0,9.9,1113.0
italy,46.0,10.0,5454.0
italy,46.0,10.1,4259.0
italy,46.0,10.2,4789.0
italy,46.0,10.3,25549.0
italy,46.0,10.4,7.0
italy,46.0,10.5,7.0
italy,46.0,10.6,0.0
italy,46.0,10.7,7695.0
italy,46.0,10.8,1954.0
italy,46.0,10.9,7689.0
italy,46.0,11.0,5422.0
italy,46.0,11.1,39488.0
italy,46.0,11.2,17426.0
italy,46.0,11.3,8001.0
italy,46.0,11.4,7877.0
italy,46.0,11.5,628.0
italy,46.0,11.6,1980.0
italy,46.0,11.7,1888.0
italy,46.0,11.8,7773.0
italy,46.0,11.9,18748.0
italy,46.0,12.0,7020.0
italy,46.0,12.1,5711.0
italy,46.0,12.2,4436.0
italy,46.0,12.3,36634.0
italy,46.0,12.4,8421.0
italy,46.0,12.5,31404.0
italy,46.0,12.6,24370.0
italy,46.0,12.7,71394.0
italy,46.0,12.8,8024.0
italy,46.0,12.9,19247.0
italy,46.0,13.0,20473.0
italy,46.0,13.1,10811.0
italy,46.0,13.2,54483.0
italy,46.0,13.3,11410.0
italy,46.0,13.4,10566.0
italy,46.1,8.1,241.0
italy,46.1,8.2,984.0
italy,46.1,8.3,29902.0
italy,46.1,8.4,920.0
italy,46.1,8.5,4267.0
italy,46.1,8.6,502.0
italy,46.1,9.2,5324.0
italy,46.1,9.3,11101.0
italy,46.1,9.4,13004.0
italy,46.1,9.5,4558.0
italy,46.1,9.6,23158.0
italy,46.1,9.7,249.0
italy,46.1,9.8,2725.0
italy,46.1,9.9,147.0
italy,46.1,10.0,813.0
italy,46.1,10.1,809.0
italy,46.1,10.2,5.0
italy,46.1,10.3,7343.0
italy,46.1,10.4,835.0
italy,46.1,10.5,4.0
italy,46.1,10.6,0.0
italy,46.1,10.7,4794.0
italy,46.1,10.8,666.0
italy,46.1,10.9,1996.0
italy,46.1,11.0,3715.0
italy,46.1,11.1,82778.0
italy,46.1,11.2,34955.0
italy,46.1,11.3,2028.0
italy,46.1,11.4,4993.0
italy,46.1,11.5,8214.0
italy,46.1,11.6,2527.0
italy,46.1,11.7,93.0
italy,46.1,11.8,1944.0
italy,46.1,11.9,1416.0
italy,46.1,12.0,12557.0
italy,46.1,12.1,18321.0
italy,46.1,12.2,12187.0
italy,46.1,12.3,7335.0
italy,46.1,12.4,2950.0
italy,46.1,12.5,3771.0
italy,46.1,12.6,8247.0
italy,46.1,12.7,13476.0
italy,46.1,12.8,2476.0
italy,46.1,12.9,14264.0
italy,46.1,13.0,7443.0
italy,46.1,13.1,16407.0
italy,46.1,13.2,86682.0
italy,46.1,13.3,16659.0
italy,46.1,13.4,17440.0
italy,46.2,8.3,6811.0
italy,46.2,8.4,0.0
italy,46.2,8.5,879.0
italy,46.2,9.3,2632.0
italy,46.2,9.4,9979.0
italy,46.2,9.5,1471.0
italy,46.2,9.6,6647.0
italy,46.2,9.7,3832.0
italy,46.2,9.8,9060.0
italy,46.2,9.9,25210.0
italy,46.2,10.0,11583.0
italy,46.2,10.1,6075.0
italy,46.2,10.2,815.0
italy,46.2,10.3,7015.0
italy,46.2,10.4,1451.0
italy,46.2,10.5,3.0
italy,46.2,10.6,0.0
italy,46.2,10.7,1449.0
italy,46.2,10.8,2841.0
italy,46.2,10.9,112.0
italy,46.2,11.0,1241.0
italy,46.2,11.1,26022.0
italy,46.2,11.2,8304.0
italy,46.2,11.3,2697.0
italy,46.2,11.4,99.0
italy,46.2,11.5,0.0
italy,46.2,11.6,12.0
italy,46.2,11.7,698.0
italy,46.2,11.8,8440.0
italy,46.2,11.9,121.0
italy,46.2,12.0,1793.0
italy,46.2,12.1,2506.0
italy,46.2,12.2,29569.0
italy,46.2,12.3,9972.0
italy,46.2,12.4,656.0
italy,46.2,12.5,283.0
italy,46.2,12.6,250.0
italy,46.2,12.7,9959.0
italy,46.2,12.8,3802.0
italy,46.2,12.9,5973.0
italy,46.2,13.0,7557.0
italy,46.2,13.1,16895.0
italy,46.2,13.2,17745.0
italy,46.2,13.3,12041.0
italy,46.2,13.4,866.0
italy,46.2,13.5,1053.0
italy,46.3,8.2,67.0
italy,46.3,8.3,1705.0
italy,46.3,9.4,17885.0
italy,46.3,9.5,0.0
italy,46.3,9.8,2248.0
italy,46.3,9.9,2715.0
italy,46.3,10.2,0.0
italy,46.3,10.3,9933.0
italy,46.3,10.4,249.0
italy,46.3,10.5,3239.0
italy,46.3,10.6,301.0
italy,46.3,10.7,3257.0
italy,46.3,10.8,1294.0
italy,46.3,10.9,2084.0
italy,46.3,11.0,1354.0
italy,46.3,11.1,12080.0
italy,46.3,11.2,6760.0
italy,46.3,11.3,18537.0
italy,46.3,11.4,10950.0
italy,46.3,11.5,4157.0
italy,46.3,11.6,6715.0
italy,46.3,11.7,50.0
italy,46.3,11.8,749.0
italy,46.3,11.9,1173.0
italy,46.3,12.0,7603.0
italy,46.3,12.1,955.0
italy,46.3,12.2,1789.0
italy,46.3,12.3,3766.0
italy,46.3,12.4,950.0
italy,46.3,12.5,828.0
italy,46.3,12.6,0.0
italy,46.3,12.7,51.0
italy,46.3,12.8,502.0
italy,46.3,12.9,234.0
italy,46.3,13.0,8.0
italy,46.3,13.1,17502.0
italy,46.3,13.2,501.0
italy,46.3,13.3,1659.0
italy,46.4,8.4,302.0
italy,46.4,9.4,1282.0
italy,46.4,10.2,4.0
italy,46.4,10.3,6540.0
italy,46.4,10.4,2824.0
italy,46.4,10.5,253.0
italy,46.4,10.6,0.0
italy,46.4,10.7,1497.0
italy,46.4,10.8,424.0
italy,46.4,10.9,6247.0
italy,46.4,11.0,3412.0
italy,46.4,11.1,22179.0
italy,46.4,11.2,490.0
italy,46.4,11.3,36727.0
italy,46.4,11.4,3691.0
italy,46.4,11.5,2456.0
italy,46.4,11.6,4771.0
italy,46.4,11.7,2561.0
italy,46.4,11.8,48.0
italy,46.4,11.9,1544.0
italy,46.4,12.0,3011.0
italy,46.4,12.1,573.0
italy,46.4,12.2,2135.0
italy,46.4,12.3,1199.0
italy,46.4,12.4,5497.0
italy,46.4,12.5,0.0
italy,46.4,12.6,918.0
italy,46.4,12.7,603.0
italy,46.4,12.8,1357.0
italy,46.4,12.9,4653.0
italy,46.4,13.0,11194.0
italy,46.4,13.1,3495.0
italy,46.4,13.2,1797.0
italy,46.4,13.3,1053.0
italy,46.4,13.4,1.0
italy,46.4,13.5,0.0
italy,46.5,10.1,6557.0
italy,46.5,10.2,145.0
italy,46.5,10.3,5654.0
italy,46.5,10.4,311.0
italy,46.5,10.5,26.0
italy,46.5,10.6,372.0
italy,46.5,10.7,63.0
italy,46.5,10.8,154.0
italy,46.5,10.9,1541.0
italy,46.5,11.0,1271.0
italy,46.5,11.1,1210.0
italy,46.5,11.2,2401.0
italy,46.5,11.3,109171.0
italy,46.5,11.4,14785.0
italy,46.5,11.5,11017.0
italy,46.5,11.6,2023.0
italy,46.5,11.7,1189.0
italy,46.5,11.8,2148.0
italy,46.5,11.9,568.0
italy,46.5,12.0,1273.0
italy,46.5,12.1,612.0
italy,46.5,12.2,3778.0
italy,46.5,12.3,0.0
italy,46.5,12.4,5488.0
italy,46.5,12.5,1582.0
italy,46.5,12.6,6.0
italy,46.5,12.7,1302.0
italy,46.5,12.8,1289.0
italy,46.5,12.9,3094.0
italy,46.5,13.0,5232.0
italy,46.5,13.1,3034.0
italy,46.5,13.2,62.0
italy,46.5,13.3,699.0
italy,46.5,13.4,113.0
italy,46.5,13.5,202.0
italy,46.6,10.5,698.0
italy,46.6,10.6,3699.0
italy,46.6,10.7,6526.0
italy,46.6,10.8,5774.0
italy,46.6,10.9,5752.0
italy,46.6,11.0,1120.0
italy,46.6,11.1,12044.0
italy,46.6,11.2,11250.0
italy,46.6,11.3,3959.0
italy,46.6,11.4,1601.0
italy,46.6,11.5,5282.0
italy,46.6,11.6,11495.0
italy,46.6,11.7,3466.0
italy,46.6,11.8,2981.0
italy,46.6,11.9,3579.0
italy,46.6,12.0,124.0
italy,46.6,12.1,1993.0
italy,46.6,12.2,1252.0
italy,46.6,12.3,15.0
italy,46.6,12.4,2940.0
italy,46.6,12.5,2787.0
italy,46.6,12.6,4141.0
italy,46.6,12.7,285.0
italy,46.6,12.8,389.0
italy,46.7,10.5,5563.0
italy,46.7,10.6,2279.0
italy,46.7,10.7,60.0
italy,46.7,10.8,21.0
italy,46.7,10.9,1418.0
italy,46.7,11.0,4722.0
italy,46.7,11.1,37412.0
italy,46.7,11.2,22272.0
italy,46.7,11.3,2048.0
italy,46.7,11.4,3148.0
italy,46.7,11.5,1303.0
italy,46.7,11.6,7343.0
italy,46.7,11.7,32035.0
italy,46.7,11.8,2698.0
italy,46.7,11.9,5289.0
italy,46.7,12.0,2256.0
italy,46.7,12.1,2317.0
italy,46.7,12.2,5240.0
italy,46.7,12.3,2766.0
italy,46.8,10.5,956.0
italy,46.8,10.6,123.0
italy,46.8,10.7,0.0
italy,46.8,11.1,0.0
italy,46.8,11.2,4737.0
italy,46.8,11.3,3515.0
italy,46.8,11.4,886.0
italy,46.8,11.5,1214.0
italy,46.8,11.6,1084.0
italy,46.8,11.7,7842.0
italy,46.8,11.8,2781.0
italy,46.8,11.9,25149.0
italy,46.8,12.0,7046.0
italy,46.8,12.1,1626.0
italy,46.8,12.2,838.0
italy,46.9,11.2,0.0
italy,46.9,11.3,1639.0
italy,46.9,11.4,5071.0
italy,46.9,11.5,9537.0
italy,46.9,11.6,0.0
italy,46.9,11.7,682.0
italy,46.9,11.8,379.0
italy,46.9,11.9,4825.0
italy,46.9,12.0,2688.0
italy,46.9,12.1,51.0
italy,47.0,11.9,2813.0
italy,47.0,12.0,197.0
italy,47.0,12.1,328.0
malta,35.9,14.4,137356.0
malta,35.9,14.5,382206.0
slovenia,45.5,13.7,51720.0
slovenia,45.5,13.8,8099.0
slovenia,45.5,13.9,1870.0
slovenia,45.5,14.3,999.0
slovenia,45.5,14.4,166.0
slovenia,45.5,15.2,757.0
slovenia,45.6,13.9,370.0
slovenia,45.6,14.0,2299.0
slovenia,45.6,14.1,2794.0
slovenia,45.6,14.2,10281.0
slovenia,45.6,14.3,131.0
slovenia,45.6,14.4,18.0
slovenia,45.6,14.8,517.0
slovenia,45.6,14.9,3114.0
slovenia,45.6,15.0,256.0
slovenia,45.6,15.1,4061.0
slovenia,45.6,15.2,8461.0
slovenia,45.7,13.9,1448.0
slovenia,45.7,14.0,2309.0
slovenia,45.7,14.1,1270.0
slovenia,45.7,14.2,5297.0
slovenia,45.7,14.3,747.0
slovenia,45.7,14.4,2581.0
slovenia,45.7,14.5,1036.0
slovenia,45.7,14.6,1227.0
slovenia,45.7,14.7,256.0
slovenia,45.7,14.8,7554.0
slovenia,45.7,14.9,6053.0
slovenia,45.7,15.0,1928.0
slovenia,45.7,15.1,1865.0
slovenia,45.7,15.2,1175.0
slovenia,45.8,13.7,1622.0
slovenia,45.8,13.8,2171.0
slovenia,45.8,13.9,6030.0
slovenia,45.8,14.0,755.0
slovenia,45.8,14.1,2542.0
slovenia,45.8,14.2,10860.0
slovenia,45.8,14.3,5107.0
slovenia,45.8,14.4,5317.0
slovenia,45.8,14.5,2919.0
slovenia,45.8,14.6,3781.0
slovenia,45.8,14.7,11048.0
slovenia,45.8,14.8,2708.0
slovenia,45.8,14.9,2105.0
slovenia,45.8,15.0,2959.0
slovenia,45.8,15.1,5542.0
slovenia,45.8,15.2,31246.0
slovenia,45.8,15.3,1885.0
slovenia,45.9,13.7,6476.0
slovenia,45.9,13.8,10079.0
slovenia,45.9,13.9,14471.0
slovenia,45.9,14.0,1607.0
slovenia,45.9,14.1,1877.0
slovenia,45.9,14.2,10640.0
slovenia,45.9,14.3,3571.0
slovenia,45.9,14.4,3816.0
slovenia,45.9,14.5,7497.0
slovenia,45.9,14.6,7224.0
slovenia,45.9,14.7,14433.0
slovenia,45.9,14.8,7901.0
slovenia,45.9,14.9,4598.0
slovenia,45.9,15.0,10109.0
slovenia,45.9,15.1,2980.0
slovenia,45.9,15.2,5862.0
slovenia,45.9,15.3,3981.0
slovenia,45.9,15.4,8522.0
slovenia,45.9,15.5,10798.0
slovenia,45.9,15.6,14558.0
slovenia,46.0,13.7,781.0
slovenia,46.0,13.8,775.0
slovenia,46.0,13.9,320.0
slovenia,46.0,14.0,6821.0
slovenia,46.0,14.1,3077.0
slovenia,46.0,14.2,5160.0
slovenia,46.0,14.3,23675.0
slovenia,46.0,14.4,13751.0
slovenia,46.0,14.5,121836.0
slovenia,46.0,14.6,17334.0
slovenia,46.0,14.7,8159.0
slovenia,46.0,14.8,1996.0
slovenia,46.0,14.9,6041.0
slovenia,46.0,15.0,4514.0
slovenia,46.0,15.1,3683.0
slovenia,46.0,15.2,8357.0
slovenia,46.0,15.3,9903.0
slovenia,46.0,15.4,6639.0
slovenia,46.0,15.5,5422.0
slovenia,46.0,15.6,3936.0
slovenia,46.1,13.6,3086.0
slovenia,46.1,13.7,1219.0
slovenia,46.1,13.8,1795.0
slovenia,46.1,13.9,1127.0
slovenia,46.1,14.0,6226.0
slovenia,46.1,14.1,5679.0
slovenia,46.1,14.2,5553.0
slovenia,46.1,14.3,3055.0
slovenia,46.1,14.4,16491.0
slovenia,46.1,14.5,150295.0
slovenia,46.1,14.6,35736.0
slovenia,46.1,14.7,9872.0
slovenia,46.1,14.8,6633.0
slovenia,46.1,14.9,8388.0
slovenia,46.1,15.0,9687.0
slovenia,46.1,15.1,25106.0
slovenia,46.1,15.2,3161.0
slovenia,46.1,15.3,5784.0
slovenia,46.1,15.4,2523.0
slovenia,46.1,15.5,2762.0
slovenia,46.2,13.6,260.0
slovenia,46.2,13.7,38.0
slovenia,46.2,13.8,2992.0
slovenia,46.2,13.9,217.0
slovenia,46.2,14.0,1411.0
slovenia,46.2,14.1,560.0
slovenia,46.2,14.2,6985.0
slovenia,46.2,14.3,12483.0
slovenia,46.2,14.4,45715.0
slovenia,46.2,14.5,16121.0
slovenia,46.2,14.6,42163.0
slovenia,46.2,14.7,9858.0
slovenia,46.2,14.8,2171.0
slovenia,46.2,14.9,9408.0
slovenia,46.2,15.0,2816.0
slovenia,46.2,15.1,14841.0
slovenia,46.2,15.2,5779.0
slovenia,46.2,15.3,41143.0
slovenia,46.2,15.4,8519.0
slovenia,46.2,15.5,9020.0
slovenia,46.3,13.5,459.0
slovenia,46.3,13.6,2746.0
slovenia,46.3,13.7,180.0
slovenia,46.3,13.8,91.0
slovenia,46.3,13.9,2225.0
slovenia,46.3,14.0,3463.0
slovenia,46.3,14.1,69.0
slovenia,46.3,14.2,8144.0
slovenia,46.3,14.3,10381.0
slovenia,46.3,14.4,31399.0
slovenia,46.3,14.5,4589.0
slovenia,46.3,14.6,5793.0
slovenia,46.3,14.7,1798.0
slovenia,46.3,14.8,4960.0
slovenia,46.3,14.9,3523.0
slovenia,46.3,15.0,11821.0
slovenia,46.3,15.1,17338.0
slovenia,46.3,15.2,6142.0
slovenia,46.3,15.3,21390.0
slovenia,46.3,15.4,3069.0
slovenia,46.3,15.5,10519.0
slovenia,46.3,15.6,9216.0
slovenia,46.3,15.7,5820.0
slovenia,46.3,15.8,616.0
slovenia,46.3,15.9,1352.0
slovenia,46.4,13.7,105.0
slovenia,46.4,13.8,14.0
slovenia,46.4,13.9,78.0
slovenia,46.4,14.0,9337.0
slovenia,46.4,14.1,7917.0
slovenia,46.4,14.2,12634.0
slovenia,46.4,14.3,11133.0
slovenia,46.4,14.4,229.0
slovenia,46.4,14.5,66.0
slovenia,46.4,14.7,135.0
slovenia,46.4,14.8,784.0
slovenia,46.4,14.9,138.0
slovenia,46.4,15.0,7882.0
slovenia,46.4,15.1,18653.0
slovenia,46.4,15.2,17497.0
slovenia,46.4,15.3,4365.0
slovenia,46.4,15.4,16166.0
slovenia,46.4,15.5,18332.0
slovenia,46.4,15.6,8432.0
slovenia,46.4,15.7,9399.0
slovenia,46.4,15.8,7457.0
slovenia,46.4,15.9,28507.0
slovenia,46.4,16.0,3552.0
slovenia,46.4,16.2,1473.0
slovenia,46.5,13.8,3408.0
slovenia,46.5,13.9,2713.0
slovenia,46.5,14.9,1268.0
slovenia,46.5,15.0,3863.0
slovenia,46.5,15.1,13245.0
slovenia,46.5,15.2,4775.0
slovenia,46.5,15.3,1118.0
slovenia,46.5,15.4,3348.0
slovenia,46.5,15.5,6052.0
slovenia,46.5,15.6,38861.0
slovenia,46.5,15.7,31473.0
slovenia,46.5,15.8,10032.0
slovenia,46.5,15.9,8128.0
slovenia,46.5,16.0,4983.0
slovenia,46.5,16.1,10266.0
slovenia,46.6,14.9,5487.0
slovenia,46.6,15.0,11629.0
slovenia,46.6,15.1,1436.0
slovenia,46.6,15.2,5999.0
slovenia,46.6,15.3,945.0
slovenia,46.6,15.4,455.0
slovenia,46.6,15.6,55930.0
slovenia,46.6,15.7,19510.0
slovenia,46.6,15.8,13151.0
slovenia,46.6,15.9,5998.0
slovenia,46.6,16.0,5198.0
slovenia,46.6,16.1,3954.0
slovenia,46.6,16.2,13426.0
slovenia,46.6,16.3,7356.0
slovenia,46.7,15.7,1832.0
slovenia,46.7,15.8,1671.0
slovenia,46.7,16.1,3434.0
slovenia,46.7,16.2,18979.0
slovenia,46.7,16.3,1306.0
slovenia,46.8,16.1,2227.0
slovenia,46.8,16.2,3225.0
croatia,42.5,18.4,1685.0
croatia,42.6,18.3,1746.0
croatia,42.8,17.9,17400.0
croatia,42.9,17.7,1601.0
croatia,42.9,17.8,229.0
croatia,43.0,17.1,11134.0
croatia,43.0,17.2,4046.0
croatia,43.0,17.3,1046.0
croatia,43.0,17.5,2210.0
croatia,43.0,17.6,5290.0
croatia,43.1,17.4,7547.0
croatia,43.1,17.5,1199.0
croatia,43.2,16.5,13713.0
croatia,43.2,17.2,1138.0
croatia,43.2,17.3,1404.0
croatia,43.3,16.6,8707.0
croatia,43.3,16.7,6738.0
croatia,43.3,17.1,16556.0
croatia,43.3,17.2,246.0
croatia,43.4,16.9,5297.0
croatia,43.4,17.0,2987.0
croatia,43.4,17.1,1699.0
croatia,43.4,17.2,6465.0
croatia,43.5,16.6,54216.0
croatia,43.5,16.7,10777.0
croatia,43.5,16.8,2598.0
croatia,43.5,16.9,2256.0
croatia,43.5,17.0,583.0
croatia,43.5,17.1,320.0
croatia,43.6,16.0,5441.0
croatia,43.6,16.1,5404.0
croatia,43.6,16.2,3382.0
croatia,43.6,16.3,35188.0
croatia,43.6,16.4,130070.0
croatia,43.6,16.5,44596.0
croatia,43.6,16.6,6117.0
croatia,43.6,16.7,4073.0
croatia,43.6,16.8,2634.0
croatia,43.6,16.9,743.0
croatia,43.7,16.0,5142.0
croatia,43.7,16.1,1025.0
croatia,43.7,16.2,961.0
croatia,43.7,16.3,420.0
croatia,43.7,16.4,772.0
croatia,43.7,16.5,2428.0
croatia,43.7,16.6,20382.0
croatia,43.7,16.7,6450.0
croatia,43.7,16.8,2787.0
croatia,43.8,15.7,8083.0
croatia,43.8,15.8,9242.0
croatia,43.8,15.9,37623.0
croatia,43.8,16.0,1712.0
croatia,43.8,16.1,397.0
croatia,43.8,16.2,814.0
croatia,43.8,16.3,1206.0
croatia,43.8,16.4,230.0
croatia,43.8,16.5,783.0
croatia,43.8,16.6,1917.0
croatia,43.9,15.7,3220.0
croatia,43.9,15.8,816.0
croatia,43.9,15.9,1500.0
croatia,43.9,16.0,572.0
croatia,43.9,16.1,415.0
croatia,43.9,16.2,4096.0
croatia,43.9,16.3,57.0
croatia,43.9,16.4,1619.0
croatia,43.9,16.5,268.0
croatia,44.0,15.4,13053.0
croatia,44.0,15.5,5455.0
croatia,44.0,15.6,6597.0
croatia,44.0,15.7,1059.0
croatia,44.0,15.8,232.0
croatia,44.0,15.9,926.0
croatia,44.0,16.0,1225.0
croatia,44.0,16.1,848.0
croatia,44.0,16.2,1184.0
croatia,44.0,16.3,892.0
croatia,44.0,16.4,328.0
croatia,44.1,15.3,70927.0
croatia,44.1,15.4,6408.0
croatia,44.1,15.5,901.0
croatia,44.1,15.6,2511.0
croatia,44.1,15.7,119.0
croatia,44.1,15.8,268.0
croatia,44.1,15.9,329.0
croatia,44.1,16.0,127.0
croatia,44.1,16.1,577.0
croatia,44.1,16.2,10193.0
croatia,44.1,16.3,60.0
croatia,44.2,15.2,21609.0
croatia,44.2,15.3,3887.0
croatia,44.2,15.4,2525.0
croatia,44.2,15.5,4399.0
croatia,44.2,15.6,1659.0
croatia,44.2,15.7,1073.0
croatia,44.2,15.8,512.0
croatia,44.2,15.9,245.0
croatia,44.2,16.0,38.0
croatia,44.2,16.1,21.0
croatia,44.3,15.5,1505.0
croatia,44.3,15.6,14.0
croatia,44.3,15.7,27.0
croatia,44.3,15.8,2320.0
croatia,44.3,15.9,82.0
croatia,44.3,16.0,50.0
croatia,44.3,16.1,62.0
croatia,44.4,15.1,6504.0
croatia,44.4,15.3,846.0
croatia,44.4,15.4,229.0
croatia,44.4,15.5,22.0
croatia,44.4,15.6,57.0
croatia,44.4,15.7,654.0
croatia,44.4,15.8,50.0
croatia,44.4,15.9,57.0
croatia,44.4,16.0,17.0
croatia,44.5,15.2,100.0
croatia,44.5,15.3,321.0
croatia,44.5,15.4,755.0
croatia,44.5,15.5,226.0
croatia,44.5,15.6,65.0
croatia,44.5,15.7,765.0
croatia,44.5,15.8,92.0
croatia,44.5,15.9,117.0
croatia,44.5,16.0,143.0
croatia,44.6,14.9,3908.0
croatia,44.6,15.0,1560.0
croatia,44.6,15.1,114.0
croatia,44.6,15.2,283.0
croatia,44.6,15.3,596.0
croatia,44.6,15.4,9841.0
croatia,44.6,15.5,27.0
croatia,44.6,15.6,113.0
croatia,44.6,15.7,96.0
croatia,44.6,15.8,0.0
croatia,44.6,15.9,419.0
croatia,44.7,14.4,7606.0
croatia,44.7,14.9,898.0
croatia,44.7,15.0,1.0
croatia,44.7,15.1,46.0
croatia,44.7,15.2,400.0
croatia,44.7,15.3,246.0
croatia,44.7,15.4,359.0
croatia,44.7,15.5,51.0
croatia,44.7,15.6,109.0
croatia,44.7,15.7,135.0
croatia,44.7,15.8,165.0
croatia,44.7,15.9,0.0
croatia,44.8,14.9,6311.0
croatia,44.8,15.0,6.0
croatia,44.8,15.1,806.0
croatia,44.8,15.2,247.0
croatia,44.8,15.3,1850.0
croatia,44.8,15.4,345.0
croatia,44.8,15.5,129.0
croatia,44.8,15.6,38.0
croatia,44.8,15.7,2092.0
croatia,44.9,13.9,66284.0
croatia,44.9,14.4,2563.0
croatia,44.9,14.9,5000.0
croatia,44.9,15.0,163.0
croatia,44.9,15.1,744.0
croatia,44.9,15.2,1709.0
croatia,44.9,15.3,3287.0
croatia,44.9,15.4,163.0
croatia,44.9,15.5,339.0
croatia,44.9,15.6,860.0
croatia,44.9,15.7,1074.0
croatia,44.9,18.9,1951.0
croatia,45.0,13.8,5656.0
croatia,45.0,13.9,5188.0
croatia,45.0,14.0,1459.0
croatia,45.0,14.1,1151.0
croatia,45.0,14.7,4463.0
croatia,45.0,15.0,721.0
croatia,45.0,15.1,407.0
croatia,45.0,15.2,1420.0
croatia,45.0,15.3,347.0
croatia,45.0,15.4,333.0
croatia,45.0,15.5,310.0
croatia,45.0,15.6,6.0
croatia,45.0,15.7,995.0
croatia,45.0,18.8,0.0
croatia,45.0,18.9,1596.0
croatia,45.0,19.0,9.0
croatia,45.1,13.7,13023.0
croatia,45.1,13.8,1928.0
croatia,45.1,13.9,1727.0
croatia,45.1,14.0,2616.0
croatia,45.1,14.1,13856.0
croatia,45.1,14.5,6092.0
croatia,45.1,14.6,7563.0
croatia,45.1,15.0,37.0
croatia,45.1,15.1,92.0
croatia,45.1,15.2,626.0
croatia,45.1,15.3,296.0
croatia,45.1,15.4,1397.0
croatia,45.1,15.5,530.0
croatia,45.1,15.6,2764.0
croatia,45.1,15.7,322.0
croatia,45.1,16.2,220.0
croatia,45.1,16.3,375.0
croatia,45.1,17.8,698.0
croatia,45.1,18.6,101.0
croatia,45.1,18.7,2222.0
croatia,45.1,18.8,13.0
croatia,45.1,18.9,2106.0
croatia,45.1,19.0,315.0
croatia,45.2,13.7,7368.0
croatia,45.2,13.8,4381.0
croatia,45.2,13.9,5425.0
croatia,45.2,14.0,7136.0
croatia,45.2,14.1,3012.0
croatia,45.2,14.2,2825.0
croatia,45.2,14.6,3651.0
croatia,45.2,14.7,11058.0
croatia,45.2,14.8,5363.0
croatia,45.2,14.9,13.0
croatia,45.2,15.0,326.0
croatia,45.2,15.1,188.0
croatia,45.2,15.2,4333.0
croatia,45.2,15.3,3058.0
croatia,45.2,15.4,445.0
croatia,45.2,15.5,275.0
croatia,45.2,15.6,181.0
croatia,45.2,15.7,331.0
croatia,45.2,16.1,54.0
croatia,45.2,16.2,112.0
croatia,45.2,16.3,110.0
croatia,45.2,16.4,95.0
croatia,45.2,17.1,72.0
croatia,45.2,17.2,156.0
croatia,45.2,17.3,3589.0
croatia,45.2,17.4,7366.0
croatia,45.2,17.5,3751.0
croatia,45.2,17.6,1621.0
croatia,45.2,17.7,4930.0
croatia,45.2,17.8,4219.0
croatia,45.2,17.9,5110.0
croatia,45.2,18.0,19014.0
croatia,45.2,18.1,1754.0
croatia,45.2,18.2,4200.0
croatia,45.2,18.3,2315.0
croatia,45.2,18.4,6605.0
croatia,45.2,18.5,1873.0
croatia,45.2,18.6,1388.0
croatia,45.2,18.7,3934.0
croatia,45.2,18.8,4551.0
croatia,45.2,18.9,4926.0
croatia,45.2,19.0,1316.0
croatia,45.2,19.1,1463.0
croatia,45.3,13.6,17915.0
croatia,45.3,13.7,3300.0
croatia,45.3,13.8,4205.0
croatia,45.3,13.9,743.0
croatia,45.3,14.0,1336.0
croatia,45.3,14.1,552.0
croatia,45.3,14.2,3668.0
croatia,45.3,14.6,12933.0
croatia,45.3,14.7,2651.0
croatia,45.3,14.8,317.0
croatia,45.3,14.9,708.0
croatia,45.3,15.0,0.0
croatia,45.3,15.1,493.0
croatia,45.3,15.2,7179.0
croatia,45.3,15.3,336.0
croatia,45.3,15.4,619.0
croatia,45.3,15.5,81.0
croatia,45.3,15.6,1250.0
croatia,45.3,15.7,2313.0
croatia,45.3,15.8,583.0
croatia,45.3,15.9,2504.0
croatia,45.3,16.0,683.0
croatia,45.3,16.1,4675.0
croatia,45.3,16.2,282.0
croatia,45.3,16.3,641.0
croatia,45.3,16.4,248.0
croatia,45.3,16.5,1682.0
croatia,45.3,16.6,1098.0
croatia,45.3,16.7,199.0
croatia,45.3,16.8,369.0
croatia,45.3,16.9,0.0
croatia,45.3,17.0,4124.0
croatia,45.3,17.1,1024.0
croatia,45.3,17.2,3575.0
croatia,45.3,17.3,187.0
croatia,45.3,17.4,5971.0
croatia,45.3,17.5,1738.0
croatia,45.3,17.6,1641.0
croatia,45.3,17.7,7359.0
croatia,45.3,17.8,6406.0
croatia,45.3,17.9,2084.0
croatia,45.3,18.0,702.0
croatia,45.3,18.1,339.0
croatia,45.3,18.2,1121.0
croatia,45.3,18.3,1532.0
croatia,45.3,18.4,23822.0
croatia,45.3,18.5,1246.0
croatia,45.3,18.6,6155.0
croatia,45.3,18.7,5634.0
croatia,45.3,18.8,34645.0
croatia,45.3,18.9,2669.0
croatia,45.3,19.0,1586.0
croatia,45.4,13.6,11047.0
croatia,45.4,13.7,2957.0
croatia,45.4,13.8,608.0
croatia,45.4,13.9,468.0
croatia,45.4,14.0,1105.0
croatia,45.4,14.1,513.0
croatia,45.4,14.2,81.0
croatia,45.4,14.3,17805.0
croatia,45.4,14.4,111768.0
croatia,45.4,14.5,40377.0
croatia,45.4,14.6,0.0
croatia,45.4,14.7,319.0
croatia,45.4,14.8,4160.0
croatia,45.4,14.9,2679.0
croatia,45.4,15.0,1216.0
croatia,45.4,15.1,1623.0
croatia,45.4,15.2,144.0
croatia,45.4,15.3,450.0
croatia,45.4,15.4,4286.0
croatia,45.4,15.5,10055.0
croatia,45.4,15.6,7069.0
croatia,45.4,15.7,393.0
croatia,45.4,15.8,564.0
croatia,45.4,15.9,214.0
croatia,45.4,16.0,262.0
croatia,45.4,16.1,1446.0
croatia,45.4,16.2,664.0
croatia,45.4,16.3,20973.0
croatia,45.4,16.4,5444.0
croatia,45.4,16.5,1945.0
croatia,45.4,16.6,1300.0
croatia,45.4,16.7,577.0
croatia,45.4,16.8,292.0
croatia,45.4,16.9,3801.0
croatia,45.4,17.0,4952.0
croatia,45.4,17.1,770.0
croatia,45.4,17.2,8145.0
croatia,45.4,17.3,46.0
croatia,45.4,17.4,260.0
croatia,45.4,17.5,336.0
croatia,45.4,17.6,4143.0
croatia,45.4,17.7,20993.0
croatia,45.4,17.8,2838.0
croatia,45.4,17.9,3013.0
croatia,45.4,18.0,944.0
croatia,45.4,18.1,355.0
croatia,45.4,18.2,74.0
croatia,45.4,18.3,3103.0
croatia,45.4,18.4,2688.0
croatia,45.4,18.5,2736.0
croatia,45.4,18.6,1418.0
croatia,45.4,18.7,2881.0
croatia,45.4,18.8,5180.0
croatia,45.4,18.9,3539.0
croatia,45.5,14.6,798.0
croatia,45.5,14.7,19.0
croatia,45.5,15.4,140.0
croatia,45.5,15.5,25534.0
croatia,45.5,15.6,17128.0
croatia,45.5,15.7,896.0
croatia,45.5,15.8,1634.0
croatia,45.5,15.9,778.0
croatia,45.5,16.0,1386.0
croatia,45.5,16.1,392.0
croatia,45.5,16.2,2646.0
croatia,45.5,16.3,2219.0
croatia,45.5,16.4,28009.0
croatia,45.5,16.5,1239.0
croatia,45.5,16.6,841.0
croatia,45.5,16.7,7655.0
croatia,45.5,16.8,10016.0
croatia,45.5,16.9,4061.0
croatia,45.5,17.0,1420.0
croatia,45.5,17.1,1385.0
croatia,45.5,17.2,1719.0
croatia,45.5,17.3,1306.0
croatia,45.5,17.4,82.0
croatia,45.5,17.5,54.0
croatia,45.5,17.6,112.0
croatia,45.5,17.7,28.0
croatia,45.5,17.8,302.0
croatia,45.5,17.9,3209.0
croatia,45.5,18.0,3921.0
croatia,45.5,18.1,10971.0
croatia,45.5,18.2,4807.0
croatia,45.5,18.3,2110.0
croatia,45.5,18.4,620.0
croatia,45.5,18.5,5879.0
croatia,45.5,18.6,6577.0
croatia,45.5,18.7,35595.0
croatia,45.5,18.8,435.0
croatia,45.5,18.9,3157.0
croatia,45.6,15.4,77.0
croatia,45.6,15.5,5323.0
croatia,45.6,15.6,3752.0
croatia,45.6,15.7,525.0
croatia,45.6,15.8,1159.0
croatia,45.6,15.9,3664.0
croatia,45.6,16.0,5857.0
croatia,45.6,16.1,3133.0
croatia,45.6,16.2,3114.0
croatia,45.6,16.3,670.0
croatia,45.6,16.4,1570.0
croatia,45.6,16.5,441.0
croatia,45.6,16.6,7064.0
croatia,45.6,16.7,2513.0
croatia,45.6,16.8,781.0
croatia,45.6,16.9,6414.0
croatia,45.6,17.0,1093.0
croatia,45.6,17.1,2032.0
croatia,45.6,17.2,7766.0
croatia,45.6,17.3,3387.0
croatia,45.6,17.4,860.0
croatia,45.6,17.5,951.0
croatia,45.6,17.6,301.0
croatia,45.6,17.7,795.0
croatia,45.6,17.8,2776.0
croatia,45.6,17.9,1142.0
croatia,45.6,18.0,5361.0
croatia,45.6,18.1,1391.0
croatia,45.6,18.2,1039.0
croatia,45.6,18.3,133.0
croatia,45.6,18.4,4342.0
croatia,45.6,18.5,2478.0
croatia,45.6,18.6,14712.0
croatia,45.6,18.7,57104.0
croatia,45.6,18.8,1632.0
croatia,45.7,15.5,2372.0
croatia,45.7,15.6,2515.0
croatia,45.7,15.7,14008.0
croatia,45.7,15.8,5983.0
croatia,45.7,15.9,25946.0
croatia,45.7,16.0,13998.0
croatia,45.7,16.1,45552.0
croatia,45.7,16.2,4659.0
croatia,45.7,16.3,845.0
croatia,45.7,16.4,12748.0
croatia,45.7,16.5,4636.0
croatia,45.7,16.6,6183.0
croatia,45.7,16.7,544.0
croatia,45.7,16.8,1160.0
croatia,45.7,16.9,604.0
croatia,45.7,17.0,2395.0
croatia,45.7,17.1,4388.0
croatia,45.7,17.2,977.0
croatia,45.7,17.3,1646.0
croatia,45.7,17.4,162.0
croatia,45.7,17.5,624.0
croatia,45.7,17.6,410.0
croatia,45.7,17.7,10174.0
croatia,45.7,17.8,830.0
croatia,45.7,17.9,1396.0
croatia,45.7,18.0,1120.0
croatia,45.7,18.1,200.0
croatia,45.7,18.2,3421.0
croatia,45.7,18.3,1279.0
croatia,45.7,18.4,11006.0
croatia,45.7,18.5,954.0
croatia,45.7,18.6,1481.0
croatia,45.7,18.7,1871.0
croatia,45.7,18.8,1335.0
croatia,45.8,15.5,31.0
croatia,45.8,15.6,269.0
croatia,45.8,15.7,21443.0
croatia,45.8,15.8,26427.0
croatia,45.8,15.9,308699.0
croatia,45.8,16.0,221218.0
croatia,45.8,16.1,142157.0
croatia,45.8,16.2,14921.0
croatia,45.8,16.3,19260.0
croatia,45.8,16.4,4980.0
croatia,45.8,16.5,4222.0
croatia,45.8,16.6,2426.0
croatia,45.8,16.7,907.0
croatia,45.8,16.8,2710.0
croatia,45.8,16.9,1208.0
croatia,45.8,17.0,3499.0
croatia,45.8,17.1,986.0
croatia,45.8,17.2,319.0
croatia,45.8,17.3,1033.0
croatia,45.8,17.4,18706.0
croatia,45.8,17.5,3692.0
croatia,45.8,17.6,976.0
croatia,45.8,17.7,1365.0
croatia,45.8,18.6,2153.0
croatia,45.8,18.7,1839.0
croatia,45.8,18.8,1237.0
croatia,45.9,15.8,24332.0
croatia,45.9,15.9,12388.0
croatia,45.9,16.0,19186.0
croatia,45.9,16.1,26172.0
croatia,45.9,16.2,9135.0
croatia,45.9,16.3,9049.0
croatia,45.9,16.4,8438.0
croatia,45.9,16.5,3799.0
croatia,45.9,16.6,2098.0
croatia,45.9,16.7,3532.0
croatia,45.9,16.8,9010.0
croatia,45.9,16.9,26345.0
croatia,45.9,17.0,2687.0
croatia,45.9,17.1,1136.0
croatia,45.9,17.2,5545.0
croatia,45.9,17.3,1061.0
croatia,45.9,17.4,2314.0
croatia,45.9,17.5,1063.0
croatia,45.9,17.6,741.0
croatia,46.0,15.8,4473.0
croatia,46.0,15.9,11390.0
croatia,46.0,16.0,13134.0
croatia,46.0,16.1,8093.0
croatia,46.0,16.2,6305.0
croatia,46.0,16.3,4783.0
croatia,46.0,16.4,1309.0
croatia,46.0,16.5,14015.0
croatia,46.0,16.6,2057.0
croatia,46.0,16.7,3775.0
croatia,46.0,16.8,2190.0
croatia,46.0,16.9,4700.0
croatia,46.0,17.0,796.0
croatia,46.0,17.1,8716.0
croatia,46.0,17.2,2922.0
croatia,46.1,15.7,1276.0
croatia,46.1,15.8,6910.0
croatia,46.1,15.9,12911.0
croatia,46.1,16.0,16142.0
croatia,46.1,16.1,4790.0
croatia,46.1,16.2,4708.0
croatia,46.1,16.3,2482.0
croatia,46.1,16.4,4570.0
croatia,46.1,16.5,4090.0
croatia,46.1,16.6,1703.0
croatia,46.1,16.7,2648.0
croatia,46.1,16.8,13070.0
croatia,46.1,16.9,6050.0
croatia,46.1,17.0,3654.0
croatia,46.1,17.1,1515.0
croatia,46.2,15.7,1434.0
croatia,46.2,15.8,14160.0
croatia,46.2,15.9,2338.0
croatia,46.2,16.0,7989.0
croatia,46.2,16.1,7528.0
croatia,46.2,16.2,5726.0
croatia,46.2,16.3,7748.0
croatia,46.2,16.4,10191.0
croatia,46.2,16.5,4094.0
croatia,46.2,16.6,9285.0
croatia,46.2,16.7,2393.0
croatia,46.2,16.8,16419.0
croatia,46.2,16.9,3769.0
croatia,46.3,16.1,2090.0
croatia,46.3,16.2,9121.0
croatia,46.3,16.3,44607.0
croatia,46.3,16.4,22670.0
croatia,46.3,16.5,5339.0
croatia,46.3,16.6,9964.0
croatia,46.3,16.7,3515.0
croatia,46.3,16.8,3403.0
croatia,46.4,16.4,15856.0
croatia,46.4,16.5,31039.0
croatia,46.4,16.6,5522.0
croatia,46.4,16.7,4887.0
croatia,46.5,16.4,3015.0
greece,35.0,24.8,2980.0
greece,35.0,24.9,5013.0
greece,35.0,25.0,2472.0
greece,35.0,25.1,4273.0
greece,35.0,25.2,1272.0
greece,35.1,24.7,1393.0
greece,35.1,24.8,8418.0
greece,35.1,24.9,9076.0
greece,35.1,25.0,4372.0
greece,35.1,25.1,3202.0
greece,35.1,25.2,1927.0
greece,35.1,25.3,7519.0
greece,35.1,25.4,2610.0
greece,35.1,25.5,1971.0
greece,35.1,25.6,2013.0
greece,35.1,25.7,20178.0
greece,35.1,25.8,2456.0
greece,35.1,25.9,2702.0
greece,35.1,26.0,2707.0
greece,35.1,26.1,1328.0
greece,35.1,26.2,1197.0
greece,35.2,24.4,2003.0
greece,35.2,24.5,2630.0
greece,35.2,24.6,1786.0
greece,35.2,24.7,2374.0
greece,35.2,24.8,774.0
greece,35.2,24.9,907.0
greece,35.2,25.0,6140.0
greece,35.2,25.1,4338.0
greece,35.2,25.2,7486.0
greece,35.2,25.3,4363.0
greece,35.2,25.4,2463.0
greece,35.2,25.5,2232.0
greece,35.2,25.6,536.0
greece,35.2,25.7,16458.0
greece,35.2,26.0,1645.0
greece,35.2,26.1,12683.0
greece,35.2,26.2,1542.0
greece,35.3,23.6,1252.0
greece,35.3,23.7,2555.0
greece,35.3,23.8,1272.0
greece,35.3,23.9,46.0
greece,35.3,24.0,103.0
greece,35.3,24.1,739.0
greece,35.3,24.2,1243.0
greece,35.3,24.3,4472.0
greece,35.3,24.4,11196.0
greece,35.3,24.5,38927.0
greece,35.3,24.6,7239.0
greece,35.3,24.7,1029.0
greece,35.3,24.8,3787.0
greece,35.3,24.9,3446.0
greece,35.3,25.0,3287.0
greece,35.3,25.1,130113.0
greece,35.3,25.2,65020.0
greece,35.3,25.3,14258.0
greece,35.3,25.5,6705.0
greece,35.3,25.6,4496.0
greece,35.3,25.7,2894.0
greece,35.4,23.6,4545.0
greece,35.4,23.7,5685.0
greece,35.4,23.8,724.0
greece,35.4,23.9,2761.0
greece,35.4,24.0,400.0
greece,35.4,24.1,5066.0
greece,35.4,24.2,8275.0
greece,35.4,24.7,4524.0
greece,35.4,24.8,1513.0
greece,35.4,24.9,1588.0
greece,35.4,25.0,2433.0
greece,35.5,23.8,9492.0
greece,35.5,23.9,5287.0
greece,35.5,24.0,103769.0
greece,36.0,27.9,2167.0
greece,36.1,27.8,710.0
greece,36.1,27.9,1343.0
greece,36.1,28.0,3976.0
greece,36.2,23.0,2079.0
greece,36.2,27.8,1543.0
greece,36.2,27.9,730.0
greece,36.2,28.0,250.0
greece,36.2,28.1,7792.0
greece,36.3,23.0,1561.0
greece,36.3,27.9,229.0
greece,36.3,28.0,4981.0
greece,36.3,28.1,9494.0
greece,36.4,28.1,9861.0
greece,36.4,28.2,81962.0
greece,36.5,23.1,4443.0
greece,36.6,23.0,3662.0
greece,36.7,22.4,5482.0
greece,36.7,22.9,4413.0
greece,36.7,23.0,3924.0
greece,36.7,24.5,9054.0
greece,36.7,25.3,13884.0
greece,36.8,21.9,3851.0
greece,36.8,22.4,722.0
greece,36.8,22.5,2067.0
greece,36.8,22.6,5864.0
greece,36.8,22.8,2067.0
greece,36.8,22.9,3931.0
greece,36.8,23.0,532.0
greece,36.8,27.1,38230.0
greece,36.9,21.8,4442.0
greece,36.9,21.9,1454.0
greece,36.9,22.3,3400.0
greece,36.9,22.4,522.0
greece,36.9,22.5,2601.0
greece,36.9,22.6,2167.0
greece,36.9,22.7,4180.0
greece,36.9,22.8,2156.0
greece,36.9,22.9,73.0
greece,36.9,23.0,629.0
greece,37.0,21.7,6709.0
greece,37.0,21.8,2892.0
greece,37.0,21.9,3106.0
greece,37.0,22.2,5679.0
greece,37.0,22.3,82.0
greece,37.0,22.4,4943.0
greece,37.0,22.5,2951.0
greece,37.0,22.6,776.0
greece,37.0,22.7,1773.0
greece,37.0,22.8,402.0
greece,37.0,22.9,212.0
greece,37.0,25.2,5408.0
greece,37.0,25.4,358.0
greece,37.0,25.5,5702.0
greece,37.0,27.0,26306.0
greece,37.1,21.6,7610.0
greece,37.1,21.7,4357.0
greece,37.1,21.8,1333.0
greece,37.1,21.9,1894.0
greece,37.1,22.0,13282.0
greece,37.1,22.1,64112.0
greece,37.1,22.2,496.0
greece,37.1,22.3,747.0
greece,37.1,22.4,10644.0
greece,37.1,22.5,8685.0
greece,37.1,22.6,350.0
greece,37.1,22.7,376.0
greece,37.1,22.8,27.0
greece,37.1,22.9,948.0
greece,37.1,25.2,10138.0
greece,37.1,25.4,13643.0
greece,37.1,25.5,2159.0
greece,37.2,21.7,6569.0
greece,37.2,21.8,202.0
greece,37.2,21.9,1345.0
greece,37.2,22.0,3930.0
greece,37.2,22.1,401.0
greece,37.2,22.2,289.0
greece,37.2,22.3,1717.0
greece,37.2,22.4,529.0
greece,37.2,22.5,521.0
greece,37.2,22.6,56.0
greece,37.2,22.7,267.0
greece,37.2,22.8,86.0
greece,37.2,22.9,4765.0
greece,37.3,21.7,1342.0
greece,37.3,21.8,1384.0
greece,37.3,21.9,2281.0
greece,37.3,22.0,1728.0
greece,37.3,22.1,423.0
greece,37.3,22.2,708.0
greece,37.3,22.3,270.0
greece,37.3,22.4,192.0
greece,37.3,22.5,535.0
greece,37.3,22.6,652.0
greece,37.3,22.7,881.0
greece,37.3,22.8,1379.0
greece,37.4,21.7,1760.0
greece,37.4,21.8,1704.0
greece,37.4,21.9,287.0
greece,37.4,22.0,419.0
greece,37.4,22.1,5660.0
greece,37.4,22.2,866.0
greece,37.4,22.3,335.0
greece,37.4,22.4,678.0
greece,37.4,22.5,1069.0
greece,37.4,22.6,602.0
greece,37.4,22.7,5618.0
greece,37.4,23.2,16588.0
greece,37.4,24.4,4928.0
greece,37.4,24.9,20997.0
greece,37.5,21.7,6358.0
greece,37.5,21.8,980.0
greece,37.5,21.9,715.0
greece,37.5,22.0,387.0
greece,37.5,22.1,686.0
greece,37.5,22.2,96.0
greece,37.5,22.3,334.0
greece,37.5,22.4,34512.0
greece,37.5,22.5,1586.0
greece,37.5,22.6,554.0
greece,37.5,22.7,1417.0
greece,37.5,23.0,1025.0
greece,37.5,23.1,188.0
greece,37.5,23.2,531.0
greece,37.5,23.3,1257.0
greece,37.5,23.4,17110.0
greece,37.6,21.6,6843.0
greece,37.6,21.7,3295.0
greece,37.6,21.8,1405.0
greece,37.6,21.9,681.0
greece,37.6,22.0,859.0
greece,37.6,22.1,162.0
greece,37.6,22.2,88.0
greece,37.6,22.3,391.0
greece,37.6,22.4,1750.0
greece,37.6,22.5,21.0
greece,37.6,22.6,497.0
greece,37.6,22.7,28245.0
greece,37.6,22.8,26931.0
greece,37.6,22.9,4742.0
greece,37.6,23.0,2500.0
greece,37.6,23.1,2769.0
greece,37.6,23.2,933.0
greece,37.6,25.2,17773.0
greece,37.6,26.1,2746.0
greece,37.6,26.2,7235.0
greece,37.7,20.8,10781.0
greece,37.7,21.4,32380.0
greece,37.7,21.5,8373.0
greece,37.7,21.6,4373.0
greece,37.7,21.7,1389.0
greece,37.7,21.8,1146.0
greece,37.7,21.9,1179.0
greece,37.7,22.0,798.0
greece,37.7,22.1,798.0
greece,37.7,22.2,1330.0
greece,37.7,22.3,1164.0
greece,37.7,22.4,372.0
greece,37.7,22.5,361.0
greece,37.7,22.6,1084.0
greece,37.7,22.7,3320.0
greece,37.7,22.8,1614.0
greece,37.7,22.9,1968.0
greece,37.7,23.0,765.0
greece,37.7,23.1,1326.0
greece,37.7,24.0,19924.0
greece,37.7,26.8,6349.0
greece,37.7,26.9,16981.0
greece,37.8,20.7,2195.0
greece,37.8,20.8,27923.0
greece,37.8,21.3,22824.0
greece,37.8,21.4,1840.0
greece,37.8,21.5,1852.0
greece,37.8,21.6,2109.0
greece,37.8,21.7,1701.0
greece,37.8,21.8,512.0
greece,37.8,21.9,1083.0
greece,37.8,22.0,881.0
greece,37.8,22.1,419.0
greece,37.8,22.2,674.0
greece,37.8,22.3,328.0
greece,37.8,22.4,1093.0
greece,37.8,22.5,85.0
greece,37.8,22.6,1159.0
greece,37.8,22.7,3863.0
greece,37.8,22.8,1887.0
greece,37.8,22.9,4090.0
greece,37.8,23.0,3117.0
greece,37.8,23.1,587.0
greece,37.8,24.0,36595.0
greece,37.8,24.9,5818.0
greece,37.8,26.7,11004.0
greece,37.8,26.8,1122.0
greece,37.9,21.2,20510.0
greece,37.9,21.3,10537.0
greece,37.9,21.4,2829.0
greece,37.9,21.5,2394.0
greece,37.9,21.6,1382.0
greece,37.9,21.7,990.0
greece,37.9,21.8,833.0
greece,37.9,21.9,779.0
greece,37.9,22.0,675.0
greece,37.9,22.1,696.0
greece,37.9,22.2,1161.0
greece,37.9,22.3,967.0
greece,37.9,22.4,166.0
greece,37.9,22.5,881.0
greece,37.9,22.6,1584.0
greece,37.9,22.7,1533.0
greece,37.9,22.8,18915.0
greece,37.9,22.9,21653.0
greece,37.9,23.0,21629.0
greece,37.9,23.8,265858.0
greece,37.9,23.9,53658.0
greece,37.9,24.8,2984.0
greece,38.0,21.3,1680.0
greece,38.0,21.4,9612.0
greece,38.0,21.5,1320.0
greece,38.0,21.6,628.0
greece,38.0,21.7,1212.0
greece,38.0,21.8,1071.0
greece,38.0,21.9,498.0
greece,38.0,22.0,747.0
greece,38.0,22.1,1851.0
greece,38.0,22.2,133.0
greece,38.0,22.3,394.0
greece,38.0,22.4,55.0
greece,38.0,22.5,1329.0
greece,38.0,22.6,10595.0
greece,38.0,22.7,20941.0
greece,38.0,23.0,12423.0
greece,38.0,23.1,4817.0
greece,38.0,23.2,2256.0
greece,38.0,23.3,20248.0
greece,38.0,23.4,20480.0
greece,38.0,23.5,51859.0
greece,38.0,23.6,225971.0
greece,38.0,23.7,1499861.0
greece,38.0,23.8,921669.0
greece,38.0,23.9,37251.0
greece,38.0,24.0,44709.0
greece,38.1,21.4,3793.0
greece,38.1,21.5,4301.0
greece,38.1,21.6,14723.0
greece,38.1,21.7,6543.0
greece,38.1,21.8,1294.0
greece,38.1,21.9,344.0
greece,38.1,22.0,963.0
greece,38.1,22.1,1054.0
greece,38.1,22.2,2530.0
greece,38.1,22.3,3902.0
greece,38.1,22.4,4601.0
greece,38.1,22.5,2225.0
greece,38.1,23.3,548.0
greece,38.1,23.4,886.0
greece,38.1,23.5,14339.0
greece,38.1,23.6,27337.0
greece,38.1,23.7,345768.0
greece,38.1,23.8,67132.0
greece,38.1,23.9,83253.0
greece,38.1,24.3,2993.0
greece,38.1,24.4,7132.0
greece,38.1,24.5,785.0
greece,38.2,20.4,6205.0
greece,38.2,20.5,15580.0
greece,38.2,20.6,4007.0
greece,38.2,20.7,5227.0
greece,38.2,21.7,26299.0
greece,38.2,21.8,116544.0
greece,38.2,21.9,97.0
greece,38.2,22.0,3061.0
greece,38.2,22.1,26861.0
greece,38.2,23.2,2266.0
greece,38.2,23.3,4216.0
greece,38.2,23.4,113.0
greece,38.2,23.5,1755.0
greece,38.2,23.6,40.0
greece,38.2,23.7,3093.0
greece,38.2,23.8,4959.0
greece,38.2,23.9,7303.0
greece,38.2,24.0,7556.0
greece,38.2,26.0,3347.0
greece,38.3,20.4,983.0
greece,38.3,20.5,491.0
greece,38.3,20.6,6038.0
greece,38.3,21.8,67738.0
greece,38.3,21.9,1785.0
greece,38.3,22.0,7766.0
greece,38.3,22.8,74.0
greece,38.3,22.9,670.0
greece,38.3,23.0,1294.0
greece,38.3,23.1,1629.0
greece,38.3,23.2,5922.0
greece,38.3,23.3,22609.0
greece,38.3,23.4,794.0
greece,38.3,23.5,986.0
greece,38.3,23.6,6304.0
greece,38.3,23.7,10390.0
greece,38.3,23.8,11350.0
greece,38.3,23.9,2675.0
greece,38.3,24.2,2845.0
greece,38.3,26.0,4505.0
greece,38.4,21.2,68.0
greece,38.4,21.3,8163.0
greece,38.4,21.4,14036.0
greece,38.4,21.5,4009.0
greece,38.4,21.6,801.0
greece,38.4,21.7,1124.0
greece,38.4,21.8,16937.0
greece,38.4,21.9,4500.0
greece,38.4,22.1,1200.0
greece,38.4,22.2,2048.0
greece,38.4,22.3,2488.0
greece,38.4,22.6,4952.0
greece,38.4,22.7,1975.0
greece,38.4,22.8,1867.0
greece,38.4,22.9,23754.0
greece,38.4,23.0,1843.0
greece,38.4,23.1,4383.0
greece,38.4,23.2,882.0
greece,38.4,23.3,296.0
greece,38.4,23.4,1495.0
greece,38.4,23.5,7775.0
greece,38.4,23.6,71804.0
greece,38.4,23.8,6275.0
greece,38.4,23.9,6237.0
greece,38.4,24.0,6954.0
greece,38.4,24.1,2943.0
greece,38.4,26.0,103.0
greece,38.4,26.1,37840.0
greece,38.5,21.1,2613.0
greece,38.5,21.2,1469.0
greece,38.5,21.3,3204.0
greece,38.5,21.4,3340.0
greece,38.5,21.5,4320.0
greece,38.5,21.6,2073.0
greece,38.5,21.7,1515.0
greece,38.5,21.8,476.0
greece,38.5,21.9,602.0
greece,38.5,22.0,821.0
greece,38.5,22.1,465.0
greece,38.5,22.2,873.0
greece,38.5,22.3,61.0
greece,38.5,22.4,13253.0
greece,38.5,22.5,1553.0
greece,38.5,22.6,2346.0
greece,38.5,22.7,1100.0
greece,38.5,22.8,1284.0
greece,38.5,22.9,169.0
greece,38.5,23.0,5418.0
greece,38.5,23.1,808.0
greece,38.5,23.2,1327.0
greece,38.5,23.3,7.0
greece,38.5,23.4,301.0
greece,38.5,23.7,33025.0
greece,38.5,23.8,844.0
greece,38.5,23.9,324.0
greece,38.5,24.0,659.0
greece,38.5,24.1,3315.0
greece,38.5,24.2,1098.0
greece,38.5,26.0,1722.0
greece,38.5,26.1,3435.0
greece,38.6,21.1,1355.0
greece,38.6,21.2,1462.0
greece,38.6,21.3,3788.0
greece,38.6,21.4,62197.0
greece,38.6,21.5,7165.0
greece,38.6,21.6,2872.0
greece,38.6,21.7,1613.0
greece,38.6,21.8,781.0
greece,38.6,21.9,514.0
greece,38.6,22.0,704.0
greece,38.6,22.1,529.0
greece,38.6,22.2,515.0
greece,38.6,22.3,154.0
greece,38.6,22.4,348.0
greece,38.6,22.5,2019.0
greece,38.6,22.6,2110.0
greece,38.6,22.7,2710.0
greece,38.6,22.8,2155.0
greece,38.6,22.9,579.0
greece,38.6,23.0,721.0
greece,38.6,23.1,1490.0
greece,38.6,23.2,5774.0
greece,38.6,23.3,1327.0
greece,38.6,23.6,4112.0
greece,38.6,23.7,7556.0
greece,38.6,23.8,2181.0
greece,38.6,23.9,489.0
greece,38.6,24.0,407.0
greece,38.6,24.1,8568.0
greece,38.7,20.6,1639.0
greece,38.7,20.7,5426.0
greece,38.7,21.0,3049.0
greece,38.7,21.1,990.0
greece,38.7,21.2,1595.0
greece,38.7,21.3,2642.0
greece,38.7,21.4,2162.0
greece,38.7,21.5,1129.0
greece,38.7,21.6,401.0
greece,38.7,21.7,908.0
greece,38.7,21.8,257.0
greece,38.7,21.9,514.0
greece,38.7,22.0,446.0
greece,38.7,22.1,31.0
greece,38.7,22.2,748.0
greece,38.7,22.3,473.0
greece,38.7,22.4,1478.0
greece,38.7,22.5,623.0
greece,38.7,22.6,343.0
greece,38.7,22.7,988.0
greece,38.7,22.8,2236.0
greece,38.7,22.9,1651.0
greece,38.7,23.0,8118.0
greece,38.7,23.5,1035.0
greece,38.7,23.6,846.0
greece,38.7,23.7,153.0
greece,38.8,20.7,14952.0
greece,38.8,20.8,3765.0
greece,38.8,21.0,1557.0
greece,38.8,21.1,2667.0
greece,38.8,21.2,5176.0
greece,38.8,21.3,95.0
greece,38.8,21.4,571.0
greece,38.8,21.5,444.0
greece,38.8,21.6,699.0
greece,38.8,21.7,560.0
greece,38.8,21.8,423.0
greece,38.8,21.9,424.0
greece,38.8,22.0,814.0
greece,38.8,22.1,1033.0
greece,38.8,22.2,159.0
greece,38.8,22.3,159.0
greece,38.8,22.4,3209.0
greece,38.8,22.5,345.0
greece,38.8,22.6,1078.0
greece,38.8,22.7,6544.0
greece,38.8,23.3,3005.0
greece,38.8,23.4,3032.0
greece,38.8,23.5,2298.0
greece,38.8,24.6,93.0
greece,38.9,20.8,18076.0
greece,38.9,20.9,5361.0
greece,38.9,21.2,3152.0
greece,38.9,21.3,1059.0
greece,38.9,21.4,213.0
greece,38.9,21.5,344.0
greece,38.9,21.6,328.0
greece,38.9,21.7,557.0
greece,38.9,21.8,7009.0
greece,38.9,21.9,1683.0
greece,38.9,22.0,1861.0
greece,38.9,22.1,2758.0
greece,38.9,22.2,2898.0
greece,38.9,22.3,3600.0
greece,38.9,22.4,26456.0
greece,38.9,22.5,30733.0
greece,38.9,22.7,5893.0
greece,38.9,22.8,1958.0
greece,38.9,23.0,6659.0
greece,38.9,23.1,2633.0
greece,38.9,23.2,1064.0
greece,38.9,23.3,820.0
greece,38.9,23.4,1765.0
greece,38.9,24.5,2855.0
greece,39.0,21.2,1404.0
greece,39.0,21.3,1361.0
greece,39.0,21.4,605.0
greece,39.0,21.5,653.0
greece,39.0,21.6,728.0
greece,39.0,21.7,647.0
greece,39.0,21.8,522.0
greece,39.0,21.9,373.0
greece,39.0,22.0,303.0
greece,39.0,22.1,2759.0
greece,39.0,22.2,1441.0
greece,39.0,22.3,477.0
greece,39.0,22.4,438.0
greece,39.0,22.5,241.0
greece,39.0,22.6,471.0
greece,39.0,22.7,0.0
greece,39.0,22.8,665.0
greece,39.0,22.9,3012.0
greece,39.0,23.2,7370.0
greece,39.0,23.3,1099.0
greece,39.1,20.7,8031.0
greece,39.1,20.9,7903.0
greece,39.1,21.0,32776.0
greece,39.1,21.1,2935.0
greece,39.1,21.2,791.0
greece,39.1,21.3,663.0
greece,39.1,21.4,1093.0
greece,39.1,21.5,972.0
greece,39.1,21.6,351.0
greece,39.1,21.7,220.0
greece,39.1,21.8,398.0
greece,39.1,21.9,271.0
greece,39.1,22.0,851.0
greece,39.1,22.1,594.0
greece,39.1,22.2,500.0
greece,39.1,22.3,2851.0
greece,39.1,22.4,1156.0
greece,39.1,22.5,809.0
greece,39.1,22.6,0.0
greece,39.1,22.7,61.0
greece,39.1,22.8,1093.0
greece,39.1,22.9,2093.0
greece,39.1,23.1,1115.0
greece,39.1,23.7,7686.0
greece,39.1,26.2,3372.0
greece,39.1,26.3,1097.0
greece,39.1,26.4,53224.0
greece,39.2,20.6,5017.0
greece,39.2,20.7,292.0
greece,39.2,20.8,4199.0
greece,39.2,20.9,9375.0
greece,39.2,21.0,4456.0
greece,39.2,21.1,1368.0
greece,39.2,21.2,725.0
greece,39.2,21.3,1304.0
greece,39.2,21.4,554.0
greece,39.2,21.5,686.0
greece,39.2,21.6,782.0
greece,39.2,21.7,680.0
greece,39.2,21.8,557.0
greece,39.2,21.9,1062.0
greece,39.2,22.0,1897.0
greece,39.2,22.1,1040.0
greece,39.2,22.2,1114.0
greece,39.2,22.3,1378.0
greece,39.2,22.4,652.0
greece,39.2,22.5,543.0
greece,39.2,22.6,276.0
greece,39.2,22.7,9142.0
greece,39.2,22.8,1775.0
greece,39.2,23.3,8020.0
greece,39.2,25.9,995.0
greece,39.2,26.0,3474.0
greece,39.2,26.1,2320.0
greece,39.2,26.4,4336.0
greece,39.3,20.4,4792.0
greece,39.3,20.5,2151.0
greece,39.3,20.6,1943.0
greece,39.3,20.7,441.0
greece,39.3,20.8,3918.0
greece,39.3,20.9,2228.0
greece,39.3,21.0,762.0
greece,39.3,21.1,699.0
greece,39.3,21.2,1586.0
greece,39.3,21.3,852.0
greece,39.3,21.4,1038.0
greece,39.3,21.5,669.0
greece,39.3,21.6,1098.0
greece,39.3,21.7,2370.0
greece,39.3,21.8,2632.0
greece,39.3,21.9,3807.0
greece,39.3,22.0,16373.0
greece,39.3,22.1,8161.0
greece,39.3,22.2,1273.0
greece,39.3,22.3,1767.0
greece,39.3,22.4,10849.0
greece,39.3,22.5,707.0
greece,39.3,22.6,553.0
greece,39.3,22.7,327.0
greece,39.3,22.8,5276.0
greece,39.3,23.2,4236.0
greece,39.3,26.2,9559.0
greece,39.3,26.3,4511.0
greece,39.4,20.3,9924.0
greece,39.4,20.4,936.0
greece,39.4,20.5,1263.0
greece,39.4,20.6,2031.0
greece,39.4,20.7,1640.0
greece,39.4,20.8,718.0
greece,39.4,20.9,1149.0
greece,39.4,21.0,1033.0
greece,39.4,21.1,1714.0
greece,39.4,21.2,879.0
greece,39.4,21.3,490.0
greece,39.4,21.4,517.0
greece,39.4,21.5,1471.0
greece,39.4,21.6,1786.0
greece,39.4,21.7,4660.0
greece,39.4,21.8,3670.0
greece,39.4,21.9,28404.0
greece,39.4,22.0,4490.0
greece,39.4,22.1,2272.0
greece,39.4,22.2,1088.0
greece,39.4,22.3,1030.0
greece,39.4,22.4,1152.0
greece,39.4,22.5,448.0
greece,39.4,22.6,347.0
greece,39.4,22.7,4549.0
greece,39.4,22.8,1904.0
greece,39.4,22.9,109448.0
greece,39.4,23.0,19601.0
greece,39.4,23.1,9077.0
greece,39.5,19.9,13445.0
greece,39.5,20.3,17016.0
greece,39.5,20.4,539.0
greece,39.5,20.5,3779.0
greece,39.5,20.6,514.0
greece,39.5,20.7,537.0
greece,39.5,20.8,785.0
greece,39.5,20.9,1751.0
greece,39.5,21.0,1186.0
greece,39.5,21.1,2058.0
greece,39.5,21.2,289.0
greece,39.5,21.3,497.0
greece,39.5,21.4,125.0
greece,39.5,21.5,867.0
greece,39.5,21.6,5666.0
greece,39.5,21.7,5849.0
greece,39.5,21.8,6427.0
greece,39.5,21.9,6917.0
greece,39.5,22.0,1831.0
greece,39.5,22.1,6436.0
greece,39.5,22.2,932.0
greece,39.5,22.3,724.0
greece,39.5,22.4,836.0
greece,39.5,22.5,1806.0
greece,39.5,22.6,1572.0
greece,39.5,22.7,2806.0
greece,39.5,22.8,0.0
greece,39.5,22.9,1272.0
greece,39.5,23.0,78.0
greece,39.6,19.8,9166.0
greece,39.6,19.9,45127.0
greece,39.6,20.2,2924.0
greece,39.6,20.3,2709.0
greece,39.6,20.4,824.0
greece,39.6,20.5,806.0
greece,39.6,20.6,639.0
greece,39.6,20.7,497.0
greece,39.6,20.8,6714.0
greece,39.6,20.9,14159.0
greece,39.6,21.0,2934.0
greece,39.6,21.1,950.0
greece,39.6,21.2,320.0
greece,39.6,21.3,145.0
greece,39.6,21.4,188.0
greece,39.6,21.5,797.0
greece,39.6,21.6,3770.0
greece,39.6,21.7,4655.0
greece,39.6,21.8,62078.0
greece,39.6,21.9,2058.0
greece,39.6,22.0,3571.0
greece,39.6,22.1,3783.0
greece,39.6,22.2,1941.0
greece,39.6,22.3,1293.0
greece,39.6,22.4,52839.0
greece,39.6,22.5,9662.0
greece,39.6,22.6,1269.0
greece,39.6,22.7,528.0
greece,39.6,22.8,548.0
greece,39.6,22.9,824.0
greece,39.7,19.7,13840.0
greece,39.7,19.8,13928.0
greece,39.7,20.4,389.0
greece,39.7,20.5,379.0
greece,39.7,20.6,479.0
greece,39.7,20.7,2051.0
greece,39.7,20.8,88036.0
greece,39.7,20.9,8142.0
greece,39.7,21.0,930.0
greece,39.7,21.1,559.0
greece,39.7,21.2,35.0
greece,39.7,21.3,70.0
greece,39.7,21.4,463.0
greece,39.7,21.5,663.0
greece,39.7,21.6,9696.0
greece,39.7,21.7,2088.0
greece,39.7,21.8,254.0
greece,39.7,21.9,94.0
greece,39.7,22.0,616.0
greece,39.7,22.1,2210.0
greece,39.7,22.2,1393.0
greece,39.7,22.3,5106.0
greece,39.7,22.4,111923.0
greece,39.7,22.5,765.0
greece,39.7,22.6,1561.0
greece,39.7,22.7,3571.0
greece,39.7,22.8,3660.0
greece,39.8,20.5,112.0
greece,39.8,20.6,1339.0
greece,39.8,20.7,2530.0
greece,39.8,20.8,1253.0
greece,39.8,20.9,262.0
greece,39.8,21.0,592.0
greece,39.8,21.1,1101.0
greece,39.8,21.2,3172.0
greece,39.8,21.3,447.0
greece,39.8,21.4,247.0
greece,39.8,21.5,763.0
greece,39.8,21.6,920.0
greece,39.8,21.7,736.0
greece,39.8,21.8,283.0
greece,39.8,21.9,287.0
greece,39.8,22.0,1761.0
greece,39.8,22.1,1709.0
greece,39.8,22.2,249.0
greece,39.8,22.3,8448.0
greece,39.8,22.4,641.0
greece,39.8,22.5,2156.0
greece,39.8,22.6,3235.0
greece,39.8,22.7,183.0
greece,39.8,22.8,667.0
greece,39.9,20.5,980.0
greece,39.9,20.6,1961.0
greece,39.9,20.7,560.0
greece,39.9,20.8,603.0
greece,39.9,20.9,61.0
greece,39.9,21.0,176.0
greece,39.9,21.1,8.0
greece,39.9,21.2,24.0
greece,39.9,21.3,250.0
greece,39.9,21.4,3.0
greece,39.9,21.5,369.0
greece,39.9,21.6,1140.0
greece,39.9,21.7,157.0
greece,39.9,21.8,3449.0
greece,39.9,21.9,1488.0
greece,39.9,22.0,31.0
greece,39.9,22.1,713.0
greece,39.9,22.2,9689.0
greece,39.9,22.3,205.0
greece,39.9,22.4,0.0
greece,39.9,22.5,2322.0
greece,39.9,22.6,2424.0
greece,39.9,22.7,1246.0
greece,39.9,25.1,9901.0
greece,39.9,25.2,4629.0
greece,40.0,20.5,1025.0
greece,40.0,20.6,686.0
greece,40.0,20.7,2836.0
greece,40.0,20.8,376.0
greece,40.0,20.9,251.0
greece,40.0,21.0,150.0
greece,40.0,21.1,539.0
greece,40.0,21.2,113.0
greece,40.0,21.3,526.0
greece,40.0,21.4,576.0
greece,40.0,21.5,378.0
greece,40.0,21.6,157.0
greece,40.0,21.7,697.0
greece,40.0,21.8,931.0
greece,40.0,21.9,0.0
greece,40.0,22.0,1538.0
greece,40.0,22.1,1400.0
greece,40.0,22.2,1723.0
greece,40.0,22.3,532.0
greece,40.0,22.4,534.0
greece,40.0,22.5,1032.0
greece,40.0,22.6,7637.0
greece,40.0,23.4,8786.0
greece,40.0,23.5,7818.0
greece,40.0,23.9,2268.0
greece,40.0,25.1,351.0
greece,40.0,25.4,2680.0
greece,40.1,20.7,74.0
greece,40.1,20.8,192.0
greece,40.1,20.9,78.0
greece,40.1,21.0,331.0
greece,40.1,21.1,26.0
greece,40.1,21.2,183.0
greece,40.1,21.3,872.0
greece,40.1,21.4,13640.0
greece,40.1,21.5,475.0
greece,40.1,21.6,349.0
greece,40.1,21.7,554.0
greece,40.1,21.8,380.0
greece,40.1,21.9,690.0
greece,40.1,22.0,707.0
greece,40.1,22.1,536.0
greece,40.1,22.2,2629.0
greece,40.1,22.3,139.0
greece,40.1,22.4,0.0
greece,40.1,22.5,7119.0
greece,40.1,23.8,3063.0
greece,40.1,23.9,1033.0
greece,40.2,20.8,158.0
greece,40.2,20.9,666.0
greece,40.2,21.0,84.0
greece,40.2,21.1,207.0
greece,40.2,21.2,525.0
greece,40.2,21.3,2107.0
greece,40.2,21.4,386.0
greece,40.2,21.5,976.0
greece,40.2,21.6,256.0
greece,40.2,21.7,296.0
greece,40.2,21.8,6306.0
greece,40.2,21.9,1420.0
greece,40.2,22.0,4180.0
greece,40.2,22.1,3616.0
greece,40.2,22.2,104.0
greece,40.2,22.3,447.0
greece,40.2,22.4,2981.0
greece,40.2,22.5,7062.0
greece,40.2,23.7,4801.0
greece,40.2,24.3,718.0
greece,40.3,20.8,289.0
greece,40.3,20.9,41.0
greece,40.3,21.0,242.0
greece,40.3,21.1,199.0
greece,40.3,21.2,331.0
greece,40.3,21.3,302.0
greece,40.3,21.4,2447.0
greece,40.3,21.5,7113.0
greece,40.3,21.6,257.0
greece,40.3,21.7,1985.0
greece,40.3,21.8,50474.0
greece,40.3,21.9,1860.0
greece,40.3,22.0,258.0
greece,40.3,22.1,125.0
greece,40.3,22.2,189.0
greece,40.3,22.3,2431.0
greece,40.3,22.4,3945.0
greece,40.3,22.5,64712.0
greece,40.3,22.6,8383.0
greece,40.3,23.2,8404.0
greece,40.3,23.3,15053.0
greece,40.3,23.4,2387.0
greece,40.3,23.5,467.0
greece,40.3,23.6,4615.0
greece,40.3,24.1,872.0
greece,40.3,24.2,945.0
greece,40.4,20.9,7.0
greece,40.4,21.0,46.0
greece,40.4,21.1,1535.0
greece,40.4,21.2,390.0
greece,40.4,21.3,6768.0
greece,40.4,21.4,831.0
greece,40.4,21.5,1032.0
greece,40.4,21.6,0.0
greece,40.4,21.7,658.0
greece,40.4,21.8,1747.0
greece,40.4,21.9,1771.0
greece,40.4,22.0,994.0
greece,40.4,22.1,390.0
greece,40.4,22.2,1105.0
greece,40.4,22.3,15.0
greece,40.4,22.4,1145.0
greece,40.4,22.5,698.0
greece,40.4,22.6,3846.0
greece,40.4,23.1,10910.0
greece,40.4,23.2,706.0
greece,40.4,23.3,1985.0
greece,40.4,23.4,518.0
greece,40.4,23.5,7939.0
greece,40.4,23.6,843.0
greece,40.4,23.7,2038.0
greece,40.4,23.8,5388.0
greece,40.5,21.0,108.0
greece,40.5,21.1,937.0
greece,40.5,21.2,7382.0
greece,40.5,21.3,22034.0
greece,40.5,21.4,1533.0
greece,40.5,21.5,1870.0
greece,40.5,21.6,2867.0
greece,40.5,21.7,32426.0
greece,40.5,21.8,840.0
greece,40.5,21.9,299.0
greece,40.5,22.0,9.0
greece,40.5,22.1,182.0
greece,40.5,22.2,42173.0
greece,40.5,22.3,3722.0
greece,40.5,22.4,3757.0
greece,40.5,22.5,6822.0
greece,40.5,22.6,1952.0
greece,40.5,23.0,79352.0
greece,40.5,23.1,14566.0
greece,40.5,23.2,1001.0
greece,40.5,23.3,3050.0
greece,40.5,23.4,2304.0
greece,40.5,23.5,295.0
greece,40.5,23.6,3071.0
greece,40.5,23.7,2321.0
greece,40.5,23.8,1622.0
greece,40.6,21.1,142.0
greece,40.6,21.2,569.0
greece,40.6,21.3,1527.0
greece,40.6,21.4,660.0
greece,40.6,21.5,1592.0
greece,40.6,21.6,1477.0
greece,40.6,21.7,2980.0
greece,40.6,21.8,2176.0
greece,40.6,21.9,23.0
greece,40.6,22.0,260.0
greece,40.6,22.1,19772.0
greece,40.6,22.2,15437.0
greece,40.6,22.3,2210.0
greece,40.6,22.4,20297.0
greece,40.6,22.5,7588.0
greece,40.6,22.6,1950.0
greece,40.6,22.7,12090.0
greece,40.6,22.8,1507.0
greece,40.6,23.0,486660.0
greece,40.6,23.1,4563.0
greece,40.6,23.2,2451.0
greece,40.6,23.3,3578.0
greece,40.6,23.4,2160.0
greece,40.6,23.5,643.0
greece,40.6,23.6,1788.0
greece,40.6,23.7,5381.0
greece,40.7,21.1,39.0
greece,40.7,21.2,146.0
greece,40.7,21.3,107.0
greece,40.7,21.4,1132.0
greece,40.7,21.5,1279.0
greece,40.7,21.6,1438.0
greece,40.7,21.7,6413.0
greece,40.7,21.8,1572.0
greece,40.7,21.9,166.0
greece,40.7,22.0,669.0
greece,40.7,22.1,6908.0
greece,40.7,22.2,6605.0
greece,40.7,22.3,7212.0
greece,40.7,22.4,2051.0
greece,40.7,22.5,1649.0
greece,40.7,22.6,7365.0
greece,40.7,22.7,10115.0
greece,40.7,22.8,10162.0
greece,40.7,22.9,339967.0
greece,40.7,23.0,46323.0
greece,40.7,23.1,1089.0
greece,40.7,23.2,1077.0
greece,40.7,23.3,2042.0
greece,40.7,23.4,689.0
greece,40.7,23.5,889.0
greece,40.7,23.6,1645.0
greece,40.7,24.6,6948.0
greece,40.7,24.7,4322.0
greece,40.8,21.1,110.0
greece,40.8,21.2,407.0
greece,40.8,21.3,296.0
greece,40.8,21.4,18914.0
greece,40.8,21.5,3589.0
greece,40.8,21.6,1431.0
greece,40.8,21.7,565.0
greece,40.8,21.8,1615.0
greece,40.8,21.9,956.0
greece,40.8,22.0,20133.0
greece,40.8,22.1,2391.0
greece,40.8,22.2,11769.0
greece,40.8,22.3,9674.0
greece,40.8,22.4,30067.0
greece,40.8,22.5,4081.0
greece,40.8,22.6,10590.0
greece,40.8,22.7,4010.0
greece,40.8,22.8,4131.0
greece,40.8,22.9,8063.0
greece,40.8,23.0,3524.0
greece,40.8,23.1,13761.0
greece,40.8,23.2,850.0
greece,40.8,23.3,984.0
greece,40.8,23.4,3088.0
greece,40.8,23.5,650.0
greece,40.8,23.6,365.0
greece,40.8,23.7,4292.0
greece,40.8,23.8,817.0
greece,40.8,23.9,2351.0
greece,40.8,24.0,2746.0
greece,40.8,24.1,1311.0
greece,40.8,24.2,2925.0
greece,40.8,26.1,0.0
greece,40.9,21.5,304.0
greece,40.9,21.8,487.0
greece,40.9,21.9,1593.0
greece,40.9,22.0,2469.0
greece,40.9,22.1,2191.0
greece,40.9,22.2,1279.0
greece,40.9,22.3,1483.0
greece,40.9,22.4,4228.0
greece,40.9,22.5,1274.0
greece,40.9,22.6,4217.0
greece,40.9,22.7,1655.0
greece,40.9,22.8,1277.0
greece,40.9,22.9,2929.0
greece,40.9,23.0,2079.0
greece,40.9,23.1,727.0
greece,40.9,23.2,976.0
greece,40.9,23.3,28.0
greece,40.9,23.4,1006.0
greece,40.9,23.5,7671.0
greece,40.9,23.6,2344.0
greece,40.9,23.7,3059.0
greece,40.9,23.8,124.0
greece,40.9,23.9,3027.0
greece,40.9,24.0,3356.0
greece,40.9,24.1,1163.0
greece,40.9,24.2,7995.0
greece,40.9,24.3,8083.0
greece,40.9,24.7,8293.0
greece,40.9,25.6,2018.0
greece,40.9,25.7,1620.0
greece,40.9,25.8,41854.0
greece,40.9,25.9,18835.0
greece,40.9,26.0,2391.0
greece,40.9,26.1,531.0
greece,40.9,26.2,4374.0
greece,41.0,21.9,340.0
greece,41.0,22.0,5348.0
greece,41.0,22.1,11623.0
greece,41.0,22.2,662.0
greece,41.0,22.3,124.0
greece,41.0,22.4,358.0
greece,41.0,22.5,1206.0
greece,41.0,22.6,11773.0
greece,41.0,22.7,1224.0
greece,41.0,22.8,1579.0
greece,41.0,22.9,24994.0
greece,41.0,23.0,498.0
greece,41.0,23.1,301.0
greece,41.0,23.2,691.0
greece,41.0,23.3,1935.0
greece,41.0,23.4,1395.0
greece,41.0,23.5,4288.0
greece,41.0,23.6,2091.0
greece,41.0,23.7,3421.0
greece,41.0,23.8,3395.0
greece,41.0,23.9,597.0
greece,41.0,24.0,3185.0
greece,41.0,24.1,2546.0
greece,41.0,24.2,1699.0
greece,41.0,24.3,7893.0
greece,41.0,24.4,57713.0
greece,41.0,24.5,2322.0
greece,41.0,24.6,2218.0
greece,41.0,24.7,10503.0
greece,41.0,24.8,6311.0
greece,41.0,24.9,2339.0
greece,41.0,25.0,2135.0
greece,41.0,25.2,2152.0
greece,41.0,25.3,935.0
greece,41.0,25.4,1183.0
greece,41.0,25.5,3713.0
greece,41.0,25.6,780.0
greece,41.0,25.7,3545.0
greece,41.0,25.8,83.0
greece,41.0,25.9,0.0
greece,41.0,26.0,185.0
greece,41.0,26.1,4.0
greece,41.0,26.2,862.0
greece,41.0,26.3,746.0
greece,41.1,22.0,0.0
greece,41.1,22.1,0.0
greece,41.1,22.2,1080.0
greece,41.1,22.3,964.0
greece,41.1,22.4,98.0
greece,41.1,22.5,267.0
greece,41.1,22.6,465.0
greece,41.1,22.7,404.0
greece,41.1,22.8,1335.0
greece,41.1,22.9,1426.0
greece,41.1,23.0,560.0
greece,41.1,23.1,251.0
greece,41.1,23.2,709.0
greece,41.1,23.3,2396.0
greece,41.1,23.4,4592.0
greece,41.1,23.5,10227.0
greece,41.1,23.6,56846.0
greece,41.1,23.7,3273.0
greece,41.1,23.8,359.0
greece,41.1,23.9,1331.0
greece,41.1,24.0,2738.0
greece,41.1,24.1,4126.0
greece,41.1,24.2,10953.0
greece,41.1,24.3,3724.0
greece,41.1,24.4,82.0
greece,41.1,24.5,512.0
greece,41.1,24.6,123.0
greece,41.1,24.7,29.0
greece,41.1,24.8,3397.0
greece,41.1,24.9,71051.0
greece,41.1,25.0,5213.0
greece,41.1,25.1,4212.0
greece,41.1,25.2,3427.0
greece,41.1,25.3,2985.0
greece,41.1,25.4,56162.0
greece,41.1,25.5,3599.0
greece,41.1,25.6,5028.0
greece,41.1,25.7,4835.0
greece,41.1,25.8,1072.0
greece,41.1,25.9,37.0
greece,41.1,26.0,0.0
greece,41.1,26.1,0.0
greece,41.1,26.2,407.0
greece,41.2,22.8,302.0
greece,41.2,22.9,960.0
greece,41.2,23.0,485.0
greece,41.2,23.1,780.0
greece,41.2,23.2,2558.0
greece,41.2,23.3,7751.0
greece,41.2,23.4,6895.0
greece,41.2,23.5,0.0
greece,41.2,23.6,679.0
greece,41.2,23.7,0.0
greece,41.2,23.8,641.0
greece,41.2,23.9,1031.0
greece,41.2,24.0,4619.0
greece,41.2,24.1,12184.0
greece,41.2,24.2,34811.0
greece,41.2,24.3,269.0
greece,41.2,24.4,708.0
greece,41.2,24.5,92.0
greece,41.2,24.6,345.0
greece,41.2,24.7,1066.0
greece,41.2,24.8,678.0
greece,41.2,24.9,3631.0
greece,41.2,25.0,2609.0
greece,41.2,25.1,9.0
greece,41.2,25.2,4.0
greece,41.2,25.3,1890.0
greece,41.2,25.4,4160.0
greece,41.2,25.5,532.0
greece,41.2,25.6,1000.0
greece,41.2,25.7,958.0
greece,41.2,25.8,674.0
greece,41.2,25.9,536.0
greece,41.2,26.0,882.0
greece,41.2,26.1,3.0
greece,41.2,26.2,119.0
greece,41.2,26.3,0.0
greece,41.3,22.9,1319.0
greece,41.3,23.0,2005.0
greece,41.3,23.1,773.0
greece,41.3,23.3,2831.0
greece,41.3,23.4,1185.0
greece,41.3,23.5,642.0
greece,41.3,23.6,62.0
greece,41.3,23.7,219.0
greece,41.3,23.8,3151.0
greece,41.3,23.9,0.0
greece,41.3,24.0,868.0
greece,41.3,24.1,0.0
greece,41.3,24.2,53.0
greece,41.3,24.3,13.0
greece,41.3,24.4,45.0
greece,41.3,24.5,826.0
greece,41.3,24.6,19.0
greece,41.3,24.7,138.0
greece,41.3,24.8,293.0
greece,41.3,24.9,3771.0
greece,41.3,25.0,2336.0
greece,41.3,25.1,0.0
greece,41.3,25.6,0.0
greece,41.3,25.8,371.0
greece,41.3,25.9,74.0
greece,41.3,26.0,462.0
greece,41.3,26.1,439.0
greece,41.3,26.2,192.0
greece,41.3,26.3,839.0
greece,41.4,23.7,259.0
greece,41.4,23.9,107.0
greece,41.4,24.0,182.0
greece,41.4,24.1,186.0
greece,41.4,24.2,225.0
greece,41.4,24.3,52.0
greece,41.4,24.4,0.0
greece,41.4,24.5,14.0
greece,41.4,24.6,32.0
greece,41.4,24.7,0.0
greece,41.4,26.2,0.0
greece,41.4,26.3,849.0
greece,41.4,26.4,1441.0
greece,41.4,26.5,1880.0
greece,41.5,24.2,0.0
greece,41.5,24.3,0.0
greece,41.5,24.4,0.0
greece,41.5,24.5,0.0
greece,41.5,26.3,1155.0
greece,41.5,26.4,1377.0
greece,41.5,26.5,19698.0
greece,41.6,26.2,356.0
greece,41.6,26.3,1337.0
greece,41.6,26.4,1966.0
greece,41.6,26.5,2105.0
greece,41.7,26.2,111.0
bulgaria,41.3,25.3,1789.0
bulgaria,41.3,25.4,2466.0
bulgaria,41.4,23.1,6856.0
bulgaria,41.4,23.2,7604.0
bulgaria,41.4,23.4,432.0
bulgaria,41.4,25.0,2092.0
bulgaria,41.4,25.1,2316.0
bulgaria,41.4,25.2,4123.0
bulgaria,41.4,25.3,5229.0
bulgaria,41.4,25.4,4495.0
bulgaria,41.4,25.5,1200.0
bulgaria,41.4,25.6,2164.0
bulgaria,41.4,25.7,1271.0
bulgaria,41.4,25.8,171.0
bulgaria,41.4,25.9,191.0
bulgaria,41.4,26.0,99.0
bulgaria,41.4,26.1,1.0
bulgaria,41.5,23.0,48.0
bulgaria,41.5,23.1,33.0
bulgaria,41.5,23.2,3634.0
bulgaria,41.5,23.3,6892.0
bulgaria,41.5,23.4,409.0
bulgaria,41.5,23.5,288.0
bulgaria,41.5,23.6,0.0
bulgaria,41.5,23.7,586.0
bulgaria,41.5,23.8,5275.0
bulgaria,41.5,24.0,5861.0
bulgaria,41.5,24.6,150.0
bulgaria,41.5,24.7,1975.0
bulgaria,41.5,24.8,3691.0
bulgaria,41.5,24.9,8950.0
bulgaria,41.5,25.0,4755.0
bulgaria,41.5,25.1,3512.0
bulgaria,41.5,25.2,2590.0
bulgaria,41.5,25.3,4622.0
bulgaria,41.5,25.4,9333.0
bulgaria,41.5,25.5,2416.0
bulgaria,41.5,25.6,7650.0
bulgaria,41.5,25.7,1692.0
bulgaria,41.5,25.8,625.0
bulgaria,41.5,25.9,167.0
bulgaria,41.5,26.0,501.0
bulgaria,41.5,26.1,365.0
bulgaria,41.6,23.1,506.0
bulgaria,41.6,23.2,4305.0
bulgaria,41.6,23.3,26801.0
bulgaria,41.6,23.4,95.0
bulgaria,41.6,23.5,25.0
bulgaria,41.6,23.6,108.0
bulgaria,41.6,23.7,22521.0
bulgaria,41.6,23.8,8855.0
bulgaria,41.6,23.9,1728.0
bulgaria,41.6,24.0,5706.0
bulgaria,41.6,24.1,1077.0
bulgaria,41.6,24.2,2940.0
bulgaria,41.6,24.3,951.0
bulgaria,41.6,24.4,4.0
bulgaria,41.6,24.5,13.0
bulgaria,41.6,24.6,269.0
bulgaria,41.6,24.7,15803.0
bulgaria,41.6,24.8,10752.0
bulgaria,41.6,24.9,2106.0
bulgaria,41.6,25.0,2078.0
bulgaria,41.6,25.1,5233.0
bulgaria,41.6,25.2,2825.0
bulgaria,41.6,25.3,1351.0
bulgaria,41.6,25.4,29301.0
bulgaria,41.6,25.5,1380.0
bulgaria,41.6,25.6,446.0
bulgaria,41.6,25.7,1092.0
bulgaria,41.6,25.8,1297.0
bulgaria,41.6,25.9,536.0
bulgaria,41.6,26.0,110.0
bulgaria,41.7,23.1,3104.0
bulgaria,41.7,23.2,1750.0
bulgaria,41.7,23.3,0.0
bulgaria,41.7,23.4,0.0
bulgaria,41.7,23.5,8.0
bulgaria,41.7,23.6,116.0
bulgaria,41.7,23.7,4758.0
bulgaria,41.7,23.8,3826.0
bulgaria,41.7,23.9,783.0
bulgaria,41.7,24.0,2826.0
bulgaria,41.7,24.1,569.0
bulgaria,41.7,24.2,2026.0
bulgaria,41.7,24.3,1730.0
bulgaria,41.7,24.4,2873.0
bulgaria,41.7,24.5,564.0
bulgaria,41.7,24.6,368.0
bulgaria,41.7,24.7,4403.0
bulgaria,41.7,24.8,1724.0
bulgaria,41.7,24.9,264.0
bulgaria,41.7,25.0,966.0
bulgaria,41.7,25.1,983.0
bulgaria,41.7,25.2,367.0
bulgaria,41.7,25.3,4960.0
bulgaria,41.7,25.4,20765.0
bulgaria,41.7,25.5,3715.0
bulgaria,41.7,25.6,2112.0
bulgaria,41.7,25.7,1487.0
bulgaria,41.7,25.8,893.0
bulgaria,41.7,25.9,276.0
bulgaria,41.7,26.0,405.0
bulgaria,41.8,23.0,24.0
bulgaria,41.8,23.1,4080.0
bulgaria,41.8,23.2,715.0
bulgaria,41.8,23.3,5.0
bulgaria,41.8,23.4,0.0
bulgaria,41.8,23.5,9971.0
bulgaria,41.8,23.6,1735.0
bulgaria,41.8,23.7,854.0
bulgaria,41.8,23.8,667.0
bulgaria,41.8,23.9,665.0
bulgaria,41.8,24.0,14.0
bulgaria,41.8,24.1,1.0
bulgaria,41.8,24.2,0.0
bulgaria,41.8,24.3,0.0
bulgaria,41.8,24.4,4357.0
bulgaria,41.8,24.5,766.0
bulgaria,41.8,24.6,280.0
bulgaria,41.8,24.7,207.0
bulgaria,41.8,24.8,1808.0
bulgaria,41.8,24.9,225.0
bulgaria,41.8,25.0,17.0
bulgaria,41.8,25.1,295.0
bulgaria,41.8,25.2,1630.0
bulgaria,41.8,25.3,2560.0
bulgaria,41.8,25.4,4369.0
bulgaria,41.8,25.5,2751.0
bulgaria,41.8,25.6,2035.0
bulgaria,41.8,25.7,2305.0
bulgaria,41.8,25.8,1640.0
bulgaria,41.8,25.9,480.0
bulgaria,41.8,26.0,2460.0
bulgaria,41.8,26.1,3721.0
bulgaria,41.8,26.2,448.0
bulgaria,41.8,26.3,215.0
bulgaria,41.9,23.0,349.0
bulgaria,41.9,23.1,7132.0
bulgaria,41.9,23.2,755.0
bulgaria,41.9,23.3,5.0
bulgaria,41.9,23.4,1720.0
bulgaria,41.9,23.5,15465.0
bulgaria,41.9,23.6,5585.0
bulgaria,41.9,23.7,452.0
bulgaria,41.9,23.8,217.0
bulgaria,41.9,23.9,13.0
bulgaria,41.9,24.0,1.0
bulgaria,41.9,24.1,0.0
bulgaria,41.9,24.2,2556.0
bulgaria,41.9,24.3,1932.0
bulgaria,41.9,24.4,411.0
bulgaria,41.9,24.5,230.0
bulgaria,41.9,24.6,281.0
bulgaria,41.9,24.7,947.0
bulgaria,41.9,24.8,675.0
bulgaria,41.9,24.9,75.0
bulgaria,41.9,25.0,2618.0
bulgaria,41.9,25.1,1794.0
bulgaria,41.9,25.2,101.0
bulgaria,41.9,25.3,3923.0
bulgaria,41.9,25.4,1134.0
bulgaria,41.9,25.5,9206.0
bulgaria,41.9,25.6,46508.0
bulgaria,41.9,25.7,961.0
bulgaria,41.9,25.8,595.0
bulgaria,41.9,25.9,15303.0
bulgaria,41.9,26.0,2654.0
bulgaria,41.9,26.1,2558.0
bulgaria,41.9,26.2,1054.0
bulgaria,41.9,26.3,450.0
bulgaria,41.9,26.4,461.0
bulgaria,41.9,26.5,561.0
bulgaria,42.0,22.9,48.0
bulgaria,42.0,23.0,2075.0
bulgaria,42.0,23.1,65693.0
bulgaria,42.0,23.2,106.0
bulgaria,42.0,23.3,1439.0
bulgaria,42.0,23.4,0.0
bulgaria,42.0,23.5,534.0
bulgaria,42.0,23.6,5817.0
bulgaria,42.0,23.7,5968.0
bulgaria,42.0,23.8,5636.0
bulgaria,42.0,23.9,3768.0
bulgaria,42.0,24.0,23417.0
bulgaria,42.0,24.1,13413.0
bulgaria,42.0,24.2,133.0
bulgaria,42.0,24.3,13087.0
bulgaria,42.0,24.4,6371.0
bulgaria,42.0,24.5,4864.0
bulgaria,42.0,24.6,913.0
bulgaria,42.0,24.7,1271.0
bulgaria,42.0,24.8,5823.0
bulgaria,42.0,24.9,51707.0
bulgaria,42.0,25.0,3385.0
bulgaria,42.0,25.1,1593.0
bulgaria,42.0,25.2,1779.0
bulgaria,42.0,25.3,1661.0
bulgaria,42.0,25.4,1553.0
bulgaria,42.0,25.5,21321.0
bulgaria,42.0,25.6,21844.0
bulgaria,42.0,25.7,4045.0
bulgaria,42.0,25.8,1789.0
bulgaria,42.0,25.9,5732.0
bulgaria,42.0,26.0,182.0
bulgaria,42.0,26.1,869.0
bulgaria,42.0,26.2,280.0
bulgaria,42.0,26.3,25.0
bulgaria,42.0,26.4,295.0
bulgaria,42.0,26.5,1093.0
bulgaria,42.0,26.7,8.0
bulgaria,42.0,26.8,10.0
bulgaria,42.0,27.5,64.0
bulgaria,42.0,27.6,1.0
bulgaria,42.0,27.8,124.0
bulgaria,42.0,27.9,0.0
bulgaria,42.1,22.7,12.0
bulgaria,42.1,22.8,25.0
bulgaria,42.1,22.9,96.0
bulgaria,42.1,23.0,3974.0
bulgaria,42.1,23.1,3262.0
bulgaria,42.1,23.2,274.0
bulgaria,42.1,23.3,4.0
bulgaria,42.1,23.4,16.0
bulgaria,42.1,23.5,0.0
bulgaria,42.1,23.6,16.0
bulgaria,42.1,23.7,6.0
bulgaria,42.1,23.8,218.0
bulgaria,42.1,23.9,37.0
bulgaria,42.1,24.0,1545.0
bulgaria,42.1,24.1,66.0
bulgaria,42.1,24.2,2051.0
bulgaria,42.1,24.3,6747.0
bulgaria,42.1,24.4,5905.0
bulgaria,42.1,24.5,10000.0
bulgaria,42.1,24.6,13837.0
bulgaria,42.1,24.7,89205.0
bulgaria,42.1,24.8,115321.0
bulgaria,42.1,24.9,4390.0
bulgaria,42.1,25.0,4978.0
bulgaria,42.1,25.1,3135.0
bulgaria,42.1,25.2,8470.0
bulgaria,42.1,25.3,6754.0
bulgaria,42.1,25.4,2434.0
bulgaria,42.1,25.5,3042.0
bulgaria,42.1,25.6,7040.0
bulgaria,42.1,25.7,942.0
bulgaria,42.1,25.8,407.0
bulgaria,42.1,25.9,8799.0
bulgaria,42.1,26.0,872.0
bulgaria,42.1,26.1,1061.0
bulgaria,42.1,26.2,843.0
bulgaria,42.1,26.3,777.0
bulgaria,42.1,26.4,4495.0
bulgaria,42.1,26.5,717.0
bulgaria,42.1,26.6,863.0
bulgaria,42.1,26.7,286.0
bulgaria,42.1,26.8,407.0
bulgaria,42.1,26.9,595.0
bulgaria,42.1,27.0,215.0
bulgaria,42.1,27.2,31.0
bulgaria,42.1,27.4,442.0
bulgaria,42.1,27.5,3.0
bulgaria,42.1,27.6,111.0
bulgaria,42.1,27.7,258.0
bulgaria,42.1,27.8,241.0
bulgaria,42.1,27.9,4992.0
bulgaria,42.2,22.5,180.0
bulgaria,42.2,22.6,33.0
bulgaria,42.2,22.7,73.0
bulgaria,42.2,22.8,331.0
bulgaria,42.2,22.9,792.0
bulgaria,42.2,23.0,174.0
bulgaria,42.2,23.1,2491.0
bulgaria,42.2,23.2,1296.0
bulgaria,42.2,23.3,0.0
bulgaria,42.2,23.4,4.0
bulgaria,42.2,23.5,0.0
bulgaria,42.2,23.6,7.0
bulgaria,42.2,23.7,0.0
bulgaria,42.2,23.8,0.0
bulgaria,42.2,23.9,1328.0
bulgaria,42.2,24.0,2989.0
bulgaria,42.2,24.1,12341.0
bulgaria,42.2,24.2,10943.0
bulgaria,42.2,24.3,61092.0
bulgaria,42.2,24.4,7273.0
bulgaria,42.2,24.5,13060.0
bulgaria,42.2,24.6,4353.0
bulgaria,42.2,24.7,52280.0
bulgaria,42.2,24.8,96104.0
bulgaria,42.2,24.9,4671.0
bulgaria,42.2,25.0,9047.0
bulgaria,42.2,25.1,2183.0
bulgaria,42.2,25.2,4031.0
bulgaria,42.2,25.3,13145.0
bulgaria,42.2,25.4,1491.0
bulgaria,42.2,25.5,1138.0
bulgaria,42.2,25.6,888.0
bulgaria,42.2,25.7,1092.0
bulgaria,42.2,25.8,640.0
bulgaria,42.2,25.9,456.0
bulgaria,42.2,26.0,307.0
bulgaria,42.2,26.1,625.0
bulgaria,42.2,26.2,142.0
bulgaria,42.2,26.3,941.0
bulgaria,42.2,26.4,725.0
bulgaria,42.2,26.5,608.0
bulgaria,42.2,26.6,9351.0
bulgaria,42.2,26.7,690.0
bulgaria,42.2,26.8,1615.0
bulgaria,42.2,26.9,241.0
bulgaria,42.2,27.0,86.0
bulgaria,42.2,27.1,324.0
bulgaria,42.2,27.2,53.0
bulgaria,42.2,27.3,77.0
bulgaria,42.2,27.4,302.0
bulgaria,42.2,27.5,0.0
bulgaria,42.2,27.6,22.0
bulgaria,42.2,27.7,132.0
bulgaria,42.2,27.8,5230.0
bulgaria,42.3,22.5,61.0
bulgaria,42.3,22.6,13609.0
bulgaria,42.3,22.7,29411.0
bulgaria,42.3,22.8,4415.0
bulgaria,42.3,22.9,139.0
bulgaria,42.3,23.0,1605.0
bulgaria,42.3,23.1,33261.0
bulgaria,42.3,23.2,3570.0
bulgaria,42.3,23.3,4850.0
bulgaria,42.3,23.4,619.0
bulgaria,42.3,23.5,11265.0
bulgaria,42.3,23.6,16481.0
bulgaria,42.3,23.7,1608.0
bulgaria,42.3,23.8,9920.0
bulgaria,42.3,23.9,5258.0
bulgaria,42.3,24.0,355.0
bulgaria,42.3,24.1,4904.0
bulgaria,42.3,24.2,2748.0
bulgaria,42.3,24.3,2820.0
bulgaria,42.3,24.4,3745.0
bulgaria,42.3,24.5,934.0
bulgaria,42.3,24.6,5084.0
bulgaria,42.3,24.7,4648.0
bulgaria,42.3,24.8,6670.0
bulgaria,42.3,24.9,12693.0
bulgaria,42.3,25.0,5385.0
bulgaria,42.3,25.1,3307.0
bulgaria,42.3,25.2,1044.0
bulgaria,42.3,25.3,515.0
bulgaria,42.3,25.4,1703.0
bulgaria,42.3,25.5,848.0
bulgaria,42.3,25.6,1837.0
bulgaria,42.3,25.7,2872.0
bulgaria,42.3,25.8,657.0
bulgaria,42.3,25.9,11767.0
bulgaria,42.3,26.0,569.0
bulgaria,42.3,26.1,1008.0
bulgaria,42.3,26.2,898.0
bulgaria,42.3,26.3,258.0
bulgaria,42.3,26.4,1138.0
bulgaria,42.3,26.5,698.0
bulgaria,42.3,26.6,1300.0
bulgaria,42.3,26.7,361.0
bulgaria,42.3,26.8,129.0
bulgaria,42.3,26.9,201.0
bulgaria,42.3,27.0,105.0
bulgaria,42.3,27.1,76.0
bulgaria,42.3,27.2,7661.0
bulgaria,42.3,27.3,0.0
bulgaria,42.3,27.4,1180.0
bulgaria,42.3,27.5,1558.0
bulgaria,42.3,27.6,1037.0
bulgaria,42.3,27.7,1848.0
bulgaria,42.4,22.6,112.0
bulgaria,42.4,22.7,1541.0
bulgaria,42.4,22.8,70.0
bulgaria,42.4,22.9,858.0
bulgaria,42.4,23.0,5545.0
bulgaria,42.4,23.1,992.0
bulgaria,42.4,23.2,1000.0
bulgaria,42.4,23.3,1.0
bulgaria,42.4,23.4,823.0
bulgaria,42.4,23.5,2155.0
bulgaria,42.4,23.6,176.0
bulgaria,42.4,23.7,1056.0
bulgaria,42.4,23.8,10088.0
bulgaria,42.4,23.9,3655.0
bulgaria,42.4,24.0,495.0
bulgaria,42.4,24.1,1136.0
bulgaria,42.4,24.2,1879.0
bulgaria,42.4,24.3,2571.0
bulgaria,42.4,24.4,767.0
bulgaria,42.4,24.5,537.0
bulgaria,42.4,24.6,633.0
bulgaria,42.4,24.7,3431.0
bulgaria,42.4,24.8,2035.0
bulgaria,42.4,24.9,430.0
bulgaria,42.4,25.0,1070.0
bulgaria,42.4,25.1,479.0
bulgaria,42.4,25.2,291.0
bulgaria,42.4,25.3,379.0
bulgaria,42.4,25.4,99.0
bulgaria,42.4,25.5,1860.0
bulgaria,42.4,25.6,57180.0
bulgaria,42.4,25.7,59839.0
bulgaria,42.4,25.8,3284.0
bulgaria,42.4,25.9,1565.0
bulgaria,42.4,26.0,1188.0
bulgaria,42.4,26.1,1055.0
bulgaria,42.4,26.2,471.0
bulgaria,42.4,26.3,1721.0
bulgaria,42.4,26.4,1715.0
bulgaria,42.4,26.5,2822.0
bulgaria,42.4,26.6,1544.0
bulgaria,42.4,26.7,798.0
bulgaria,42.4,26.8,618.0
bulgaria,42.4,26.9,239.0
bulgaria,42.4,27.0,556.0
bulgaria,42.4,27.1,817.0
bulgaria,42.4,27.2,941.0
bulgaria,42.4,27.3,3528.0
bulgaria,42.4,27.4,3791.0
bulgaria,42.4,27.5,8300.0
bulgaria,42.4,27.6,8882.0
bulgaria,42.5,22.6,97.0
bulgaria,42.5,22.7,53.0
bulgaria,42.5,22.8,1986.0
bulgaria,42.5,22.9,1511.0
bulgaria,42.5,23.0,810.0
bulgaria,42.5,23.1,1784.0
bulgaria,42.5,23.2,303.0
bulgaria,42.5,23.3,642.0
bulgaria,42.5,23.4,2153.0
bulgaria,42.5,23.5,1633.0
bulgaria,42.5,23.6,517.0
bulgaria,42.5,23.7,2338.0
bulgaria,42.5,23.8,44.0
bulgaria,42.5,23.9,67.0
bulgaria,42.5,24.0,750.0
bulgaria,42.5,24.1,1309.0
bulgaria,42.5,24.2,15923.0
bulgaria,42.5,24.3,3777.0
bulgaria,42.5,24.4,550.0
bulgaria,42.5,24.5,1561.0
bulgaria,42.5,24.6,949.0
bulgaria,42.5,24.7,6574.0
bulgaria,42.5,24.8,2010.0
bulgaria,42.5,24.9,702.0
bulgaria,42.5,25.0,276.0
bulgaria,42.5,25.1,181.0
bulgaria,42.5,25.2,119.0
bulgaria,42.5,25.3,192.0
bulgaria,42.5,25.4,929.0
bulgaria,42.5,25.5,2196.0
bulgaria,42.5,25.6,14412.0
bulgaria,42.5,25.7,1406.0
bulgaria,42.5,25.8,2888.0
bulgaria,42.5,25.9,2427.0
bulgaria,42.5,26.0,19734.0
bulgaria,42.5,26.1,656.0
bulgaria,42.5,26.2,2944.0
bulgaria,42.5,26.3,1399.0
bulgaria,42.5,26.4,3011.0
bulgaria,42.5,26.5,63821.0
bulgaria,42.5,26.6,1671.0
bulgaria,42.5,26.7,882.0
bulgaria,42.5,26.8,306.0
bulgaria,42.5,26.9,210.0
bulgaria,42.5,27.0,1563.0
bulgaria,42.5,27.1,265.0
bulgaria,42.5,27.2,2768.0
bulgaria,42.5,27.3,2199.0
bulgaria,42.5,27.4,163153.0
bulgaria,42.6,22.5,9.0
bulgaria,42.6,22.6,234.0
bulgaria,42.6,22.7,367.0
bulgaria,42.6,22.8,644.0
bulgaria,42.6,22.9,1052.0
bulgaria,42.6,23.0,51830.0
bulgaria,42.6,23.1,35765.0
bulgaria,42.6,23.2,7668.0
bulgaria,42.6,23.3,210108.0
bulgaria,42.6,23.4,84029.0
bulgaria,42.6,23.5,6893.0
bulgaria,42.6,23.6,6192.0
bulgaria,42.6,23.7,3001.0
bulgaria,42.6,23.8,482.0
bulgaria,42.6,23.9,19.0
bulgaria,42.6,24.0,677.0
bulgaria,42.6,24.1,11.0
bulgaria,42.6,24.2,225.0
bulgaria,42.6,24.3,1949.0
bulgaria,42.6,24.4,10.0
bulgaria,42.6,24.5,0.0
bulgaria,42.6,24.6,2020.0
bulgaria,42.6,24.7,1360.0
bulgaria,42.6,24.8,14791.0
bulgaria,42.6,24.9,6055.0
bulgaria,42.6,25.0,1568.0
bulgaria,42.6,25.1,4261.0
bulgaria,42.6,25.2,5304.0
bulgaria,42.6,25.3,4514.0
bulgaria,42.6,25.4,47454.0
bulgaria,42.6,25.5,798.0
bulgaria,42.6,25.6,4884.0
bulgaria,42.6,25.7,2142.0
bulgaria,42.6,25.8,4331.0
bulgaria,42.6,25.9,203.0
bulgaria,42.6,26.0,1471.0
bulgaria,42.6,26.1,3144.0
bulgaria,42.6,26.2,3711.0
bulgaria,42.6,26.3,7087.0
bulgaria,42.6,26.4,4665.0
bulgaria,42.6,26.5,6865.0
bulgaria,42.6,26.6,2440.0
bulgaria,42.6,26.7,5935.0
bulgaria,42.6,26.8,645.0
bulgaria,42.6,26.9,498.0
bulgaria,42.6,27.0,15063.0
bulgaria,42.6,27.1,971.0
bulgaria,42.6,27.2,1323.0
bulgaria,42.6,27.3,6420.0
bulgaria,42.6,27.4,5470.0
bulgaria,42.6,27.5,8712.0
bulgaria,42.6,27.6,14570.0
bulgaria,42.7,22.5,27.0
bulgaria,42.7,22.6,141.0
bulgaria,42.7,22.7,209.0
bulgaria,42.7,22.8,481.0
bulgaria,42.7,22.9,4849.0
bulgaria,42.7,23.0,2259.0
bulgaria,42.7,23.1,6111.0
bulgaria,42.7,23.2,182809.0
bulgaria,42.7,23.3,377398.0
bulgaria,42.7,23.4,300890.0
bulgaria,42.7,23.5,13159.0
bulgaria,42.7,23.6,13961.0
bulgaria,42.7,23.7,4131.0
bulgaria,42.7,23.8,1611.0
bulgaria,42.7,23.9,686.0
bulgaria,42.7,24.0,2714.0
bulgaria,42.7,24.1,4422.0
bulgaria,42.7,24.2,9669.0
bulgaria,42.7,24.3,839.0
bulgaria,42.7,24.4,4.0
bulgaria,42.7,24.5,5162.0
bulgaria,42.7,24.6,3559.0
bulgaria,42.7,24.7,2620.0
bulgaria,42.7,24.8,17217.0
bulgaria,42.7,24.9,1.0
bulgaria,42.7,25.0,0.0
bulgaria,42.7,25.1,1280.0
bulgaria,42.7,25.2,904.0
bulgaria,42.7,25.3,3645.0
bulgaria,42.7,25.4,6729.0
bulgaria,42.7,25.5,777.0
bulgaria,42.7,25.6,50.0
bulgaria,42.7,25.7,111.0
bulgaria,42.7,25.8,4200.0
bulgaria,42.7,25.9,4906.0
bulgaria,42.7,26.0,6179.0
bulgaria,42.7,26.1,1254.0
bulgaria,42.7,26.2,1979.0
bulgaria,42.7,26.3,76349.0
bulgaria,42.7,26.4,2396.0
bulgaria,42.7,26.5,1077.0
bulgaria,42.7,26.6,1544.0
bulgaria,42.7,26.7,1911.0
bulgaria,42.7,26.8,259.0
bulgaria,42.7,26.9,1053.0
bulgaria,42.7,27.0,1136.0
bulgaria,42.7,27.1,1290.0
bulgaria,42.7,27.2,11190.0
bulgaria,42.7,27.3,9306.0
bulgaria,42.7,27.4,2197.0
bulgaria,42.7,27.5,3251.0
bulgaria,42.7,27.6,6074.0
bulgaria,42.7,27.7,16855.0
bulgaria,42.8,22.6,2331.0
bulgaria,42.8,22.7,293.0
bulgaria,42.8,22.8,257.0
bulgaria,42.8,22.9,86.0
bulgaria,42.8,23.0,628.0
bulgaria,42.8,23.1,5156.0
bulgaria,42.8,23.2,19309.0
bulgaria,42.8,23.3,22348.0
bulgaria,42.8,23.4,13149.0
bulgaria,42.8,23.5,8486.0
bulgaria,42.8,23.6,24.0
bulgaria,42.8,23.7,354.0
bulgaria,42.8,23.8,211.0
bulgaria,42.8,23.9,582.0
bulgaria,42.8,24.0,9179.0
bulgaria,42.8,24.1,191.0
bulgaria,42.8,24.2,202.0
bulgaria,42.8,24.3,51.0
bulgaria,42.8,24.4,445.0
bulgaria,42.8,24.5,0.0
bulgaria,42.8,24.6,512.0
bulgaria,42.8,24.7,148.0
bulgaria,42.8,24.8,40.0
bulgaria,42.8,24.9,2442.0
bulgaria,42.8,25.0,89.0
bulgaria,42.8,25.1,48.0
bulgaria,42.8,25.2,20.0
bulgaria,42.8,25.3,2169.0
bulgaria,42.8,25.4,1723.0
bulgaria,42.8,25.5,1304.0
bulgaria,42.8,25.6,73.0
bulgaria,42.8,25.7,21.0
bulgaria,42.8,25.8,47.0
bulgaria,42.8,25.9,3.0
bulgaria,42.8,26.0,2.0
bulgaria,42.8,26.1,613.0
bulgaria,42.8,26.2,493.0
bulgaria,42.8,26.3,28.0
bulgaria,42.8,26.4,665.0
bulgaria,42.8,26.5,38.0
bulgaria,42.8,26.6,3213.0
bulgaria,42.8,26.7,1324.0
bulgaria,42.8,26.8,3853.0
bulgaria,42.8,26.9,1905.0
bulgaria,42.8,27.0,185.0
bulgaria,42.8,27.1,2142.0
bulgaria,42.8,27.2,3553.0
bulgaria,42.8,27.3,2771.0
bulgaria,42.8,27.4,4804.0
bulgaria,42.8,27.5,2280.0
bulgaria,42.8,27.6,4380.0
bulgaria,42.8,27.7,52.0
bulgaria,42.8,27.8,4850.0
bulgaria,42.9,22.8,608.0
bulgaria,42.9,22.9,3110.0
bulgaria,42.9,23.0,8191.0
bulgaria,42.9,23.1,1057.0
bulgaria,42.9,23.2,919.0
bulgaria,42.9,23.3,1114.0
bulgaria,42.9,23.4,2741.0
bulgaria,42.9,23.5,128.0
bulgaria,42.9,23.6,35.0
bulgaria,42.9,23.7,984.0
bulgaria,42.9,23.8,26473.0
bulgaria,42.9,23.9,3911.0
bulgaria,42.9,24.0,929.0
bulgaria,42.9,24.1,1256.0
bulgaria,42.9,24.2,1309.0
bulgaria,42.9,24.3,7328.0
bulgaria,42.9,24.4,536.0
bulgaria,42.9,24.5,38.0
bulgaria,42.9,24.6,1398.0
bulgaria,42.9,24.7,18478.0
bulgaria,42.9,24.8,3409.0
bulgaria,42.9,24.9,178.0
bulgaria,42.9,25.0,1350.0
bulgaria,42.9,25.1,2589.0
bulgaria,42.9,25.2,1791.0
bulgaria,42.9,25.3,44695.0
bulgaria,42.9,25.4,1136.0
bulgaria,42.9,25.5,7683.0
bulgaria,42.9,25.6,232.0
bulgaria,42.9,25.7,151.0
bulgaria,42.9,25.8,1954.0
bulgaria,42.9,25.9,2295.0
bulgaria,42.9,26.0,1319.0
bulgaria,42.9,26.1,689.0
bulgaria,42.9,26.2,1798.0
bulgaria,42.9,26.3,320.0
bulgaria,42.9,26.4,0.0
bulgaria,42.9,26.5,4864.0
bulgaria,42.9,26.6,20.0
bulgaria,42.9,26.7,333.0
bulgaria,42.9,26.8,341.0
bulgaria,42.9,26.9,0.0
bulgaria,42.9,27.0,988.0
bulgaria,42.9,27.1,2049.0
bulgaria,42.9,27.2,5790.0
bulgaria,42.9,27.3,3773.0
bulgaria,42.9,27.4,6.0
bulgaria,42.9,27.5,999.0
bulgaria,42.9,27.6,121.0
bulgaria,42.9,27.7,589.0
bulgaria,42.9,27.8,2144.0
bulgaria,43.0,22.9,61.0
bulgaria,43.0,23.0,336.0
bulgaria,43.0,23.1,4347.0
bulgaria,43.0,23.2,1537.0
bulgaria,43.0,23.3,1638.0
bulgaria,43.0,23.4,9683.0
bulgaria,43.0,23.5,240.0
bulgaria,43.0,23.6,379.0
bulgaria,43.0,23.7,3505.0
bulgaria,43.0,23.8,152.0
bulgaria,43.0,23.9,231.0
bulgaria,43.0,24.0,1435.0
bulgaria,43.0,24.1,3019.0
bulgaria,43.0,24.2,2631.0
bulgaria,43.0,24.3,4716.0
bulgaria,43.0,24.4,1728.0
bulgaria,43.0,24.5,893.0
bulgaria,43.0,24.6,568.0
bulgaria,43.0,24.7,845.0
bulgaria,43.0,24.8,720.0
bulgaria,43.0,24.9,1491.0
bulgaria,43.0,25.0,3595.0
bulgaria,43.0,25.1,18198.0
bulgaria,43.0,25.2,1355.0
bulgaria,43.0,25.3,353.0
bulgaria,43.0,25.4,554.0
bulgaria,43.0,25.5,6190.0
bulgaria,43.0,25.6,15488.0
bulgaria,43.0,25.7,1457.0
bulgaria,43.0,25.8,419.0
bulgaria,43.0,25.9,2920.0
bulgaria,43.0,26.0,297.0
bulgaria,43.0,26.1,209.0
bulgaria,43.0,26.2,613.0
bulgaria,43.0,26.3,174.0
bulgaria,43.0,26.4,1384.0
bulgaria,43.0,26.5,2302.0
bulgaria,43.0,26.6,5809.0
bulgaria,43.0,26.7,4015.0
bulgaria,43.0,26.8,784.0
bulgaria,43.0,26.9,511.0
bulgaria,43.0,27.0,3281.0
bulgaria,43.0,27.1,2529.0
bulgaria,43.0,27.2,1804.0
bulgaria,43.0,27.3,6916.0
bulgaria,43.0,27.4,2058.0
bulgaria,43.0,27.5,88.0
bulgaria,43.0,27.6,5320.0
bulgaria,43.0,27.7,6492.0
bulgaria,43.0,27.8,3332.0
bulgaria,43.1,23.1,199.0
bulgaria,43.1,23.2,8.0
bulgaria,43.1,23.3,402.0
bulgaria,43.1,23.4,1576.0
bulgaria,43.1,23.5,581.0
bulgaria,43.1,23.6,3508.0
bulgaria,43.1,23.7,10755.0
bulgaria,43.1,23.8,1147.0
bulgaria,43.1,23.9,300.0
bulgaria,43.1,24.0,1006.0
bulgaria,43.1,24.1,2439.0
bulgaria,43.1,24.2,1285.0
bulgaria,43.1,24.3,2092.0
bulgaria,43.1,24.4,2161.0
bulgaria,43.1,24.5,63.0
bulgaria,43.1,24.6,1028.0
bulgaria,43.1,24.7,27636.0
bulgaria,43.1,24.8,574.0
bulgaria,43.1,24.9,782.0
bulgaria,43.1,25.0,526.0
bulgaria,43.1,25.1,865.0
bulgaria,43.1,25.2,264.0
bulgaria,43.1,25.3,1014.0
bulgaria,43.1,25.4,1169.0
bulgaria,43.1,25.5,403.0
bulgaria,43.1,25.6,61107.0
bulgaria,43.1,25.7,28025.0
bulgaria,43.1,25.8,2956.0
bulgaria,43.1,25.9,1842.0
bulgaria,43.1,26.0,838.0
bulgaria,43.1,26.1,157.0
bulgaria,43.1,26.2,1232.0
bulgaria,43.1,26.3,2345.0
bulgaria,43.1,26.4,7614.0
bulgaria,43.1,26.5,2376.0
bulgaria,43.1,26.6,1986.0
bulgaria,43.1,26.7,1827.0
bulgaria,43.1,26.8,951.0
bulgaria,43.1,26.9,76.0
bulgaria,43.1,27.0,2911.0
bulgaria,43.1,27.1,788.0
bulgaria,43.1,27.2,1247.0
bulgaria,43.1,27.3,2332.0
bulgaria,43.1,27.4,1060.0
bulgaria,43.1,27.5,3047.0
bulgaria,43.1,27.6,2107.0
bulgaria,43.1,27.7,1450.0
bulgaria,43.1,27.8,4018.0
bulgaria,43.1,27.9,2233.0
bulgaria,43.2,23.0,0.0
bulgaria,43.2,23.1,6624.0
bulgaria,43.2,23.2,4406.0
bulgaria,43.2,23.3,5796.0
bulgaria,43.2,23.4,751.0
bulgaria,43.2,23.5,47264.0
bulgaria,43.2,23.6,5612.0
bulgaria,43.2,23.7,1664.0
bulgaria,43.2,23.8,632.0
bulgaria,43.2,23.9,3196.0
bulgaria,43.2,24.0,1378.0
bulgaria,43.2,24.1,779.0
bulgaria,43.2,24.2,9045.0
bulgaria,43.2,24.3,2614.0
bulgaria,43.2,24.4,1255.0
bulgaria,43.2,24.5,437.0
bulgaria,43.2,24.6,734.0
bulgaria,43.2,24.7,3757.0
bulgaria,43.2,24.8,1007.0
bulgaria,43.2,24.9,1515.0
bulgaria,43.2,25.0,693.0
bulgaria,43.2,25.1,194.0
bulgaria,43.2,25.2,2979.0
bulgaria,43.2,25.3,10930.0
bulgaria,43.2,25.4,1090.0
bulgaria,43.2,25.5,3189.0
bulgaria,43.2,25.6,2064.0
bulgaria,43.2,25.7,6595.0
bulgaria,43.2,25.8,922.0
bulgaria,43.2,25.9,3225.0
bulgaria,43.2,26.0,3890.0
bulgaria,43.2,26.1,320.0
bulgaria,43.2,26.2,841.0
bulgaria,43.2,26.3,1126.0
bulgaria,43.2,26.4,958.0
bulgaria,43.2,26.5,1153.0
bulgaria,43.2,26.6,3371.0
bulgaria,43.2,26.7,3601.0
bulgaria,43.2,26.8,6243.0
bulgaria,43.2,26.9,19256.0
bulgaria,43.2,27.0,1940.0
bulgaria,43.2,27.1,981.0
bulgaria,43.2,27.2,1334.0
bulgaria,43.2,27.3,319.0
bulgaria,43.2,27.4,11441.0
bulgaria,43.2,27.5,741.0
bulgaria,43.2,27.6,7210.0
bulgaria,43.2,27.7,6985.0
bulgaria,43.2,27.8,27943.0
bulgaria,43.2,27.9,262071.0
bulgaria,43.3,22.9,713.0
bulgaria,43.3,23.0,217.0
bulgaria,43.3,23.1,1685.0
bulgaria,43.3,23.2,2522.0
bulgaria,43.3,23.3,317.0
bulgaria,43.3,23.4,2446.0
bulgaria,43.3,23.5,2744.0
bulgaria,43.3,23.6,649.0
bulgaria,43.3,23.7,2000.0
bulgaria,43.3,23.8,695.0
bulgaria,43.3,23.9,1257.0
bulgaria,43.3,24.0,1070.0
bulgaria,43.3,24.1,13719.0
bulgaria,43.3,24.2,1928.0
bulgaria,43.3,24.3,1054.0
bulgaria,43.3,24.4,2530.0
bulgaria,43.3,24.5,1066.0
bulgaria,43.3,24.6,1381.0
bulgaria,43.3,24.7,1607.0
bulgaria,43.3,24.8,757.0
bulgaria,43.3,24.9,2432.0
bulgaria,43.3,25.0,481.0
bulgaria,43.3,25.1,11393.0
bulgaria,43.3,25.2,1199.0
bulgaria,43.3,25.3,1125.0
bulgaria,43.3,25.4,1556.0
bulgaria,43.3,25.5,805.0
bulgaria,43.3,25.6,3088.0
bulgaria,43.3,25.7,111.0
bulgaria,43.3,25.8,881.0
bulgaria,43.3,25.9,700.0
bulgaria,43.3,26.0,2254.0
bulgaria,43.3,26.1,652.0
bulgaria,43.3,26.2,1293.0
bulgaria,43.3,26.3,1958.0
bulgaria,43.3,26.4,1200.0
bulgaria,43.3,26.5,2616.0
bulgaria,43.3,26.6,33071.0
bulgaria,43.3,26.7,1268.0
bulgaria,43.3,26.8,1674.0
bulgaria,43.3,26.9,22461.0
bulgaria,43.3,27.0,30995.0
bulgaria,43.3,27.1,4593.0
bulgaria,43.3,27.2,11421.0
bulgaria,43.3,27.3,885.0
bulgaria,43.3,27.4,1254.0
bulgaria,43.3,27.5,866.0
bulgaria,43.3,27.6,5171.0
bulgaria,43.3,27.7,2332.0
bulgaria,43.3,27.8,20141.0
bulgaria,43.3,27.9,4194.0
bulgaria,43.3,28.0,20308.0
bulgaria,43.4,22.8,187.0
bulgaria,43.4,22.9,1808.0
bulgaria,43.4,23.0,955.0
bulgaria,43.4,23.1,1116.0
bulgaria,43.4,23.2,37343.0
bulgaria,43.4,23.3,2610.0
bulgaria,43.4,23.4,2597.0
bulgaria,43.4,23.5,1841.0
bulgaria,43.4,23.6,1435.0
bulgaria,43.4,23.7,790.0
bulgaria,43.4,23.8,2639.0
bulgaria,43.4,23.9,653.0
bulgaria,43.4,24.0,2081.0
bulgaria,43.4,24.1,4308.0
bulgaria,43.4,24.2,2314.0
bulgaria,43.4,24.3,2275.0
bulgaria,43.4,24.4,1832.0
bulgaria,43.4,24.5,8785.0
bulgaria,43.4,24.6,60843.0
bulgaria,43.4,24.7,37813.0
bulgaria,43.4,24.8,2415.0
bulgaria,43.4,24.9,411.0
bulgaria,43.4,25.0,1046.0
bulgaria,43.4,25.1,2047.0
bulgaria,43.4,25.2,2066.0
bulgaria,43.4,25.3,2863.0
bulgaria,43.4,25.4,350.0
bulgaria,43.4,25.5,1019.0
bulgaria,43.4,25.6,5295.0
bulgaria,43.4,25.7,6112.0
bulgaria,43.4,25.8,880.0
bulgaria,43.4,25.9,656.0
bulgaria,43.4,26.0,1524.0
bulgaria,43.4,26.1,498.0
bulgaria,43.4,26.2,13391.0
bulgaria,43.4,26.3,1231.0
bulgaria,43.4,26.4,1527.0
bulgaria,43.4,26.5,2591.0
bulgaria,43.4,26.6,3039.0
bulgaria,43.4,26.7,1358.0
bulgaria,43.4,26.8,1338.0
bulgaria,43.4,26.9,2488.0
bulgaria,43.4,27.0,705.0
bulgaria,43.4,27.1,1927.0
bulgaria,43.4,27.2,2229.0
bulgaria,43.4,27.3,244.0
bulgaria,43.4,27.4,3022.0
bulgaria,43.4,27.5,113.0
bulgaria,43.4,27.6,3650.0
bulgaria,43.4,27.7,520.0
bulgaria,43.4,27.8,1262.0
bulgaria,43.4,27.9,1123.0
bulgaria,43.4,28.0,1990.0
bulgaria,43.4,28.1,10637.0
bulgaria,43.5,22.6,0.0
bulgaria,43.5,22.7,1363.0
bulgaria,43.5,22.8,560.0
bulgaria,43.5,22.9,46.0
bulgaria,43.5,23.0,1129.0
bulgaria,43.5,23.1,513.0
bulgaria,43.5,23.2,2066.0
bulgaria,43.5,23.3,2366.0
bulgaria,43.5,23.4,3061.0
bulgaria,43.5,23.5,1377.0
bulgaria,43.5,23.6,2007.0
bulgaria,43.5,23.7,2909.0
bulgaria,43.5,23.8,1704.0
bulgaria,43.5,23.9,9498.0
bulgaria,43.5,24.0,6698.0
bulgaria,43.5,24.1,6537.0
bulgaria,43.5,24.2,2688.0
bulgaria,43.5,24.3,1819.0
bulgaria,43.5,24.4,770.0
bulgaria,43.5,24.5,6653.0
bulgaria,43.5,24.6,2434.0
bulgaria,43.5,24.7,1160.0
bulgaria,43.5,24.8,1742.0
bulgaria,43.5,24.9,2869.0
bulgaria,43.5,25.0,2265.0
bulgaria,43.5,25.1,502.0
bulgaria,43.5,25.2,1327.0
bulgaria,43.5,25.3,984.0
bulgaria,43.5,25.4,1904.0
bulgaria,43.5,25.5,0.0
bulgaria,43.5,25.6,2444.0
bulgaria,43.5,25.7,3193.0
bulgaria,43.5,25.8,1918.0
bulgaria,43.5,25.9,1704.0
bulgaria,43.5,26.0,621.0
bulgaria,43.5,26.1,2851.0
bulgaria,43.5,26.2,3470.0
bulgaria,43.5,26.3,1219.0
bulgaria,43.5,26.4,752.0
bulgaria,43.5,26.5,30407.0
bulgaria,43.5,26.6,2331.0
bulgaria,43.5,26.7,1615.0
bulgaria,43.5,26.8,4371.0
bulgaria,43.5,26.9,2343.0
bulgaria,43.5,27.0,1116.0
bulgaria,43.5,27.1,1557.0
bulgaria,43.5,27.2,993.0
bulgaria,43.5,27.3,1533.0
bulgaria,43.5,27.4,730.0
bulgaria,43.5,27.5,1477.0
bulgaria,43.5,27.6,515.0
bulgaria,43.5,27.7,791.0
bulgaria,43.5,27.8,2146.0
bulgaria,43.5,27.9,21358.0
bulgaria,43.5,28.0,778.0
bulgaria,43.5,28.1,1291.0
bulgaria,43.5,28.2,512.0
bulgaria,43.5,28.3,10949.0
bulgaria,43.5,28.4,1405.0
bulgaria,43.5,28.5,2300.0
bulgaria,43.6,22.6,111.0
bulgaria,43.6,22.7,4264.0
bulgaria,43.6,22.8,849.0
bulgaria,43.6,22.9,991.0
bulgaria,43.6,23.0,703.0
bulgaria,43.6,23.1,902.0
bulgaria,43.6,23.2,1349.0
bulgaria,43.6,23.3,1875.0
bulgaria,43.6,23.4,1579.0
bulgaria,43.6,23.5,873.0
bulgaria,43.6,23.6,2424.0
bulgaria,43.6,23.7,996.0
bulgaria,43.6,23.8,4611.0
bulgaria,43.6,23.9,2039.0
bulgaria,43.6,24.0,421.0
bulgaria,43.6,24.1,160.0
bulgaria,43.6,24.2,45.0
bulgaria,43.6,24.3,2178.0
bulgaria,43.6,24.4,1876.0
bulgaria,43.6,24.5,421.0
bulgaria,43.6,24.6,1410.0
bulgaria,43.6,24.7,4185.0
bulgaria,43.6,24.8,1163.0
bulgaria,43.6,24.9,1596.0
bulgaria,43.6,25.0,766.0
bulgaria,43.6,25.1,2337.0
bulgaria,43.6,25.2,1922.0
bulgaria,43.6,25.3,948.0
bulgaria,43.6,25.5,645.0
bulgaria,43.6,25.6,1350.0
bulgaria,43.6,25.7,503.0
bulgaria,43.6,25.8,2772.0
bulgaria,43.6,25.9,3202.0
bulgaria,43.6,26.0,312.0
bulgaria,43.6,26.1,591.0
bulgaria,43.6,26.2,3057.0
bulgaria,43.6,26.3,1193.0
bulgaria,43.6,26.4,1376.0
bulgaria,43.6,26.5,4110.0
bulgaria,43.6,26.6,2685.0
bulgaria,43.6,26.7,3615.0
bulgaria,43.6,26.8,983.0
bulgaria,43.6,26.9,2560.0
bulgaria,43.6,27.0,4245.0
bulgaria,43.6,27.1,2180.0
bulgaria,43.6,27.2,4270.0
bulgaria,43.6,27.3,1753.0
bulgaria,43.6,27.4,1254.0
bulgaria,43.6,27.5,764.0
bulgaria,43.6,27.6,949.0
bulgaria,43.6,27.7,401.0
bulgaria,43.6,27.8,36902.0
bulgaria,43.6,27.9,20072.0
bulgaria,43.6,28.0,94.0
bulgaria,43.6,28.1,979.0
bulgaria,43.6,28.2,355.0
bulgaria,43.6,28.3,331.0
bulgaria,43.6,28.4,322.0
bulgaria,43.6,28.5,1369.0
bulgaria,43.7,22.5,125.0
bulgaria,43.7,22.6,348.0
bulgaria,43.7,22.7,1077.0
bulgaria,43.7,22.8,1118.0
bulgaria,43.7,22.9,657.0
bulgaria,43.7,23.0,1649.0
bulgaria,43.7,23.1,2311.0
bulgaria,43.7,23.2,2587.0
bulgaria,43.7,23.3,856.0
bulgaria,43.7,23.4,415.0
bulgaria,43.7,23.5,2982.0
bulgaria,43.7,23.6,0.0
bulgaria,43.7,23.7,0.0
bulgaria,43.7,23.8,7413.0
bulgaria,43.7,23.9,0.0
bulgaria,43.7,24.0,1377.0
bulgaria,43.7,24.5,715.0
bulgaria,43.7,24.6,1512.0
bulgaria,43.7,24.8,88.0
bulgaria,43.7,24.9,574.0
bulgaria,43.7,25.8,0.0
bulgaria,43.7,25.9,764.0
bulgaria,43.7,26.0,1014.0
bulgaria,43.7,26.1,3174.0
bulgaria,43.7,26.2,1747.0
bulgaria,43.7,26.3,2400.0
bulgaria,43.7,26.4,4445.0
bulgaria,43.7,26.5,637.0
bulgaria,43.7,26.6,1685.0
bulgaria,43.7,26.7,850.0
bulgaria,43.7,26.8,8934.0
bulgaria,43.7,26.9,4439.0
bulgaria,43.7,27.0,2879.0
bulgaria,43.7,27.1,3631.0
bulgaria,43.7,27.2,495.0
bulgaria,43.7,27.3,1019.0
bulgaria,43.7,27.4,894.0
bulgaria,43.7,27.5,1423.0
bulgaria,43.7,27.6,485.0
bulgaria,43.7,27.7,614.0
bulgaria,43.7,27.8,1499.0
bulgaria,43.7,27.9,497.0
bulgaria,43.7,28.0,6578.0
bulgaria,43.7,28.1,889.0
bulgaria,43.7,28.2,353.0
bulgaria,43.7,28.3,684.0
bulgaria,43.7,28.4,23.0
bulgaria,43.7,28.5,217.0
bulgaria,43.8,22.5,792.0
bulgaria,43.8,22.6,302.0
bulgaria,43.8,22.7,1404.0
bulgaria,43.8,22.8,236.0
bulgaria,43.8,23.2,1288.0
bulgaria,43.8,23.3,0.0
bulgaria,43.8,23.4,746.0
bulgaria,43.8,23.5,1237.0
bulgaria,43.8,26.0,2490.0
bulgaria,43.8,26.1,4246.0
bulgaria,43.8,26.2,1636.0
bulgaria,43.8,26.3,3512.0
bulgaria,43.8,26.4,1538.0
bulgaria,43.8,26.5,6670.0
bulgaria,43.8,26.6,4614.0
bulgaria,43.8,26.7,1472.0
bulgaria,43.8,26.8,1810.0
bulgaria,43.8,26.9,2261.0
bulgaria,43.8,27.0,4123.0
bulgaria,43.8,27.1,8604.0
bulgaria,43.8,27.2,3402.0
bulgaria,43.8,27.3,57.0
bulgaria,43.8,27.4,6018.0
bulgaria,43.8,27.5,960.0
bulgaria,43.8,27.6,1033.0
bulgaria,43.8,27.7,1354.0
bulgaria,43.8,27.8,862.0
bulgaria,43.8,27.9,434.0
bulgaria,43.8,28.0,136.0
bulgaria,43.9,22.5,2470.0
bulgaria,43.9,22.6,99.0
bulgaria,43.9,22.7,175.0
bulgaria,43.9,22.8,950.0
bulgaria,43.9,26.1,1225.0
bulgaria,43.9,26.2,2354.0
bulgaria,43.9,26.3,2359.0
bulgaria,43.9,26.4,1615.0
bulgaria,43.9,26.5,1231.0
bulgaria,43.9,26.6,2895.0
bulgaria,43.9,26.7,702.0
bulgaria,43.9,26.8,1839.0
bulgaria,43.9,26.9,1964.0
bulgaria,43.9,27.0,1709.0
bulgaria,43.9,27.1,3686.0
bulgaria,43.9,27.2,674.0
bulgaria,43.9,27.3,904.0
bulgaria,43.9,27.4,503.0
bulgaria,43.9,27.5,1447.0
bulgaria,43.9,27.6,22.0
bulgaria,43.9,27.7,359.0
bulgaria,43.9,27.8,104.0
bulgaria,43.9,27.9,0.0
bulgaria,44.0,22.5,351.0
bulgaria,44.0,22.6,618.0
bulgaria,44.0,22.7,1416.0
bulgaria,44.0,22.8,2687.0
bulgaria,44.0,26.3,301.0
bulgaria,44.0,26.4,1201.0
bulgaria,44.0,26.5,1346.0
bulgaria,44.0,26.6,22.0
bulgaria,44.0,26.7,366.0
bulgaria,44.0,26.8,1917.0
bulgaria,44.0,26.9,1308.0
bulgaria,44.0,27.0,3671.0
bulgaria,44.0,27.1,662.0
bulgaria,44.0,27.2,2003.0
bulgaria,44.0,27.3,703.0
bulgaria,44.0,27.5,1021.0
bulgaria,44.0,27.6,1162.0
bulgaria,44.1,22.7,730.0
bulgaria,44.1,22.8,721.0
bulgaria,44.1,22.9,533.0
bulgaria,44.1,26.9,148.0
bulgaria,44.1,27.0,95.0
bulgaria,44.1,27.1,1330.0
bulgaria,44.1,27.2,1682.0
